Ano;Mês;Distrito;Concelho;Freguesia;Tipo de Lâmpada;Luminárias;Lâmpadas por Luminária;Lâmpadas;Potência Instalada Total (W);CodDistrito;CodDistritoConcelho;coddistritoconcelhofreguesia
2026;5;Aveiro;Águeda;Aguada de Cima;Mercúrio;5.0;5.0;5.0;340.0;01;0101;010103
2026;5;Aveiro;Águeda;Aguada de Cima;Sódio;137.0;137.0;137.0;10310.0;01;0101;010103
2026;5;Aveiro;Águeda;Fermentelos;LED;857.0;834.0;857.0;32457.900276184082;01;0101;010109
2026;5;Aveiro;Águeda;Macinhata do Vouga;Sódio;56.0;56.0;56.0;4680.0;01;0101;010112
2026;5;Aveiro;Águeda;Valongo do Vouga;LED;296.0;296.0;296.0;10736.000091552734;01;0101;010119
2026;5;Aveiro;Águeda;Valongo do Vouga;Sódio;12.0;12.0;12.0;840.0;01;0101;010119
2026;5;Aveiro;Águeda;Águeda e Borralha;Fluorescente;14.0;14.0;14.0;700.0;01;0101;010121
2026;5;Aveiro;Águeda;Águeda e Borralha;LED;4303.0;4128.0;4331.0;166785.10000610352;01;0101;010121
2026;5;Aveiro;Águeda;Belazaima do Chão, Castanheira do Vouga e Agadão;Mercúrio;16.0;16.0;16.0;1670.0;01;0101;010123
2026;5;Aveiro;Águeda;Belazaima do Chão, Castanheira do Vouga e Agadão;Sódio;250.0;250.0;250.0;17830.0;01;0101;010123
2026;5;Aveiro;Águeda;Recardães e Espinhel;LED;2345.0;2315.0;2345.0;86194.00003433228;01;0101;010124
2026;5;Aveiro;Águeda;Recardães e Espinhel;Mercúrio;24.0;24.0;24.0;1500.0;01;0101;010124
2026;5;Aveiro;Águeda;Recardães e Espinhel;Outros/Não definido;73.0;72.0;73.0;1460.0;01;0101;010124
2026;5;Aveiro;Águeda;Trofa, Segadães e Lamas do Vouga;Iodeto Metálico;6.0;6.0;6.0;2400.0;01;0101;010126
2026;5;Aveiro;Águeda;Préstimo e Macieira de Alcoba;LED;920.0;920.0;920.0;32244.800003051758;01;0101;010127
2026;5;Aveiro;Águeda;Préstimo e Macieira de Alcoba;Sódio;262.0;262.0;262.0;18440.0;01;0101;010127
2026;5;Aveiro;Albergaria-a-Velha;Alquerubim;Outros/Não definido;76.0;77.0;77.0;;01;0102;010202
2026;5;Aveiro;Albergaria-a-Velha;Alquerubim;Sódio;1.0;1.0;1.0;70.0;01;0102;010202
2026;5;Aveiro;Albergaria-a-Velha;Angeja;Outros/Não definido;43.0;43.0;43.0;360.0;01;0102;010203
2026;5;Aveiro;Albergaria-a-Velha;Angeja;Sódio;14.0;14.0;14.0;1010.0;01;0102;010203
2026;5;Aveiro;Albergaria-a-Velha;Branca;LED;2270.0;2259.0;2270.0;91887.6000366211;01;0102;010204
2026;5;Aveiro;Albergaria-a-Velha;Branca;Mercúrio;9.0;9.0;9.0;450.0;01;0102;010204
2026;5;Aveiro;Albergaria-a-Velha;Ribeira de Fráguas;Mercúrio;1.0;1.0;1.0;50.0;01;0102;010206
2026;5;Aveiro;Albergaria-a-Velha;Ribeira de Fráguas;Outros/Não definido;15.0;15.0;15.0;;01;0102;010206
2026;5;Aveiro;Albergaria-a-Velha;Albergaria-a-Velha e Valmaior;Outros/Não definido;349.0;347.0;360.0;2757.2000007629395;01;0102;010209
2026;5;Aveiro;Anadia;Avelãs de Cima;Mercúrio;3.0;3.0;3.0;150.0;01;0103;010305
2026;5;Aveiro;Anadia;São Lourenço do Bairro;Mercúrio;32.0;32.0;32.0;1600.0;01;0103;010310
2026;5;Aveiro;Anadia;Arcos e Mogofores;Iodeto Metálico;57.0;33.0;57.0;4950.0;01;0103;010317
2026;5;Aveiro;Anadia;Tamengos, Aguim e Óis do Bairro;Fluorescente;6.0;6.0;6.0;300.0;01;0103;010318
2026;5;Aveiro;Anadia;Tamengos, Aguim e Óis do Bairro;Iodeto Metálico;5.0;5.0;5.0;750.0;01;0103;010318
2026;5;Aveiro;Anadia;Tamengos, Aguim e Óis do Bairro;Outros/Não definido;33.0;33.0;33.0;2100.0;01;0103;010318
2026;5;Aveiro;Anadia;Tamengos, Aguim e Óis do Bairro;Sódio;102.0;100.0;102.0;7510.0;01;0103;010318
2026;5;Aveiro;Arouca;Alvarenga;LED;824.0;818.0;824.0;32005.800022125244;01;0104;010402
2026;5;Aveiro;Arouca;Alvarenga;Mercúrio;5.0;5.0;5.0;400.0;01;0104;010402
2026;5;Aveiro;Arouca;Alvarenga;Outros/Não definido;40.0;37.0;40.0;600.0;01;0104;010402
2026;5;Aveiro;Arouca;Alvarenga;Sódio;178.0;178.0;178.0;13570.0;01;0104;010402
2026;5;Aveiro;Arouca;Arouca e Burgo;Iodeto Metálico;47.0;41.0;47.0;2050.0;01;0104;010421
2026;5;Aveiro;Arouca;Arouca e Burgo;Outros/Não definido;218.0;210.0;218.0;3095.0;01;0104;010421
2026;5;Aveiro;Aveiro;Esgueira;Mercúrio;9.0;9.0;9.0;860.0;01;0105;010505
2026;5;Aveiro;Aveiro;Esgueira;Outros/Não definido;291.0;231.0;301.0;1206.0;01;0105;010505
2026;5;Aveiro;Aveiro;Esgueira;Sódio;221.0;160.0;221.0;23300.0;01;0105;010505
2026;5;Aveiro;Aveiro;Requeixo, Nossa Senhora de Fátima e Nariz;Mercúrio;7.0;7.0;7.0;350.0;01;0105;010516
2026;5;Aveiro;Aveiro;Glória e Vera Cruz;Outros/Não definido;581.0;577.0;581.0;854.2000007629395;01;0105;010517
2026;5;Aveiro;Espinho;Paramos;LED;1044.0;1042.0;1044.0;51803.000061035156;01;0107;010704
2026;5;Aveiro;Espinho;Paramos;Sódio;62.0;62.0;62.0;8500.0;01;0107;010704
2026;5;Aveiro;Espinho;Silvalde;Outros/Não definido;65.0;65.0;65.0;;01;0107;010705
2026;5;Aveiro;Estarreja;Avanca;Outros/Não definido;54.0;54.0;54.0;90.0;01;0108;010801
2026;5;Aveiro;Estarreja;Beduído e Veiros;Outros/Não definido;94.0;94.0;94.0;;01;0108;010808
2026;5;Aveiro;Santa Maria da Feira;Argoncilhe;LED;1503.0;1495.0;1503.0;57746.60000228882;01;0109;010901
2026;5;Aveiro;Santa Maria da Feira;Arrifana;LED;1364.0;1322.0;1364.0;55348.0;01;0109;010902
2026;5;Aveiro;Santa Maria da Feira;Arrifana;Sódio;219.0;211.0;219.0;18970.0;01;0109;010902
2026;5;Aveiro;Santa Maria da Feira;Fornos;Outros/Não definido;137.0;135.0;137.0;70.0;01;0109;010908
2026;5;Aveiro;Santa Maria da Feira;Lourosa;Fluorescente;2.0;2.0;2.0;100.0;01;0109;010913
2026;5;Aveiro;Santa Maria da Feira;Milheirós de Poiares;LED;919.0;878.0;919.0;35830.20000076294;01;0109;010914
2026;5;Aveiro;Santa Maria da Feira;Milheirós de Poiares;Outros/Não definido;146.0;144.0;146.0;;01;0109;010914
2026;5;Aveiro;Santa Maria da Feira;Milheirós de Poiares;Sódio;219.0;211.0;219.0;15850.0;01;0109;010914
2026;5;Aveiro;Santa Maria da Feira;Mozelos;Fluorescente;8.0;8.0;8.0;400.0;01;0109;010916
2026;5;Aveiro;Santa Maria da Feira;Mozelos;LED;1053.0;1028.0;1053.0;41240.50002670288;01;0109;010916
2026;5;Aveiro;Santa Maria da Feira;São Paio de Oleiros;Mercúrio;10.0;10.0;10.0;800.0;01;0109;010918
2026;5;Aveiro;Santa Maria da Feira;São Paio de Oleiros;Outros/Não definido;54.0;54.0;54.0;;01;0109;010918
2026;5;Aveiro;Santa Maria da Feira;Paços de Brandão;Iodeto Metálico;4.0;4.0;4.0;900.0;01;0109;010919
2026;5;Aveiro;Santa Maria da Feira;Rio Meão;Sódio;234.0;227.0;234.0;18190.0;01;0109;010921
2026;5;Aveiro;Santa Maria da Feira;Santa Maria de Lamas;Outros/Não definido;48.0;48.0;48.0;200.0;01;0109;010925
2026;5;Aveiro;Santa Maria da Feira;São João de Ver;LED;2803.0;2751.0;2803.0;105589.60005950928;01;0109;010926
2026;5;Aveiro;Santa Maria da Feira;São João de Ver;Outros/Não definido;71.0;71.0;71.0;4770.0;01;0109;010926
2026;5;Aveiro;Santa Maria da Feira;Caldas de São Jorge e de Pigeiros;LED;1553.0;1527.0;1553.0;60421.80001831055;01;0109;010932
2026;5;Aveiro;Santa Maria da Feira;Canedo, Vale e Vila Maior;LED;3791.0;3748.0;3791.0;141864.10011291504;01;0109;010933
2026;5;Aveiro;Santa Maria da Feira;Canedo, Vale e Vila Maior;Outros/Não definido;155.0;153.0;155.0;600.0;01;0109;010933
2026;5;Aveiro;Santa Maria da Feira;Canedo, Vale e Vila Maior;Sódio;512.0;503.0;512.0;42050.0;01;0109;010933
2026;5;Aveiro;Santa Maria da Feira;São Miguel de Souto e Mosteirô;Sódio;490.0;483.0;490.0;34410.0;01;0109;010936
2026;5;Aveiro;Ílhavo;Gafanha da Encarnação;Fluorescente;2.0;2.0;2.0;100.0;01;0110;011005
2026;5;Aveiro;Ílhavo;Gafanha da Encarnação;Outros/Não definido;318.0;317.0;318.0;610.0;01;0110;011005
2026;5;Aveiro;Ílhavo;Gafanha da Encarnação;Sódio;52.0;52.0;52.0;4590.0;01;0110;011005
2026;5;Aveiro;Ílhavo;Gafanha do Carmo;LED;519.0;519.0;519.0;12513.799987792969;01;0110;011007
2026;5;Aveiro;Ílhavo;Ílhavo (São Salvador);Sódio;487.0;468.0;487.0;61370.0;01;0110;011008
2026;5;Aveiro;Murtosa;Bunheiro;Iodeto Metálico;25.0;25.0;25.0;1250.0;01;0112;011201
2026;5;Aveiro;Murtosa;Bunheiro;LED;1374.0;1368.0;1374.0;58889.80009460449;01;0112;011201
2026;5;Aveiro;Oliveira de Azeméis;Carregosa;Mercúrio;4.0;4.0;4.0;320.0;01;0113;011301
2026;5;Aveiro;Oliveira de Azeméis;Cesar;LED;966.0;930.0;966.0;46795.00003814697;01;0113;011302
2026;5;Aveiro;Oliveira de Azeméis;Cesar;Outros/Não definido;23.0;23.0;23.0;;01;0113;011302
2026;5;Aveiro;Oliveira de Azeméis;Cesar;Sódio;105.0;88.0;105.0;8670.0;01;0113;011302
2026;5;Aveiro;Oliveira de Azeméis;Fajões;Mercúrio;2.0;2.0;2.0;125.0;01;0113;011303
2026;5;Aveiro;Oliveira de Azeméis;São Roque;Outros/Não definido;67.0;67.0;67.0;;01;0113;011318
2026;5;Aveiro;Oliveira de Azeméis;Vila de Cucujães;Mercúrio;58.0;58.0;58.0;4640.0;01;0113;011319
2026;5;Aveiro;Oliveira de Azeméis;O. Azeméis, Riba-Ul, Ul, Macinhata da Seixa, Madail;Outros/Não definido;120.0;120.0;120.0;485.0;01;0113;011321
2026;5;Aveiro;Oliveira de Azeméis;Pinheiro da Bemposta, Travanca e Palmaz;Outros/Não definido;53.0;47.0;53.0;460.0;01;0113;011322
2026;5;Aveiro;Oliveira do Bairro;Oiã;Outros/Não definido;114.0;114.0;114.0;216.0;01;0114;011403
2026;5;Aveiro;Ovar;Cortegaça;Outros/Não definido;31.0;31.0;31.0;;01;0115;011502
2026;5;Aveiro;Ovar;Esmoriz;LED;2972.0;2842.0;2972.0;142444.40005493164;01;0115;011503
2026;5;Aveiro;Ovar;Válega;Outros/Não definido;61.0;61.0;61.0;;01;0115;011507
2026;5;Aveiro;Sever do Vouga;Talhadas;Outros/Não definido;64.0;64.0;64.0;;01;0117;011708
2026;5;Aveiro;Sever do Vouga;Talhadas;Sódio;1.0;1.0;1.0;70.0;01;0117;011708
2026;5;Aveiro;Anadia;Avelãs de Caminho;Sódio;4.0;4.0;4.0;600.0;01;0103;010304
2026;5;Aveiro;Anadia;Moita;Outros/Não definido;11.0;11.0;11.0;;01;0103;010307
2026;5;Aveiro;Anadia;Moita;Sódio;27.0;27.0;27.0;2080.0;01;0103;010307
2026;5;Aveiro;Anadia;Vila Nova de Monsarros;LED;561.0;561.0;561.0;23537.6000289917;01;0103;010312
2026;5;Aveiro;Anadia;Vila Nova de Monsarros;Sódio;2.0;2.0;2.0;140.0;01;0103;010312
2026;5;Aveiro;Anadia;Amoreira da Gândara, Paredes do Bairro e Ancas;LED;1223.0;1216.0;1223.0;43294.4001083374;01;0103;010316
2026;5;Aveiro;Anadia;Amoreira da Gândara, Paredes do Bairro e Ancas;Mercúrio;13.0;11.0;13.0;625.0;01;0103;010316
2026;5;Aveiro;Arouca;Chave;LED;488.0;488.0;488.0;21433.80002593994;01;0104;010407
2026;5;Aveiro;Arouca;Chave;Mercúrio;9.0;9.0;9.0;720.0;01;0104;010407
2026;5;Aveiro;Arouca;Chave;Outros/Não definido;23.0;23.0;23.0;;01;0104;010407
2026;5;Aveiro;Arouca;Escariz;LED;853.0;845.0;853.0;34246.00002288818;01;0104;010409
2026;5;Aveiro;Arouca;Escariz;Mercúrio;23.0;23.0;23.0;1570.0;01;0104;010409
2026;5;Aveiro;Arouca;Mansores;LED;505.0;505.0;505.0;19696.400062561035;01;0104;010413
2026;5;Aveiro;Arouca;Mansores;Outros/Não definido;25.0;25.0;25.0;270.0;01;0104;010413
2026;5;Aveiro;Arouca;Rossas;LED;579.0;579.0;579.0;32179.90000152588;01;0104;010415
2026;5;Aveiro;Arouca;Rossas;Outros/Não definido;26.0;26.0;26.0;90.0;01;0104;010415
2026;5;Aveiro;Arouca;Santa Eulália;Sódio;1.0;1.0;1.0;70.0;01;0104;010416
2026;5;Aveiro;Arouca;São Miguel do Mato;Outros/Não definido;14.0;14.0;14.0;45.0;01;0104;010417
2026;5;Aveiro;Arouca;Urrô;LED;567.0;567.0;567.0;28290.800079345703;01;0104;010419
2026;5;Aveiro;Arouca;Cabreiros e Albergaria da Serra;LED;241.0;241.0;241.0;9124.0;01;0104;010422
2026;5;Aveiro;Arouca;Canelas e Espiunca;LED;795.0;795.0;795.0;33018.0;01;0104;010423
2026;5;Aveiro;Arouca;Canelas e Espiunca;Sódio;3.0;3.0;3.0;210.0;01;0104;010423
2026;5;Aveiro;Arouca;Covelo de Paivó e Janarde;Sódio;1.0;1.0;1.0;70.0;01;0104;010424
2026;5;Aveiro;Aveiro;Aradas;LED;2098.0;2054.0;2098.0;91752.30012893677;01;0105;010501
2026;5;Aveiro;Aveiro;Aradas;Sódio;100.0;97.0;100.0;7970.0;01;0105;010501
2026;5;Aveiro;Aveiro;São Bernardo;Iodeto Metálico;2.0;2.0;2.0;300.0;01;0105;010510
2026;5;Aveiro;Aveiro;São Bernardo;LED;1092.0;1014.0;1092.0;47402.900020599365;01;0105;010510
2026;5;Aveiro;Aveiro;São Jacinto;LED;484.0;484.0;484.0;19710.60000228882;01;0105;010511
2026;5;Aveiro;Aveiro;São Jacinto;Sódio;30.0;30.0;30.0;2100.0;01;0105;010511
2026;5;Aveiro;Espinho;Espinho;Fluorescente;7.0;7.0;7.0;252.0;01;0107;010702
2026;5;Aveiro;Espinho;Espinho;Iodeto Metálico;10.0;2.0;10.0;300.0;01;0107;010702
2026;5;Aveiro;Espinho;Espinho;LED;2321.0;2240.0;2384.0;81020.69997787476;01;0107;010702
2026;5;Aveiro;Espinho;Espinho;Outros/Não definido;211.0;205.0;211.0;;01;0107;010702
2026;5;Aveiro;Estarreja;Pardilhó;LED;1559.0;1558.0;1559.0;60046.80019760132;01;0108;010805
2026;5;Aveiro;Estarreja;Salreu;LED;1591.0;1591.0;1591.0;56023.40005493164;01;0108;010806
2026;5;Aveiro;Estarreja;Salreu;Outros/Não definido;4.0;4.0;4.0;;01;0108;010806
2026;5;Aveiro;Estarreja;Canelas e Fermelã;Outros/Não definido;14.0;14.0;14.0;;01;0108;010809
2026;5;Aveiro;Santa Maria da Feira;Nogueira da Regedoura;LED;1046.0;1044.0;1046.0;41357.90000152588;01;0109;010917
2026;5;Aveiro;Santa Maria da Feira;Sanguedo;Fluorescente;1.0;1.0;1.0;50.0;01;0109;010924
2026;5;Aveiro;Santa Maria da Feira;Lobão, Gião, Louredo e Guisande;LED;2942.0;2923.0;2942.0;108527.40000152588;01;0109;010934
2026;5;Aveiro;Santa Maria da Feira;Lobão, Gião, Louredo e Guisande;Outros/Não definido;46.0;46.0;46.0;600.0;01;0109;010934
2026;5;Aveiro;Ílhavo;Gafanha da Nazaré;Outros/Não definido;421.0;349.0;421.0;1131.0;01;0110;011006
2026;5;Aveiro;Murtosa;Monte;LED;754.0;739.0;754.0;30882.600051879883;01;0112;011202
2026;5;Aveiro;Murtosa;Monte;Sódio;8.0;8.0;8.0;590.0;01;0112;011202
2026;5;Aveiro;Murtosa;Murtosa;Mercúrio;1.0;1.0;1.0;50.0;01;0112;011203
2026;5;Aveiro;Murtosa;Murtosa;Sódio;68.0;69.0;70.0;6160.0;01;0112;011203
2026;5;Aveiro;Murtosa;Torreira;Outros/Não definido;89.0;89.0;89.0;1000.0;01;0112;011204
2026;5;Aveiro;Murtosa;Torreira;Sódio;14.0;14.0;14.0;2020.0;01;0112;011204
2026;5;Aveiro;Oliveira de Azeméis;Ossela;Outros/Não definido;6.0;6.0;6.0;;01;0113;011310
2026;5;Aveiro;Oliveira de Azeméis;São Martinho da Gândara;Outros/Não definido;17.0;17.0;17.0;;01;0113;011315
2026;5;Aveiro;Oliveira de Azeméis;São Martinho da Gândara;Sódio;19.0;19.0;19.0;1330.0;01;0113;011315
2026;5;Aveiro;Oliveira do Bairro;Palhaça;LED;997.0;993.0;997.0;47694.200035095215;01;0114;011405
2026;5;Aveiro;Oliveira do Bairro;Palhaça;Outros/Não definido;26.0;26.0;26.0;;01;0114;011405
2026;5;Aveiro;Oliveira do Bairro;Bustos, Troviscal e Mamarrosa;LED;3060.0;2947.0;2979.0;147537.90031051636;01;0114;011407
2026;5;Aveiro;Oliveira do Bairro;Bustos, Troviscal e Mamarrosa;Outros/Não definido;119.0;119.0;155.0;135.0;01;0114;011407
2026;5;Aveiro;Oliveira do Bairro;Bustos, Troviscal e Mamarrosa;Sódio;31.0;31.0;31.0;2360.0;01;0114;011407
2026;5;Aveiro;Ovar;Maceda;LED;1143.0;1130.0;1143.0;44258.70001220703;01;0115;011504
2026;5;Aveiro;Ovar;Maceda;Sódio;41.0;41.0;41.0;4770.0;01;0115;011504
2026;5;Aveiro;Sever do Vouga;Couto de Esteves;Sódio;16.0;16.0;16.0;1120.0;01;0117;011702
2026;5;Aveiro;Sever do Vouga;Pessegueiro do Vouga;LED;959.0;959.0;959.0;39000.80006027222;01;0117;011704
2026;5;Aveiro;Sever do Vouga;Pessegueiro do Vouga;Outros/Não definido;33.0;33.0;33.0;;01;0117;011704
2026;5;Aveiro;Sever do Vouga;Rocas do Vouga;Sódio;27.0;27.0;27.0;1890.0;01;0117;011705
2026;5;Aveiro;Sever do Vouga;Cedrim e Paradela;LED;1326.0;1326.0;1326.0;51102.40005493164;01;0117;011710
2026;5;Aveiro;Sever do Vouga;Silva Escura e Dornelas;LED;1421.0;1421.0;1421.0;50861.800273895264;01;0117;011711
2026;5;Aveiro;Vagos;Calvão;Sódio;58.0;58.0;58.0;4450.0;01;0118;011801
2026;5;Aveiro;Vagos;Gafanha da Boa Hora;Mercúrio;3.0;3.0;3.0;150.0;01;0118;011804
2026;5;Aveiro;Castelo de Paiva;Fornos;LED;422.0;422.0;422.0;15245.000057220459;01;0106;010602
2026;5;Aveiro;Castelo de Paiva;Fornos;Outros/Não definido;13.0;13.0;13.0;315.0;01;0106;010602
2026;5;Aveiro;Castelo de Paiva;Real;Fluorescente;7.0;7.0;7.0;350.0;01;0106;010606
2026;5;Aveiro;Castelo de Paiva;Real;Sódio;108.0;108.0;108.0;7880.0;01;0106;010606
2026;5;Aveiro;Castelo de Paiva;Santa Maria de Sardoura;LED;1140.0;1131.0;1140.0;37175.70004272461;01;0106;010607
2026;5;Aveiro;Castelo de Paiva;São Martinho de Sardoura;Mercúrio;16.0;16.0;16.0;1280.0;01;0106;010608
2026;5;Aveiro;Castelo de Paiva;São Martinho de Sardoura;Outros/Não definido;5.0;5.0;5.0;90.0;01;0106;010608
2026;5;Aveiro;Castelo de Paiva;São Martinho de Sardoura;Sódio;178.0;169.0;178.0;12780.0;01;0106;010608
2026;5;Aveiro;Castelo de Paiva;Raiva, Pedorido e Paraíso;Mercúrio;46.0;46.0;46.0;3680.0;01;0106;010610
2026;5;Aveiro;Castelo de Paiva;Raiva, Pedorido e Paraíso;Outros/Não definido;130.0;119.0;135.0;100.0;01;0106;010610
2026;5;Aveiro;Castelo de Paiva;Sobrado e Bairros;LED;1726.0;1709.0;1758.0;68790.5000038147;01;0106;010611
2026;5;Aveiro;Castelo de Paiva;Sobrado e Bairros;Sódio;383.0;345.0;382.0;34370.0;01;0106;010611
2026;5;Aveiro;Mealhada;Barcouço;Mercúrio;7.0;7.0;7.0;350.0;01;0111;011102
2026;5;Aveiro;Mealhada;Luso;Outros/Não definido;13.0;13.0;13.0;95.0;01;0111;011104
2026;5;Aveiro;Mealhada;Pampilhosa;Mercúrio;89.0;88.0;89.0;5900.0;01;0111;011106
2026;5;Aveiro;Mealhada;Pampilhosa;Outros/Não definido;6.0;6.0;6.0;;01;0111;011106
2026;5;Aveiro;Mealhada;Pampilhosa;Sódio;263.0;263.0;263.0;26740.0;01;0111;011106
2026;5;Aveiro;Mealhada;Vacariça;Mercúrio;12.0;12.0;12.0;600.0;01;0111;011107
2026;5;Aveiro;Mealhada;Vacariça;Outros/Não definido;10.0;10.0;10.0;405.0;01;0111;011107
2026;5;Aveiro;São João da Madeira;São João da Madeira;Outros/Não definido;372.0;368.0;372.0;56.0;01;0116;011601
2026;5;Aveiro;São João da Madeira;São João da Madeira;Sódio;329.0;329.0;329.0;16418.0;01;0116;011601
2026;5;Aveiro;Vagos;Ouca;Outros/Não definido;48.0;48.0;48.0;125.0;01;0118;011805
2026;5;Aveiro;Vagos;Santo André de Vagos;Mercúrio;7.0;7.0;7.0;380.0;01;0118;011810
2026;5;Aveiro;Vagos;Santo André de Vagos;Outros/Não definido;27.0;27.0;27.0;;01;0118;011810
2026;5;Aveiro;Vagos;Santo André de Vagos;Sódio;52.0;52.0;52.0;3760.0;01;0118;011810
2026;5;Aveiro;Vagos;Fonte de Angeão e Covão do Lobo;Mercúrio;14.0;14.0;14.0;700.0;01;0118;011812
2026;5;Aveiro;Vagos;Fonte de Angeão e Covão do Lobo;Outros/Não definido;24.0;24.0;24.0;;01;0118;011812
2026;5;Aveiro;Vagos;Vagos e Santo António;LED;2355.0;2314.0;2405.0;102338.29962921143;01;0118;011814
2026;5;Aveiro;Vagos;Vagos e Santo António;Outros/Não definido;110.0;110.0;134.0;595.0;01;0118;011814
2026;5;Beja;Almodôvar;Almodôvar e Graça dos Padrões;Outros/Não definido;56.0;56.0;56.0;225.0;02;0202;020209
2026;5;Beja;Almodôvar;Almodôvar e Graça dos Padrões;Sódio;563.0;556.0;558.0;57870.0;02;0202;020209
2026;5;Beja;Beja;Santa Clara de Louredo;LED;214.0;213.0;214.0;5543.0;02;0205;020510
2026;5;Beja;Beja;Beja (Salvador e Santa Maria da Feira);LED;2696.0;2589.0;2682.0;122284.40046691895;02;0205;020520
2026;5;Beja;Beja;Beja (Salvador e Santa Maria da Feira);Mercúrio;3.0;3.0;3.0;150.0;02;0205;020520
2026;5;Beja;Beja;Beja (Salvador e Santa Maria da Feira);Outros/Não definido;90.0;89.0;90.0;;02;0205;020520
2026;5;Beja;Beja;Beja (Santiago Maior e São João Baptista);Mercúrio;24.0;20.0;19.0;1250.0;02;0205;020521
2026;5;Beja;Beja;Beja (Santiago Maior e São João Baptista);Outros/Não definido;43.0;47.0;43.0;90.0;02;0205;020521
2026;5;Beja;Castro Verde;Castro Verde e Casével;Iodeto Metálico;23.0;23.0;23.0;2300.0;02;0206;020606
2026;5;Beja;Castro Verde;Castro Verde e Casével;LED;1969.0;1932.0;1969.0;88639.70086288452;02;0206;020606
2026;5;Beja;Moura;Póvoa de São Miguel;Outros/Não definido;12.0;12.0;12.0;;02;0210;021002
2026;5;Beja;Odemira;Boavista dos Pinheiros;LED;743.0;743.0;743.0;27466.800010681152;02;0211;021116
2026;5;Beja;Ourique;Ourique;Indução;1.0;1.0;1.0;400.0;02;0212;021203
2026;5;Beja;Ourique;Ourique;Outros/Não definido;43.0;43.0;43.0;90.0;02;0212;021203
2026;5;Beja;Serpa;Pias;LED;716.0;714.0;716.0;19339.80005645752;02;0213;021303
2026;5;Beja;Serpa;Pias;Outros/Não definido;4.0;4.0;4.0;;02;0213;021303
2026;5;Beja;Serpa;Pias;Sódio;130.0;119.0;130.0;10470.0;02;0213;021303
2026;5;Beja;Serpa;Vila Nova de São Bento e Vale de Vargo;Sódio;207.0;206.0;207.0;18710.0;02;0213;021309
2026;5;Braga;Amares;Amares e Figueiredo;LED;808.0;796.0;808.0;38324.20000457764;03;0301;030125
2026;5;Braga;Amares;Amares e Figueiredo;Mercúrio;2.0;2.0;2.0;160.0;03;0301;030125
2026;5;Braga;Amares;Amares e Figueiredo;Outros/Não definido;64.0;64.0;64.0;315.0;03;0301;030125
2026;5;Braga;Amares;Amares e Figueiredo;Sódio;47.0;42.0;47.0;4240.0;03;0301;030125
2026;5;Braga;Barcelos;Alvelos;Outros/Não definido;3.0;3.0;3.0;;03;0302;030208
2026;5;Braga;Barcelos;Alvelos;Sódio;43.0;34.0;43.0;2590.0;03;0302;030208
2026;5;Braga;Barcelos;Arcozelo;Mercúrio;12.0;12.0;12.0;960.0;03;0302;030209
2026;5;Braga;Barcelos;Carvalhal;Mercúrio;11.0;11.0;11.0;880.0;03;0302;030220
2026;5;Braga;Barcelos;Macieira de Rates;LED;362.0;362.0;362.0;12081.0;03;0302;030244
2026;5;Braga;Barcelos;Macieira de Rates;Outros/Não definido;7.0;7.0;7.0;;03;0302;030244
2026;5;Braga;Barcelos;Macieira de Rates;Sódio;148.0;148.0;148.0;11860.0;03;0302;030244
2026;5;Braga;Barcelos;Manhente;Sódio;29.0;29.0;29.0;2740.0;03;0302;030245
2026;5;Braga;Barcelos;Pousa;LED;209.0;209.0;209.0;9156.400001525879;03;0302;030261
2026;5;Braga;Barcelos;Várzea;LED;248.0;246.0;248.0;10054.400039672852;03;0302;030283
2026;5;Braga;Barcelos;Várzea;Mercúrio;11.0;11.0;11.0;880.0;03;0302;030283
2026;5;Braga;Barcelos;Várzea;Outros/Não definido;274.0;263.0;274.0;70.0;03;0302;030283
2026;5;Braga;Barcelos;Várzea;Sódio;74.0;72.0;74.0;6840.0;03;0302;030283
2026;5;Braga;Barcelos;Vila Seca;LED;206.0;206.0;206.0;8935.0;03;0302;030287
2026;5;Braga;Barcelos;Areias de Vilar e Encourados;Outros/Não definido;244.0;244.0;244.0;;03;0302;030292
2026;5;Aveiro;Vagos;Sosa;LED;1152.0;1144.0;1152.0;42884.39984893799;01;0118;011807
2026;5;Aveiro;Vagos;Ponte de Vagos e Santa Catarina;LED;1346.0;1346.0;1346.0;40142.099727630615;01;0118;011813
2026;5;Aveiro;Vagos;Ponte de Vagos e Santa Catarina;Sódio;48.0;48.0;48.0;3620.0;01;0118;011813
2026;5;Aveiro;Vale de Cambra;Arões;LED;920.0;913.0;920.0;38492.800064086914;01;0119;011901
2026;5;Aveiro;Vale de Cambra;Cepelos;Sódio;24.0;24.0;24.0;1680.0;01;0119;011903
2026;5;Aveiro;Vale de Cambra;Junqueira;Mercúrio;2.0;2.0;2.0;500.0;01;0119;011905
2026;5;Aveiro;Vale de Cambra;Junqueira;Outros/Não definido;21.0;21.0;21.0;400.0;01;0119;011905
2026;5;Aveiro;Vale de Cambra;Macieira de Cambra;LED;1907.0;1841.0;1907.0;76344.40014266968;01;0119;011906
2026;5;Aveiro;Vale de Cambra;Macieira de Cambra;Sódio;4.0;4.0;4.0;340.0;01;0119;011906
2026;5;Beja;Aljustrel;Messejana;LED;443.0;441.0;443.0;12013.0;02;0201;020103
2026;5;Beja;Aljustrel;Aljustrel e Rio de Moinhos;Outros/Não definido;5.0;5.0;5.0;225.0;02;0201;020106
2026;5;Beja;Almodôvar;Rosário;Sódio;14.0;14.0;14.0;980.0;02;0202;020203
2026;5;Beja;Beja;Baleizão;LED;238.0;234.0;238.0;6531.0;02;0205;020502
2026;5;Beja;Beja;São Matias;LED;224.0;223.0;224.0;6331.60001373291;02;0205;020516
2026;5;Beja;Beja;São Matias;Outros/Não definido;9.0;9.0;9.0;;02;0205;020516
2026;5;Beja;Beja;Albernoa e Trindade;Sódio;15.0;15.0;15.0;1320.0;02;0205;020519
2026;5;Beja;Beja;Salvada e Quintos;LED;402.0;397.0;402.0;11035.19999885559;02;0205;020522
2026;5;Beja;Beja;Salvada e Quintos;Outros/Não definido;5.0;5.0;5.0;;02;0205;020522
2026;5;Beja;Beja;Trigaches e São Brissos;Outros/Não definido;11.0;11.0;11.0;45.0;02;0205;020524
2026;5;Beja;Castro Verde;Santa Bárbara de Padrões;LED;646.0;646.0;646.0;20556.400192260742;02;0206;020604
2026;5;Beja;Castro Verde;Santa Bárbara de Padrões;Outros/Não definido;6.0;6.0;6.0;;02;0206;020604
2026;5;Beja;Castro Verde;Santa Bárbara de Padrões;Sódio;3.0;3.0;3.0;210.0;02;0206;020604
2026;5;Beja;Moura;Sobral da Adiça;LED;369.0;369.0;369.0;9078.200004577637;02;0210;021008
2026;5;Beja;Moura;Sobral da Adiça;Outros/Não definido;6.0;6.0;6.0;;02;0210;021008
2026;5;Beja;Moura;Safara e Santo Aleixo da Restauração;LED;607.0;607.0;607.0;20370.80002593994;02;0210;021010
2026;5;Beja;Moura;Safara e Santo Aleixo da Restauração;Outros/Não definido;19.0;19.0;19.0;;02;0210;021010
2026;5;Beja;Odemira;Relíquias;LED;488.0;488.0;488.0;13415.0;02;0211;021102
2026;5;Beja;Odemira;São Martinho das Amoreiras;Outros/Não definido;2.0;2.0;2.0;;02;0211;021107
2026;5;Beja;Odemira;São Martinho das Amoreiras;Sódio;2.0;2.0;2.0;140.0;02;0211;021107
2026;5;Beja;Odemira;Luzianes-Gare;Outros/Não definido;1.0;1.0;1.0;;02;0211;021115
2026;5;Beja;Odemira;Longueira/Almograve;Outros/Não definido;15.0;15.0;15.0;;02;0211;021117
2026;5;Beja;Odemira;Colos;Outros/Não definido;2.0;2.0;2.0;;02;0211;021118
2026;5;Beja;Odemira;Santa Clara-a-Velha;LED;548.0;548.0;554.0;14507.0;02;0211;021119
2026;5;Beja;Odemira;Santa Clara-a-Velha;Sódio;19.0;19.0;19.0;1330.0;02;0211;021119
2026;5;Beja;Odemira;São Salvador e Santa Maria;Outros/Não definido;203.0;189.0;246.0;135.0;02;0211;021120
2026;5;Beja;Odemira;São Salvador e Santa Maria;Sódio;101.0;96.0;101.0;7530.0;02;0211;021120
2026;5;Beja;Odemira;São Teotónio;Outros/Não definido;22.0;22.0;22.0;45.0;02;0211;021121
2026;5;Beja;Serpa;Vila Verde de Ficalho;LED;428.0;428.0;428.0;14240.000057220459;02;0213;021307
2026;5;Braga;Amares;Barreiros;Mercúrio;1.0;1.0;1.0;50.0;03;0301;030102
2026;5;Braga;Amares;Barreiros;Sódio;4.0;4.0;4.0;240.0;03;0301;030102
2026;5;Braga;Amares;Bico;LED;307.0;304.0;307.0;19489.0;03;0301;030104
2026;5;Braga;Amares;Bico;Mercúrio;1.0;1.0;1.0;80.0;03;0301;030104
2026;5;Braga;Amares;Bico;Sódio;1.0;1.0;1.0;70.0;03;0301;030104
2026;5;Braga;Amares;Caires;LED;366.0;363.0;366.0;25065.0;03;0301;030105
2026;5;Braga;Amares;Caires;Sódio;9.0;9.0;9.0;630.0;03;0301;030105
2026;5;Braga;Amares;Fiscal;LED;399.0;395.0;399.0;27667.0;03;0301;030111
2026;5;Braga;Amares;Fiscal;Outros/Não definido;4.0;4.0;4.0;;03;0301;030111
2026;5;Braga;Amares;Goães;LED;259.0;259.0;259.0;16704.90000152588;03;0301;030112
2026;5;Braga;Amares;Goães;Outros/Não definido;34.0;34.0;34.0;90.0;03;0301;030112
2026;5;Braga;Amares;Lago;Mercúrio;1.0;1.0;1.0;80.0;03;0301;030113
2026;5;Braga;Amares;Lago;Outros/Não definido;39.0;35.0;39.0;;03;0301;030113
2026;5;Braga;Amares;Lago;Sódio;31.0;30.0;31.0;2560.0;03;0301;030113
2026;5;Braga;Amares;Bouro (Santa Maria);Outros/Não definido;46.0;46.0;46.0;45.0;03;0301;030119
2026;5;Braga;Amares;Bouro (Santa Maria);Sódio;64.0;64.0;64.0;4660.0;03;0301;030119
2026;5;Braga;Amares;Bouro (Santa Marta);Sódio;9.0;9.0;9.0;630.0;03;0301;030120
2026;5;Braga;Amares;Caldelas, Sequeiros e Paranhos;Outros/Não definido;77.0;77.0;77.0;250.0;03;0301;030126
2026;5;Braga;Amares;Caldelas, Sequeiros e Paranhos;Sódio;87.0;66.0;87.0;9450.0;03;0301;030126
2026;5;Braga;Amares;Ferreiros, Prozelo e Besteiros;LED;1410.0;1383.0;1410.0;67080.50003433228;03;0301;030127
2026;5;Braga;Amares;Ferreiros, Prozelo e Besteiros;Mercúrio;9.0;9.0;9.0;860.0;03;0301;030127
2026;5;Braga;Amares;Torre e Portela;LED;332.0;332.0;332.0;23814.0;03;0301;030128
2026;5;Braga;Amares;Vilela, Seramil e Paredes Secas;Iodeto Metálico;1.0;1.0;1.0;150.0;03;0301;030129
2026;5;Braga;Amares;Vilela, Seramil e Paredes Secas;LED;355.0;355.0;355.0;25268.0;03;0301;030129
2026;5;Braga;Barcelos;Abade de Neiva;Sódio;214.0;204.0;214.0;19890.0;03;0302;030201
2026;5;Braga;Barcelos;Aborim;Iodeto Metálico;19.0;19.0;19.0;950.0;03;0302;030202
2026;5;Braga;Barcelos;Aborim;Sódio;258.0;258.0;258.0;19020.0;03;0302;030202
2026;5;Braga;Barcelos;Adães;Sódio;26.0;26.0;26.0;2540.0;03;0302;030203
2026;5;Braga;Barcelos;Airó;LED;291.0;291.0;291.0;8940.800052642822;03;0302;030205
2026;5;Braga;Barcelos;Airó;Outros/Não definido;22.0;22.0;22.0;315.0;03;0302;030205
2026;5;Braga;Barcelos;Aldreu;Outros/Não definido;78.0;78.0;78.0;420.0;03;0302;030206
2026;5;Braga;Barcelos;Areias;LED;318.0;315.0;318.0;13506.0;03;0302;030210
2026;5;Braga;Barcelos;Areias;Outros/Não definido;5.0;5.0;5.0;225.0;03;0302;030210
2026;5;Braga;Barcelos;Areias;Sódio;30.0;30.0;30.0;2820.0;03;0302;030210
2026;5;Braga;Barcelos;Balugães;Outros/Não definido;3.0;3.0;3.0;135.0;03;0302;030212
2026;5;Braga;Barcelos;Barcelinhos;LED;529.0;493.0;529.0;27445.0;03;0302;030213
2026;5;Braga;Barcelos;Barqueiros;Outros/Não definido;173.0;169.0;173.0;197.0;03;0302;030215
2026;5;Braga;Barcelos;Carapeços;LED;210.0;210.0;210.0;9317.200057983398;03;0302;030218
2026;5;Braga;Barcelos;Carapeços;Sódio;31.0;31.0;31.0;2490.0;03;0302;030218
2026;5;Braga;Barcelos;Carvalhas;LED;21.0;21.0;21.0;796.0;03;0302;030221
2026;5;Braga;Barcelos;Cossourado;LED;314.0;314.0;314.0;9325.0;03;0302;030224
2026;5;Braga;Barcelos;Cossourado;Mercúrio;16.0;16.0;16.0;1280.0;03;0302;030224
2026;5;Braga;Barcelos;Cossourado;Outros/Não definido;73.0;73.0;73.0;3240.0;03;0302;030224
2026;5;Braga;Barcelos;Cossourado;Sódio;100.0;100.0;100.0;7000.0;03;0302;030224
2026;5;Braga;Barcelos;Fornelos;Mercúrio;60.0;60.0;60.0;4770.0;03;0302;030234
2026;5;Braga;Barcelos;Gilmonde;Mercúrio;57.0;57.0;57.0;4560.0;03;0302;030237
2026;5;Braga;Barcelos;Moure;Sódio;20.0;20.0;20.0;2080.0;03;0302;030252
2026;5;Braga;Barcelos;Oliveira;Outros/Não definido;15.0;15.0;15.0;135.0;03;0302;030254
2026;5;Braga;Barcelos;Palme;Mercúrio;2.0;2.0;2.0;160.0;03;0302;030255
2026;5;Braga;Barcelos;Palme;Outros/Não definido;234.0;234.0;234.0;90.0;03;0302;030255
2026;5;Braga;Barcelos;Panque;Iodeto Metálico;13.0;13.0;13.0;910.0;03;0302;030256
2026;5;Braga;Barcelos;Paradela;Sódio;116.0;116.0;116.0;8690.0;03;0302;030257
2026;5;Braga;Barcelos;Pereira;Outros/Não definido;159.0;157.0;159.0;90.0;03;0302;030259
2026;5;Braga;Barcelos;Pereira;Sódio;31.0;31.0;31.0;2170.0;03;0302;030259
2026;5;Braga;Barcelos;Perelhal;Sódio;241.0;211.0;241.0;17930.0;03;0302;030260
2026;5;Braga;Barcelos;Remelhe;Mercúrio;4.0;4.0;4.0;310.0;03;0302;030263
2026;5;Braga;Barcelos;Remelhe;Outros/Não definido;146.0;146.0;146.0;585.0;03;0302;030263
2026;5;Braga;Barcelos;Remelhe;Sódio;8.0;8.0;8.0;560.0;03;0302;030263
2026;5;Braga;Barcelos;Roriz;Sódio;37.0;35.0;37.0;2480.0;03;0302;030264
2026;5;Braga;Barcelos;Galegos (Santa Maria);LED;614.0;612.0;614.0;21705.30006790161;03;0302;030268
2026;5;Braga;Barcelos;Galegos (Santa Maria);Mercúrio;4.0;4.0;4.0;320.0;03;0302;030268
2026;5;Braga;Barcelos;Galegos (Santa Maria);Sódio;76.0;48.0;76.0;3940.0;03;0302;030268
2026;5;Braga;Barcelos;Galegos (São Martinho);Sódio;53.0;43.0;53.0;3330.0;03;0302;030272
2026;5;Braga;Barcelos;Ucha;LED;485.0;480.0;485.0;20276.0;03;0302;030282
2026;5;Braga;Barcelos;Alheira e Igreja Nova;Outros/Não definido;21.0;21.0;21.0;810.0;03;0302;030290
2026;5;Braga;Barcelos;Alvito (São Pedro e São Martinho) e Couto;Fluorescente;16.0;8.0;16.0;560.0;03;0302;030291
2026;5;Braga;Barcelos;Alvito (São Pedro e São Martinho) e Couto;Iodeto Metálico;1.0;1.0;1.0;150.0;03;0302;030291
2026;5;Braga;Barcelos;Alvito (São Pedro e São Martinho) e Couto;Mercúrio;8.0;8.0;8.0;640.0;03;0302;030291
2026;5;Braga;Barcelos;Alvito (São Pedro e São Martinho) e Couto;Outros/Não definido;19.0;19.0;19.0;115.0;03;0302;030291
2026;5;Beja;Alvito;Alvito;Outros/Não definido;11.0;;;;02;0203;020301
2026;5;Beja;Alvito;Alvito;Sódio;105.0;104.0;105.0;8120.0;02;0203;020301
2026;5;Beja;Barrancos;Barrancos;Sódio;56.0;55.0;56.0;5470.0;02;0204;020401
2026;5;Beja;Cuba;Cuba;LED;1239.0;1208.0;1236.0;53076.0;02;0207;020701
2026;5;Beja;Ferreira do Alentejo;Figueira dos Cavaleiros;LED;499.0;496.0;499.0;18066.0;02;0208;020803
2026;5;Beja;Ferreira do Alentejo;Figueira dos Cavaleiros;Outros/Não definido;7.0;7.0;7.0;45.0;02;0208;020803
2026;5;Beja;Ferreira do Alentejo;Alfundão e Peroguarda;LED;391.0;389.0;391.0;12059.0;02;0208;020807
2026;5;Beja;Ferreira do Alentejo;Alfundão e Peroguarda;Outros/Não definido;15.0;15.0;15.0;;02;0208;020807
2026;5;Beja;Ferreira do Alentejo;Alfundão e Peroguarda;Sódio;82.0;74.0;120.0;4940.0;02;0208;020807
2026;5;Beja;Ferreira do Alentejo;Ferreira do Alentejo e Canhestros;Outros/Não definido;43.0;41.0;43.0;270.0;02;0208;020808
2026;5;Beja;Mértola;Espírito Santo;LED;524.0;524.0;524.0;16775.0;02;0209;020903
2026;5;Beja;Mértola;Mértola;Outros/Não definido;9.0;9.0;9.0;90.0;02;0209;020904
2026;5;Beja;Mértola;São João dos Caldeireiros;LED;470.0;470.0;470.0;14945.5;02;0209;020906
2026;5;Beja;Vidigueira;Pedrógão;Outros/Não definido;;;;;02;0214;021401
2026;5;Beja;Vidigueira;Pedrógão;Sódio;2.0;1.0;2.0;150.0;02;0214;021401
2026;5;Beja;Vidigueira;Vidigueira;LED;1164.0;1152.0;1166.0;46190.500259399414;02;0214;021403
2026;5;Braga;Barcelos;Vila Cova e Feitos;LED;693.0;693.0;693.0;26893.0;03;0302;0302FH
2026;5;Braga;Barcelos;Vila Cova e Feitos;Mercúrio;12.0;12.0;12.0;960.0;03;0302;0302FH
2026;5;Braga;Barcelos;Vila Cova e Feitos;Sódio;77.0;71.0;77.0;5000.0;03;0302;0302FH
2026;5;Braga;Braga;Figueiredo;Sódio;30.0;30.0;30.0;2510.0;03;0303;030315
2026;5;Braga;Braga;Braga (São Vítor);Mercúrio;3.0;3.0;3.0;150.0;03;0303;030351
2026;5;Braga;Braga;Sequeira;LED;697.0;685.0;697.0;40352.60001373291;03;0303;030354
2026;5;Braga;Braga;Sequeira;Sódio;101.0;98.0;101.0;9450.0;03;0303;030354
2026;5;Braga;Braga;Braga (Maximinos, Sé e Cividade);Mercúrio;19.0;19.0;29.0;1850.0;03;0303;030364
2026;5;Braga;Braga;Celeirós, Aveleda e Vimieiro;Outros/Não definido;37.0;37.0;37.0;45.0;03;0303;030367
2026;5;Braga;Braga;Merelim (São Paio), Panoias e Parada de Tibães;Sódio;154.0;134.0;154.0;10990.0;03;0303;030374
2026;5;Braga;Braga;Merelim (São Pedro) e Frossos;Mercúrio;3.0;2.0;3.0;250.0;03;0303;030375
2026;5;Braga;Braga;Merelim (São Pedro) e Frossos;Outros/Não definido;10.0;9.0;10.0;;03;0303;030375
2026;5;Braga;Braga;Nogueira, Fraião e Lamaçães;LED;2187.0;2042.0;2270.0;101752.90048980713;03;0303;030377
2026;5;Braga;Braga;Nogueira, Fraião e Lamaçães;Mercúrio;2.0;2.0;2.0;100.0;03;0303;030377
2026;5;Braga;Braga;Nogueiró e Tenões;LED;407.0;387.0;407.0;17291.700031280518;03;0303;030378
2026;5;Braga;Braga;Nogueiró e Tenões;Sódio;856.0;843.0;880.0;94810.0;03;0303;030378
2026;5;Braga;Braga;Real, Dume e Semelhe;Outros/Não definido;176.0;174.0;176.0;;03;0303;030379
2026;5;Braga;Braga;Santa Lucrécia de Algeriz e Navarra;Outros/Não definido;17.0;17.0;17.0;115.0;03;0303;030380
2026;5;Braga;Braga;Vilaça e Fradelos;Outros/Não definido;7.0;7.0;7.0;;03;0303;030381
2026;5;Braga;Braga;Vilaça e Fradelos;Sódio;109.0;103.0;115.0;8870.0;03;0303;030381
2026;5;Braga;Cabeceiras de Basto;Refojos de Basto, Outeiro e Painzela;Outros/Não definido;68.0;67.0;67.0;445.0;03;0304;030421
2026;5;Braga;Cabeceiras de Basto;Refojos de Basto, Outeiro e Painzela;Sódio;470.0;454.0;470.0;41718.0;03;0304;030421
2026;5;Braga;Celorico de Basto;Britelo, Gémeos e Ourilhe;Outros/Não definido;18.0;18.0;18.0;135.0;03;0305;030523
2026;5;Braga;Celorico de Basto;Veade, Gagos e Molares;Outros/Não definido;52.0;52.0;52.0;;03;0305;030527
2026;5;Braga;Esposende;Apúlia e Fão;Sódio;2021.0;1915.0;2021.0;201090.0;03;0306;030616
2026;5;Braga;Esposende;Esposende, Marinhas e Gandra;Iodeto Metálico;51.0;47.0;51.0;5980.0;03;0306;030618
2026;5;Braga;Esposende;Esposende, Marinhas e Gandra;Sódio;2854.0;2725.0;2854.0;318110.0;03;0306;030618
2026;5;Braga;Fafe;Fafe;Outros/Não definido;851.0;851.0;859.0;5800.0;03;0307;030709
2026;5;Braga;Fafe;Fafe;Sódio;1211.0;1130.0;1217.0;122260.0;03;0307;030709
2026;5;Braga;Fafe;Quinchães;LED;828.0;819.0;828.0;38270.000019073486;03;0307;030722
2026;5;Braga;Fafe;Revelhe;Outros/Não definido;1.0;1.0;1.0;45.0;03;0307;030724
2026;5;Braga;Fafe;Arões (Santa Cristina);Mercúrio;2.0;2.0;2.0;100.0;03;0307;030726
2026;5;Braga;Fafe;Arões (Santa Cristina);Outros/Não definido;1.0;1.0;1.0;45.0;03;0307;030726
2026;5;Braga;Fafe;Arões (São Romão);Mercúrio;2.0;2.0;2.0;130.0;03;0307;030730
2026;5;Braga;Fafe;Arões (São Romão);Sódio;122.0;116.0;122.0;9530.0;03;0307;030730
2026;5;Braga;Guimarães;Aldão;LED;269.0;269.0;269.0;7776.899951934814;03;0308;030801
2026;5;Braga;Guimarães;Brito;Sódio;535.0;521.0;535.0;48220.0;03;0308;030807
2026;5;Braga;Guimarães;Caldelas;Outros/Não definido;302.0;302.0;302.0;;03;0308;030808
2026;5;Braga;Guimarães;Caldelas;Sódio;130.0;115.0;130.0;17520.0;03;0308;030808
2026;5;Braga;Guimarães;Costa;Outros/Não definido;95.0;95.0;95.0;350.0;03;0308;030812
2026;5;Braga;Guimarães;Costa;Sódio;823.0;750.0;823.0;68180.0;03;0308;030812
2026;5;Braga;Guimarães;Fermentões;Mercúrio;34.0;34.0;34.0;2000.0;03;0308;030815
2026;5;Braga;Guimarães;Gonça;LED;370.0;370.0;370.0;14618.89994430542;03;0308;030820
2026;5;Braga;Guimarães;Guardizela;Outros/Não definido;3.0;3.0;3.0;135.0;03;0308;030823
2026;5;Braga;Guimarães;Guardizela;Sódio;35.0;35.0;35.0;2770.0;03;0308;030823
2026;5;Braga;Guimarães;Moreira de Cónegos;Sódio;3.0;3.0;3.0;210.0;03;0308;030831
2026;5;Braga;Guimarães;Nespereira;Mercúrio;5.0;5.0;5.0;250.0;03;0308;030832
2026;5;Braga;Guimarães;Nespereira;Outros/Não definido;1.0;1.0;1.0;45.0;03;0308;030832
2026;5;Braga;Guimarães;Polvoreira;LED;864.0;862.0;864.0;29086.599716186523;03;0308;030837
2026;5;Braga;Guimarães;Polvoreira;Sódio;61.0;61.0;61.0;5130.0;03;0308;030837
2026;5;Braga;Guimarães;Ponte;Mercúrio;2.0;2.0;2.0;100.0;03;0308;030838
2026;5;Braga;Guimarães;Selho (São Jorge);Mercúrio;16.0;16.0;16.0;890.0;03;0308;030854
2026;5;Braga;Guimarães;Selho (São Jorge);Outros/Não definido;58.0;34.0;58.0;1410.0;03;0308;030854
2026;5;Braga;Guimarães;Sande (São Martinho);LED;484.0;484.0;484.0;15524.099880218506;03;0308;030858
2026;5;Braga;Barcelos;Campo e Tamel (São Pedro Fins);Outros/Não definido;102.0;102.0;102.0;1665.0;03;0302;030294
2026;5;Braga;Barcelos;Campo e Tamel (São Pedro Fins);Sódio;366.0;366.0;366.0;28250.0;03;0302;030294
2026;5;Braga;Barcelos;Carreira e Fonte Coberta;Outros/Não definido;260.0;260.0;260.0;140.0;03;0302;030295
2026;5;Braga;Barcelos;Chorente, Góios, Courel, Pedra Furada e Gueral;Mercúrio;20.0;20.0;20.0;1600.0;03;0302;030296
2026;5;Braga;Barcelos;Chorente, Góios, Courel, Pedra Furada e Gueral;Outros/Não definido;83.0;79.0;81.0;1125.0;03;0302;030296
2026;5;Braga;Barcelos;Creixomil e Mariz;Outros/Não definido;15.0;15.0;15.0;;03;0302;030297
2026;5;Braga;Barcelos;Creixomil e Mariz;Sódio;107.0;107.0;107.0;7970.0;03;0302;030297
2026;5;Braga;Barcelos;Gamil e Midões;Outros/Não definido;58.0;56.0;58.0;;03;0302;030299
2026;5;Braga;Barcelos;Milhazes, Vilar de Figos e Faria;Iodeto Metálico;1.0;1.0;1.0;400.0;03;0302;0302FA
2026;5;Braga;Barcelos;Milhazes, Vilar de Figos e Faria;Mercúrio;11.0;11.0;11.0;820.0;03;0302;0302FA
2026;5;Braga;Barcelos;Negreiros e Chavão;LED;57.0;57.0;57.0;1245.0;03;0302;0302FB
2026;5;Braga;Barcelos;Quintiães e Aguiar;LED;444.0;444.0;444.0;19088.0;03;0302;0302FC
2026;5;Braga;Barcelos;Quintiães e Aguiar;Mercúrio;4.0;4.0;4.0;320.0;03;0302;0302FC
2026;5;Braga;Barcelos;Quintiães e Aguiar;Outros/Não definido;90.0;87.0;90.0;;03;0302;0302FC
2026;5;Braga;Barcelos;Sequeade e Bastuço (São João e Santo Estevão);LED;188.0;188.0;188.0;8036.600002288818;03;0302;0302FD
2026;5;Braga;Barcelos;Silveiros e Rio Covo (Santa Eulália);Outros/Não definido;91.0;86.0;91.0;;03;0302;0302FE
2026;5;Braga;Barcelos;Tamel (Santa Leocádia) e Vilar do Monte;Sódio;65.0;65.0;65.0;5180.0;03;0302;0302FF
2026;5;Braga;Barcelos;Viatodos, Grimancelos, Minhotães, Monte de Fralães;Outros/Não definido;22.0;22.0;22.0;;03;0302;0302FG
2026;5;Braga;Braga;Espinho;Indução;3.0;1.0;3.0;100.0;03;0303;030312
2026;5;Braga;Braga;Espinho;Mercúrio;86.0;56.0;86.0;3240.0;03;0303;030312
2026;5;Braga;Braga;Mire de Tibães;LED;529.0;525.0;529.0;23568.200031280518;03;0303;030325
2026;5;Braga;Braga;Mire de Tibães;Sódio;73.0;69.0;73.0;8320.0;03;0303;030325
2026;5;Braga;Braga;Braga (São Vicente);Sódio;809.0;703.0;809.0;88200.0;03;0303;030349
2026;5;Braga;Braga;Sobreposta;Outros/Não definido;3.0;3.0;3.0;;03;0303;030355
2026;5;Braga;Braga;Tadim;LED;324.0;322.0;324.0;16672.600006103516;03;0303;030356
2026;5;Braga;Braga;Tebosa;Outros/Não definido;15.0;15.0;15.0;115.0;03;0303;030357
2026;5;Braga;Braga;Arentim e Cunha;Fluorescente;9.0;9.0;9.0;450.0;03;0303;030363
2026;5;Braga;Braga;Arentim e Cunha;Mercúrio;14.0;14.0;14.0;700.0;03;0303;030363
2026;5;Braga;Braga;Arentim e Cunha;Sódio;168.0;163.0;168.0;13520.0;03;0303;030363
2026;5;Braga;Braga;Crespos e Pousada;LED;628.0;628.0;628.0;23298.6000289917;03;0303;030368
2026;5;Braga;Braga;Escudeiros e Penso (Santo Estêvão e São Vicente);Indução;1.0;1.0;1.0;70.0;03;0303;030369
2026;5;Braga;Braga;Escudeiros e Penso (Santo Estêvão e São Vicente);LED;713.0;713.0;713.0;28022.0;03;0303;030369
2026;5;Braga;Braga;Guisande e Oliveira (São Pedro);Outros/Não definido;19.0;19.0;19.0;;03;0303;030372
2026;5;Braga;Braga;Lomar e Arcos;LED;791.0;769.0;791.0;53817.40000152588;03;0303;030373
2026;5;Braga;Braga;Lomar e Arcos;Sódio;351.0;337.0;352.0;39398.0;03;0303;030373
2026;5;Braga;Braga;Morreira e Trandeiras;Sódio;25.0;23.0;25.0;1850.0;03;0303;030376
2026;5;Braga;Cabeceiras de Basto;Abadim;Outros/Não definido;3.0;3.0;3.0;210.0;03;0304;030401
2026;5;Braga;Cabeceiras de Basto;Basto;LED;345.0;339.0;345.0;15255.0;03;0304;030404
2026;5;Braga;Cabeceiras de Basto;Bucos;LED;321.0;321.0;321.0;8689.0;03;0304;030405
2026;5;Braga;Cabeceiras de Basto;Bucos;Sódio;35.0;35.0;35.0;2450.0;03;0304;030405
2026;5;Braga;Cabeceiras de Basto;Cabeceiras de Basto;LED;457.0;456.0;468.0;19324.0;03;0304;030406
2026;5;Braga;Cabeceiras de Basto;Cabeceiras de Basto;Sódio;92.0;85.0;92.0;6920.0;03;0304;030406
2026;5;Braga;Cabeceiras de Basto;Cavez;Outros/Não definido;2.0;2.0;2.0;;03;0304;030407
2026;5;Braga;Cabeceiras de Basto;Faia;Sódio;40.0;40.0;40.0;2800.0;03;0304;030408
2026;5;Braga;Cabeceiras de Basto;Pedraça;Outros/Não definido;1.0;1.0;1.0;45.0;03;0304;030413
2026;5;Braga;Cabeceiras de Basto;Rio Douro;LED;772.0;772.0;772.0;20561.0;03;0304;030415
2026;5;Braga;Cabeceiras de Basto;Rio Douro;Sódio;108.0;108.0;108.0;7540.0;03;0304;030415
2026;5;Braga;Cabeceiras de Basto;Alvite e Passos;LED;559.0;557.0;559.0;17597.000007629395;03;0304;030418
2026;5;Braga;Cabeceiras de Basto;Alvite e Passos;Sódio;23.0;23.0;23.0;1610.0;03;0304;030418
2026;5;Braga;Cabeceiras de Basto;Gondiães e Vilar de Cunhas;Sódio;47.0;47.0;47.0;3270.0;03;0304;030420
2026;5;Braga;Celorico de Basto;Arnóia;Outros/Não definido;4.0;4.0;4.0;;03;0305;030502
2026;5;Braga;Celorico de Basto;Moreira do Castelo;LED;287.0;282.0;287.0;8222.500015258789;03;0305;030515
2026;5;Braga;Celorico de Basto;Rego;LED;612.0;612.0;614.0;20562.09999847412;03;0305;030517
2026;5;Braga;Celorico de Basto;Ribas;LED;561.0;560.0;563.0;17187.099975585938;03;0305;030518
2026;5;Braga;Celorico de Basto;Basto (São Clemente);Sódio;5.0;5.0;5.0;1070.0;03;0305;030520
2026;5;Braga;Celorico de Basto;Vale de Bouro;Outros/Não definido;13.0;13.0;13.0;;03;0305;030521
2026;5;Braga;Celorico de Basto;Canedo de Basto e Corgo;Outros/Não definido;22.0;22.0;22.0;;03;0305;030525
2026;5;Braga;Celorico de Basto;Carvalho e Basto (Santa Tecla);LED;647.0;644.0;647.0;26787.700004577637;03;0305;030526
2026;5;Braga;Esposende;Antas;Outros/Não definido;32.0;32.0;32.0;45.0;03;0306;030601
2026;5;Braga;Esposende;Antas;Sódio;591.0;579.0;591.0;45660.0;03;0306;030601
2026;5;Braga;Esposende;Forjães;Fluorescente;5.0;5.0;5.0;750.0;03;0306;030608
2026;5;Braga;Esposende;Forjães;LED;386.0;377.0;386.0;15435.0;03;0306;030608
2026;5;Braga;Esposende;Forjães;Sódio;653.0;642.0;653.0;52540.0;03;0306;030608
2026;5;Braga;Esposende;Gemeses;LED;107.0;100.0;107.0;3253.0;03;0306;030610
2026;5;Braga;Esposende;Belinho e Mar;Iodeto Metálico;1.0;1.0;1.0;;03;0306;030617
2026;5;Braga;Esposende;Belinho e Mar;LED;274.0;270.0;274.0;12068.300003051758;03;0306;030617
2026;5;Braga;Esposende;Belinho e Mar;Sódio;576.0;562.0;576.0;44660.0;03;0306;030617
2026;5;Braga;Esposende;Fonte Boa e Rio Tinto;LED;460.0;460.0;460.0;18400.0;03;0306;030619
2026;5;Braga;Esposende;Palmeira de Faro e Curvos;LED;449.0;430.0;448.0;18741.0;03;0306;030620
2026;5;Braga;Fafe;Armil;LED;248.0;248.0;248.0;10444.0;03;0307;030705
2026;5;Braga;Fafe;Armil;Sódio;63.0;63.0;63.0;4890.0;03;0307;030705
2026;5;Braga;Fafe;Fornelos;LED;384.0;384.0;384.0;16978.0;03;0307;030712
2026;5;Braga;Fafe;Fornelos;Mercúrio;4.0;4.0;4.0;270.0;03;0307;030712
2026;5;Braga;Fafe;Fornelos;Outros/Não definido;9.0;9.0;9.0;;03;0307;030712
2026;5;Braga;Fafe;Golães;LED;519.0;519.0;519.0;21620.0;03;0307;030714
2026;5;Braga;Fafe;Golães;Outros/Não definido;21.0;21.0;21.0;475.0;03;0307;030714
2026;5;Braga;Fafe;Paços;Sódio;9.0;9.0;9.0;630.0;03;0307;030719
2026;5;Braga;Fafe;Ribeiros;LED;363.0;363.0;363.0;13519.400001525879;03;0307;030725
2026;5;Braga;Fafe;Ribeiros;Mercúrio;8.0;8.0;8.0;400.0;03;0307;030725
2026;5;Braga;Fafe;Ribeiros;Outros/Não definido;1.0;1.0;1.0;;03;0307;030725
2026;5;Braga;Fafe;São Gens;LED;710.0;704.0;710.0;36227.500076293945;03;0307;030728
2026;5;Braga;Fafe;São Gens;Mercúrio;2.0;2.0;2.0;100.0;03;0307;030728
2026;5;Braga;Fafe;São Gens;Outros/Não definido;7.0;7.0;7.0;;03;0307;030728
2026;5;Braga;Fafe;Travassós;Outros/Não definido;3.0;3.0;3.0;;03;0307;030733
2026;5;Braga;Fafe;Travassós;Sódio;55.0;55.0;55.0;3850.0;03;0307;030733
2026;5;Braga;Fafe;Aboim, Felgueiras, Gontim e Pedraído;LED;613.0;613.0;613.0;22759.0;03;0307;030737
2026;5;Braga;Fafe;Aboim, Felgueiras, Gontim e Pedraído;Outros/Não definido;24.0;24.0;24.0;;03;0307;030737
2026;5;Braga;Fafe;Agrela e Serafão;Sódio;65.0;65.0;65.0;4910.0;03;0307;030738
2026;5;Braga;Fafe;Antime e Silvares (São Clemente);Outros/Não definido;19.0;19.0;19.0;90.0;03;0307;030739
2026;5;Braga;Fafe;Ardegão, Arnozela e Seidões;LED;668.0;668.0;668.0;24400.0;03;0307;030740
2026;5;Braga;Fafe;Ardegão, Arnozela e Seidões;Sódio;87.0;87.0;87.0;6150.0;03;0307;030740
2026;5;Braga;Fafe;Cepães e Fareja;Mercúrio;3.0;3.0;3.0;150.0;03;0307;030741
2026;5;Braga;Fafe;Freitas e Vila Cova;LED;703.0;703.0;703.0;29980.0;03;0307;030742
2026;5;Braga;Fafe;Freitas e Vila Cova;Sódio;44.0;44.0;44.0;3080.0;03;0307;030742
2026;5;Braga;Fafe;Moreira do Rei e Várzea Cova;Outros/Não definido;1.0;1.0;1.0;;03;0307;030744
2026;5;Braga;Fafe;Moreira do Rei e Várzea Cova;Sódio;50.0;50.0;50.0;4060.0;03;0307;030744
2026;5;Braga;Guimarães;Azurém;Mercúrio;12.0;12.0;12.0;840.0;03;0308;030804
2026;5;Braga;Guimarães;Azurém;Outros/Não definido;254.0;254.0;254.0;;03;0308;030804
2026;5;Braga;Guimarães;Barco;LED;568.0;533.0;568.0;21028.499965667725;03;0308;030806
2026;5;Braga;Guimarães;Barco;Mercúrio;1.0;1.0;1.0;50.0;03;0308;030806
2026;5;Braga;Guimarães;Gondar;Mercúrio;3.0;3.0;3.0;150.0;03;0308;030821
2026;5;Braga;Guimarães;Gondar;Sódio;47.0;47.0;47.0;5580.0;03;0308;030821
2026;5;Braga;Guimarães;Infantas;LED;414.0;414.0;414.0;12395.299816131592;03;0308;030824
2026;5;Braga;Guimarães;Infantas;Outros/Não definido;29.0;29.0;29.0;1610.0;03;0308;030824
2026;5;Braga;Guimarães;Longos;Outros/Não definido;9.0;9.0;9.0;70.0;03;0308;030827
2026;5;Braga;Guimarães;Pencelo;Mercúrio;7.0;7.0;7.0;500.0;03;0308;030835
2026;5;Braga;Guimarães;Pinheiro;LED;316.0;316.0;316.0;9058.599815368652;03;0308;030836
2026;5;Braga;Guimarães;Pinheiro;Sódio;105.0;105.0;105.0;7670.0;03;0308;030836
2026;5;Braga;Guimarães;Prazins (Santa Eufémia);LED;402.0;398.0;402.0;12732.699878692627;03;0308;030842
2026;5;Braga;Guimarães;Prazins (Santa Eufémia);Outros/Não definido;11.0;11.0;11.0;90.0;03;0308;030842
2026;5;Braga;Guimarães;Prazins (Santa Eufémia);Sódio;13.0;13.0;13.0;990.0;03;0308;030842
2026;5;Braga;Guimarães;Selho (São Cristóvão);LED;392.0;384.0;392.0;14823.89998626709;03;0308;030850
2026;5;Braga;Guimarães;Selho (São Cristóvão);Sódio;25.0;25.0;25.0;3450.0;03;0308;030850
2026;5;Braga;Guimarães;Candoso (São Martinho);Mercúrio;4.0;4.0;4.0;260.0;03;0308;030857
2026;5;Braga;Guimarães;Candoso (São Martinho);Outros/Não definido;35.0;35.0;35.0;;03;0308;030857
2026;5;Braga;Guimarães;São Torcato;LED;1183.0;1161.0;1183.0;39952.099811553955;03;0308;030865
2026;5;Braga;Guimarães;Silvares;LED;431.0;409.0;431.0;19987.40008163452;03;0308;030868
2026;5;Braga;Guimarães;Silvares;Outros/Não definido;9.0;9.0;9.0;;03;0308;030868
2026;5;Braga;Guimarães;Silvares;Sódio;294.0;288.0;310.0;25530.0;03;0308;030868
2026;5;Braga;Guimarães;Atães e Rendufe;LED;917.0;917.0;917.0;32494.49998855591;03;0308;030878
2026;5;Braga;Guimarães;Atães e Rendufe;Sódio;52.0;52.0;52.0;3640.0;03;0308;030878
2026;5;Braga;Guimarães;Candoso São Tiago e Mascotelos;LED;599.0;561.0;599.0;19645.700002670288;03;0308;030881
2026;5;Braga;Guimarães;Candoso São Tiago e Mascotelos;Mercúrio;5.0;5.0;5.0;280.0;03;0308;030881
2026;5;Braga;Guimarães;Sande Vila Nova e Sande São Clemente;Outros/Não definido;8.0;8.0;8.0;;03;0308;030887
2026;5;Braga;Guimarães;Sande Vila Nova e Sande São Clemente;Sódio;133.0;131.0;133.0;10310.0;03;0308;030887
2026;5;Braga;Guimarães;Selho São Lourenço e Gominhães;Outros/Não definido;8.0;8.0;8.0;180.0;03;0308;030888
2026;5;Braga;Guimarães;Serzedo e Calvos;LED;758.0;757.0;758.0;21202.099815368652;03;0308;030889
2026;5;Braga;Póvoa de Lanhoso;Póvoa de Lanhoso (Nossa Senhora do Amparo);Outros/Não definido;1.0;1.0;1.0;;03;0309;030919
2026;5;Braga;Póvoa de Lanhoso;Fonte Arcada e Oliveira;LED;977.0;957.0;977.0;27555.0;03;0309;030934
2026;5;Braga;Vieira do Minho;Eira Vedra;LED;432.0;427.0;432.0;16482.0;03;0311;031107
2026;5;Braga;Vieira do Minho;Anjos e Vilar do Chão;Outros/Não definido;10.0;10.0;10.0;;03;0311;031123
2026;5;Braga;Vila Nova de Famalicão;Delães;Outros/Não definido;3.0;3.0;3.0;300.0;03;0312;031213
2026;5;Braga;Vila Nova de Famalicão;Joane;Mercúrio;1.0;1.0;1.0;80.0;03;0312;031219
2026;5;Braga;Vila Nova de Famalicão;Requião;Outros/Não definido;31.0;31.0;31.0;;03;0312;031233
2026;5;Braga;Vila Nova de Famalicão;Vale (São Martinho);Sódio;130.0;126.0;130.0;12660.0;03;0312;031241
2026;5;Braga;Vila Nova de Famalicão;Vilarinho das Cambas;Sódio;288.0;285.0;288.0;31950.0;03;0312;031249
2026;5;Braga;Vila Nova de Famalicão;Vila Nova de Famalicão e Calendário;Sódio;1917.0;1842.0;1922.0;265210.0;03;0312;031260
2026;5;Braga;Vila Verde;Gême;Outros/Não definido;23.0;22.0;23.0;100.0;03;0313;031317
2026;5;Braga;Vila Verde;Lage;Sódio;26.0;26.0;26.0;2300.0;03;0313;031323
2026;5;Braga;Vila Verde;Vila de Prado;Outros/Não definido;297.0;281.0;297.0;275.0;03;0313;031342
2026;5;Braga;Vila Verde;Soutelo;LED;686.0;684.0;686.0;29049.10000228882;03;0313;031352
2026;5;Braga;Vila Verde;Soutelo;Outros/Não definido;77.0;76.0;77.0;90.0;03;0313;031352
2026;5;Braga;Vila Verde;Soutelo;Sódio;155.0;144.0;155.0;15510.0;03;0313;031352
2026;5;Braga;Vila Verde;Turiz;LED;345.0;345.0;345.0;14044.0;03;0313;031354
2026;5;Bragança;Bragança;Izeda, Calvelhe e Paradinha Nova;LED;675.0;646.0;675.0;26727.0;04;0402;040252
2026;5;Bragança;Bragança;Izeda, Calvelhe e Paradinha Nova;Sódio;8.0;8.0;8.0;3200.0;04;0402;040252
2026;5;Braga;Guimarães;Airão Santa Maria, Airão São João e Vermil;LED;926.0;926.0;926.0;28734.199668884277;03;0308;030876
2026;5;Braga;Guimarães;Airão Santa Maria, Airão São João e Vermil;Mercúrio;2.0;2.0;2.0;160.0;03;0308;030876
2026;5;Braga;Guimarães;Airão Santa Maria, Airão São João e Vermil;Outros/Não definido;8.0;8.0;8.0;;03;0308;030876
2026;5;Braga;Guimarães;Airão Santa Maria, Airão São João e Vermil;Sódio;107.0;107.0;107.0;7550.0;03;0308;030876
2026;5;Braga;Guimarães;Briteiros Santo Estêvão e Donim;Mercúrio;1.0;1.0;1.0;80.0;03;0308;030879
2026;5;Braga;Guimarães;Briteiros São Salvador e Briteiros Santa Leocádia;Outros/Não definido;3.0;3.0;3.0;;03;0308;030880
2026;5;Braga;Guimarães;Leitões, Oleiros e Figueiredo;Sódio;40.0;40.0;40.0;2860.0;03;0308;030883
2026;5;Braga;Guimarães;Prazins Santo Tirso e Corvite;LED;666.0;666.0;666.0;23887.899810791016;03;0308;030885
2026;5;Braga;Guimarães;Souto Santa Maria, Souto São Salvador e Gondomar;Sódio;42.0;42.0;42.0;3160.0;03;0308;030890
2026;5;Braga;Guimarães;Tabuadelo e São Faustino;LED;554.0;554.0;554.0;18516.699825286865;03;0308;030891
2026;5;Braga;Guimarães;Tabuadelo e São Faustino;Outros/Não definido;9.0;9.0;9.0;;03;0308;030891
2026;5;Braga;Póvoa de Lanhoso;Galegos;LED;272.0;268.0;272.0;7860.0;03;0309;030912
2026;5;Braga;Póvoa de Lanhoso;Galegos;Outros/Não definido;17.0;16.0;16.0;135.0;03;0309;030912
2026;5;Braga;Póvoa de Lanhoso;Garfe;LED;467.0;461.0;467.0;10512.0;03;0309;030913
2026;5;Braga;Póvoa de Lanhoso;Lanhoso;Outros/Não definido;3.0;3.0;3.0;135.0;03;0309;030915
2026;5;Braga;Póvoa de Lanhoso;Monsul;LED;443.0;440.0;443.0;13150.60001373291;03;0309;030917
2026;5;Braga;Póvoa de Lanhoso;Rendufinho;LED;400.0;400.0;400.0;14438.0;03;0309;030921
2026;5;Braga;Póvoa de Lanhoso;Santo Emilião;LED;326.0;321.0;326.0;8217.0;03;0309;030922
2026;5;Braga;Póvoa de Lanhoso;Serzedelo;LED;514.0;508.0;514.0;11468.0;03;0309;030924
2026;5;Braga;Póvoa de Lanhoso;Serzedelo;Outros/Não definido;29.0;29.0;29.0;;03;0309;030924
2026;5;Braga;Póvoa de Lanhoso;Taíde;LED;842.0;833.0;842.0;21209.0;03;0309;030926
2026;5;Braga;Póvoa de Lanhoso;Travassos;LED;350.0;347.0;350.0;7641.0;03;0309;030927
2026;5;Braga;Póvoa de Lanhoso;Vilela;LED;395.0;389.0;395.0;9848.0;03;0309;030929
2026;5;Braga;Póvoa de Lanhoso;Calvos e Frades;Outros/Não definido;1.0;1.0;1.0;;03;0309;030931
2026;5;Braga;Póvoa de Lanhoso;Campos e Louredo;LED;616.0;607.0;616.0;15555.0;03;0309;030932
2026;5;Braga;Póvoa de Lanhoso;Esperança e Brunhais;Outros/Não definido;3.0;3.0;3.0;;03;0309;030933
2026;5;Braga;Terras de Bouro;Balança;Outros/Não definido;21.0;21.0;21.0;180.0;03;0310;031001
2026;5;Braga;Terras de Bouro;Carvalheira;Outros/Não definido;6.0;6.0;6.0;;03;0310;031004
2026;5;Braga;Terras de Bouro;Covide;Outros/Não definido;5.0;5.0;5.0;;03;0310;031008
2026;5;Braga;Terras de Bouro;Covide;Sódio;12.0;12.0;12.0;920.0;03;0310;031008
2026;5;Braga;Terras de Bouro;Gondoriz;Outros/Não definido;7.0;7.0;7.0;45.0;03;0310;031009
2026;5;Braga;Terras de Bouro;Gondoriz;Sódio;31.0;31.0;31.0;2530.0;03;0310;031009
2026;5;Braga;Terras de Bouro;Moimenta;Outros/Não definido;68.0;67.0;67.0;180.0;03;0310;031010
2026;5;Braga;Terras de Bouro;Moimenta;Sódio;53.0;39.0;53.0;4760.0;03;0310;031010
2026;5;Braga;Terras de Bouro;Ribeira;LED;127.0;127.0;127.0;3845.0;03;0310;031012
2026;5;Braga;Terras de Bouro;Ribeira;Outros/Não definido;24.0;24.0;24.0;45.0;03;0310;031012
2026;5;Braga;Terras de Bouro;Rio Caldo;LED;531.0;510.0;531.0;22414.600017547607;03;0310;031013
2026;5;Braga;Terras de Bouro;Souto;Sódio;19.0;17.0;19.0;1360.0;03;0310;031014
2026;5;Braga;Terras de Bouro;Valdosende;Sódio;44.0;44.0;44.0;3240.0;03;0310;031015
2026;5;Braga;Terras de Bouro;Vilar da Veiga;Outros/Não definido;46.0;46.0;46.0;1120.0;03;0310;031017
2026;5;Braga;Terras de Bouro;Chamoim e Vilar;Sódio;22.0;22.0;22.0;1900.0;03;0310;031018
2026;5;Braga;Terras de Bouro;Cibões e Brufe;Sódio;53.0;53.0;53.0;3710.0;03;0310;031020
2026;5;Braga;Vieira do Minho;Cantelães;Outros/Não definido;4.0;4.0;4.0;180.0;03;0311;031105
2026;5;Braga;Vieira do Minho;Guilhofrei;LED;493.0;487.0;493.0;18432.0;03;0311;031108
2026;5;Braga;Vieira do Minho;Louredo;LED;352.0;350.0;352.0;12840.0;03;0311;031109
2026;5;Braga;Vieira do Minho;Louredo;Outros/Não definido;4.0;4.0;4.0;180.0;03;0311;031109
2026;5;Braga;Vieira do Minho;Mosteiro;Indução;1.0;1.0;1.0;70.0;03;0311;031110
2026;5;Braga;Vieira do Minho;Mosteiro;LED;468.0;463.0;467.0;17172.0;03;0311;031110
2026;5;Braga;Vieira do Minho;Parada de Bouro;LED;310.0;310.0;310.0;11972.0;03;0311;031111
2026;5;Braga;Vieira do Minho;Pinheiro;Outros/Não definido;4.0;4.0;4.0;135.0;03;0311;031112
2026;5;Braga;Vieira do Minho;Rossas;LED;914.0;913.0;913.0;34904.0;03;0311;031113
2026;5;Braga;Vieira do Minho;Rossas;Outros/Não definido;10.0;10.0;10.0;90.0;03;0311;031113
2026;5;Braga;Vieira do Minho;Tabuaças;Indução;10.0;10.0;10.0;500.0;03;0311;031118
2026;5;Braga;Vieira do Minho;Caniçada e Soengas;Outros/Não definido;5.0;5.0;5.0;135.0;03;0311;031124
2026;5;Braga;Vieira do Minho;Ruivães e Campos;Outros/Não definido;13.0;13.0;13.0;315.0;03;0311;031125
2026;5;Braga;Vila Nova de Famalicão;Bairro;Iodeto Metálico;2.0;2.0;2.0;200.0;03;0312;031204
2026;5;Braga;Vila Nova de Famalicão;Brufe;Iodeto Metálico;20.0;11.0;20.0;1170.0;03;0312;031206
2026;5;Braga;Vila Nova de Famalicão;Brufe;Outros/Não definido;11.0;11.0;11.0;45.0;03;0312;031206
2026;5;Braga;Vila Nova de Famalicão;Brufe;Sódio;206.0;206.0;206.0;25150.0;03;0312;031206
2026;5;Braga;Vila Nova de Famalicão;Castelões;LED;437.0;435.0;437.0;17986.300003051758;03;0312;031210
2026;5;Braga;Vila Nova de Famalicão;Cruz;Sódio;59.0;59.0;59.0;5600.0;03;0312;031212
2026;5;Braga;Vila Nova de Famalicão;Fradelos;Outros/Não definido;13.0;13.0;13.0;;03;0312;031215
2026;5;Braga;Vila Nova de Famalicão;Fradelos;Sódio;226.0;219.0;226.0;26570.0;03;0312;031215
2026;5;Braga;Vila Nova de Famalicão;Gavião;Outros/Não definido;66.0;66.0;66.0;3381.0;03;0312;031216
2026;5;Braga;Vila Nova de Famalicão;Louro;LED;7.0;7.0;7.0;302.0;03;0312;031223
2026;5;Braga;Vila Nova de Famalicão;Lousado;Outros/Não definido;33.0;33.0;33.0;;03;0312;031224
2026;5;Braga;Vila Nova de Famalicão;Mogege;LED;563.0;563.0;563.0;22852.0;03;0312;031225
2026;5;Braga;Vila Nova de Famalicão;Mogege;Outros/Não definido;18.0;13.0;13.0;315.0;03;0312;031225
2026;5;Braga;Vila Nova de Famalicão;Nine;LED;8.0;8.0;8.0;256.0;03;0312;031227
2026;5;Braga;Vila Nova de Famalicão;Pedome;Sódio;92.0;92.0;92.0;10600.0;03;0312;031230
2026;5;Braga;Vila Nova de Famalicão;Riba de Ave;Outros/Não definido;7.0;6.0;6.0;23.0;03;0312;031234
2026;5;Braga;Vila Nova de Famalicão;Ribeirão;Outros/Não definido;32.0;32.0;32.0;;03;0312;031235
2026;5;Braga;Vila Nova de Famalicão;Oliveira (São Mateus);Sódio;94.0;81.0;94.0;8950.0;03;0312;031242
2026;5;Braga;Vila Nova de Famalicão;Vermoim;LED;744.0;728.0;744.0;31802.0;03;0312;031247
2026;5;Braga;Vila Nova de Famalicão;Antas e Abade de Vermoim;LED;1086.0;1072.0;1109.0;59756.90041351318;03;0312;031250
2026;5;Braga;Vila Nova de Famalicão;Antas e Abade de Vermoim;Sódio;916.0;834.0;923.0;117170.0;03;0312;031250
2026;5;Braga;Vila Nova de Famalicão;Carreira e Bente;LED;73.0;73.0;73.0;3303.0;03;0312;031253
2026;5;Braga;Vila Nova de Famalicão;Ruivães e Novais;LED;9.0;9.0;9.0;418.0;03;0312;031257
2026;5;Braga;Vila Nova de Famalicão;Seide;LED;197.0;195.0;197.0;9035.0;03;0312;031258
2026;5;Braga;Vila Nova de Famalicão;Seide;Outros/Não definido;4.0;4.0;4.0;;03;0312;031258
2026;5;Braga;Vila Verde;Cervães;LED;764.0;764.0;764.0;28377.0;03;0313;031309
2026;5;Braga;Vila Verde;Cervães;Mercúrio;4.0;4.0;4.0;320.0;03;0313;031309
2026;5;Braga;Vila Verde;Coucieiro;Mercúrio;2.0;2.0;2.0;120.0;03;0313;031311
2026;5;Braga;Vila Verde;Coucieiro;Outros/Não definido;26.0;26.0;26.0;77.0;03;0313;031311
2026;5;Braga;Vila Verde;Coucieiro;Sódio;72.0;70.0;72.0;4980.0;03;0313;031311
2026;5;Braga;Vila Verde;Loureira;LED;172.0;172.0;172.0;6505.0;03;0313;031325
2026;5;Braga;Vila Verde;Loureira;Mercúrio;10.0;10.0;10.0;1500.0;03;0313;031325
2026;5;Braga;Vila Verde;Loureira;Sódio;107.0;105.0;107.0;11950.0;03;0313;031325
2026;5;Braga;Vila Verde;Moure;LED;240.0;238.0;240.0;8984.400001525879;03;0313;031328
2026;5;Braga;Vila Verde;Moure;Sódio;265.0;260.0;265.0;23530.0;03;0313;031328
2026;5;Braga;Vila Verde;Oleiros;Outros/Não definido;8.0;8.0;8.0;;03;0313;031330
2026;5;Braga;Vila Verde;Oleiros;Sódio;411.0;411.0;411.0;40570.0;03;0313;031330
2026;5;Braga;Vila Verde;Parada de Gatim;Sódio;40.0;40.0;40.0;3340.0;03;0313;031331
2026;5;Braga;Vila Verde;Ponte;LED;190.0;190.0;190.0;7036.0;03;0313;031337
2026;5;Braga;Vila Verde;Sabariz;Outros/Não definido;13.0;13.0;13.0;;03;0313;031340
2026;5;Braga;Vila Verde;Valdreu;LED;169.0;169.0;169.0;8152.0;03;0313;031355
2026;5;Braga;Vila Verde;Valdreu;Outros/Não definido;16.0;16.0;16.0;270.0;03;0313;031355
2026;5;Braga;Vila Verde;Valdreu;Sódio;397.0;397.0;397.0;29550.0;03;0313;031355
2026;5;Braga;Vila Verde;Aboim da Nóbrega e Gondomar;LED;531.0;531.0;531.0;18231.000007629395;03;0313;031359
2026;5;Braga;Vila Verde;Ribeira do Neiva;Outros/Não definido;34.0;34.0;34.0;270.0;03;0313;031360
2026;5;Braga;Vila Verde;Ribeira do Neiva;Sódio;244.0;244.0;244.0;21770.0;03;0313;031360
2026;5;Braga;Vila Verde;Carreiras (São Miguel) e Carreiras (Santiago);Sódio;112.0;112.0;112.0;9140.0;03;0313;031361
2026;5;Braga;Vila Verde;Escariz (São Mamede) e Escariz (São Martinho);LED;385.0;385.0;385.0;14736.20004272461;03;0313;031362
2026;5;Braga;Vila Verde;Escariz (São Mamede) e Escariz (São Martinho);Sódio;55.0;55.0;55.0;5580.0;03;0313;031362
2026;5;Braga;Vila Verde;Marrancos e Arcozelo;LED;480.0;480.0;480.0;18105.0;03;0313;031364
2026;5;Braga;Vila Verde;Marrancos e Arcozelo;Mercúrio;1.0;1.0;1.0;50.0;03;0313;031364
2026;5;Braga;Vila Verde;Oriz (Santa Marinha) e Oriz (São Miguel);Sódio;247.0;247.0;247.0;18800.0;03;0313;031365
2026;5;Braga;Vila Verde;Pico de Regalados, Gondiães e Mós;LED;386.0;386.0;386.0;19403.600067138672;03;0313;031366
2026;5;Braga;Vila Verde;Pico de Regalados, Gondiães e Mós;Outros/Não definido;23.0;23.0;23.0;115.0;03;0313;031366
2026;5;Braga;Vila Verde;Valbom (São Pedro), Passô e Valbom (São Martinho);LED;209.0;209.0;209.0;8294.0;03;0313;031368
2026;5;Braga;Vila Verde;Valbom (São Pedro), Passô e Valbom (São Martinho);Outros/Não definido;15.0;15.0;15.0;;03;0313;031368
2026;5;Braga;Vizela;Infias;Outros/Não definido;20.0;20.0;20.0;;03;0314;031404
2026;5;Braga;Vizela;Tagilde e Vizela (São Paio);Sódio;42.0;42.0;42.0;3440.0;03;0314;031409
2026;5;Bragança;Bragança;Baçal;LED;324.0;324.0;324.0;10926.0;04;0402;040204
2026;5;Bragança;Bragança;Coelhoso;Outros/Não definido;3.0;3.0;3.0;;04;0402;040210
2026;5;Bragança;Bragança;Espinhosela;LED;280.0;280.0;280.0;11689.0;04;0402;040213
2026;5;Bragança;Bragança;França;Outros/Não definido;3.0;3.0;3.0;135.0;04;0402;040215
2026;5;Bragança;Bragança;Gimonde;Sódio;5.0;5.0;5.0;500.0;04;0402;040216
2026;5;Bragança;Bragança;Gondesende;LED;143.0;143.0;143.0;5919.400001525879;04;0402;040217
2026;5;Bragança;Bragança;Grijó de Parada;Sódio;2.0;2.0;2.0;140.0;04;0402;040219
2026;5;Bragança;Bragança;Macedo do Mato;Outros/Não definido;1.0;1.0;1.0;45.0;04;0402;040221
2026;5;Bragança;Bragança;Nogueira;LED;280.0;278.0;280.0;14246.0;04;0402;040225
2026;5;Bragança;Bragança;Outeiro;LED;308.0;308.0;308.0;11292.0;04;0402;040226
2026;5;Bragança;Bragança;Parâmio;LED;218.0;218.0;218.0;8715.0;04;0402;040229
2026;5;Bragança;Bragança;Pinela;LED;235.0;235.0;235.0;9349.0;04;0402;040230
2026;5;Bragança;Bragança;Quintanilha;LED;228.0;228.0;228.0;8942.0;04;0402;040232
2026;5;Bragança;Bragança;Quintanilha;Outros/Não definido;11.0;11.0;11.0;45.0;04;0402;040232
2026;5;Bragança;Bragança;Quintela de Lampaças;LED;236.0;236.0;236.0;9761.0;04;0402;040233
2026;5;Bragança;Bragança;Quintela de Lampaças;Outros/Não definido;2.0;2.0;2.0;90.0;04;0402;040233
2026;5;Bragança;Bragança;Quintela de Lampaças;Sódio;3.0;3.0;3.0;210.0;04;0402;040233
2026;5;Bragança;Bragança;Rabal;LED;157.0;157.0;157.0;3435.0;04;0402;040234
2026;5;Bragança;Bragança;Rabal;Outros/Não definido;6.0;6.0;6.0;;04;0402;040234
2026;5;Bragança;Bragança;Rebordãos;Outros/Não definido;1.0;1.0;1.0;45.0;04;0402;040236
2026;5;Bragança;Bragança;Salsas;Outros/Não definido;6.0;6.0;6.0;180.0;04;0402;040239
2026;5;Bragança;Bragança;São Pedro de Sarracenos;LED;265.0;265.0;265.0;11143.0;04;0402;040244
2026;5;Bragança;Bragança;Serapicos;LED;95.0;95.0;95.0;4250.0;04;0402;040247
2026;5;Bragança;Bragança;Serapicos;Outros/Não definido;6.0;6.0;6.0;;04;0402;040247
2026;5;Bragança;Bragança;Sortes;Outros/Não definido;4.0;4.0;4.0;90.0;04;0402;040248
2026;5;Bragança;Bragança;Aveleda e Rio de Onor;LED;306.0;306.0;306.0;11251.0;04;0402;040250
2026;5;Bragança;Bragança;Parada e Failde;Outros/Não definido;2.0;2.0;2.0;45.0;04;0402;040253
2026;5;Bragança;Bragança;Parada e Failde;Sódio;7.0;5.0;7.0;430.0;04;0402;040253
2026;5;Bragança;Bragança;Rebordainhos e Pombares;LED;181.0;181.0;181.0;6915.0;04;0402;040254
2026;5;Bragança;Bragança;Rebordainhos e Pombares;Outros/Não definido;8.0;8.0;8.0;;04;0402;040254
2026;5;Bragança;Bragança;Rio Frio e Milhão;LED;391.0;391.0;391.0;16717.0;04;0402;040255
2026;5;Bragança;Carrazeda de Ansiães;Amedo e Zedes;Outros/Não definido;15.0;15.0;15.0;;04;0403;040320
2026;5;Bragança;Macedo de Cavaleiros;Lamas;Outros/Não definido;10.0;10.0;10.0;;04;0405;040518
2026;5;Bragança;Miranda do douro;Miranda do Douro;Fluorescente;64.0;64.0;64.0;3200.0;04;0406;040608
2026;5;Bragança;Mirandela;Mascarenhas;LED;358.0;358.0;358.0;15119.0;04;0407;040720
2026;5;Bragança;Mirandela;Mirandela;LED;3779.0;3414.0;3779.0;177177.40003204346;04;0407;040721
2026;5;Bragança;Mirandela;Mirandela;Outros/Não definido;266.0;259.0;266.0;715.0;04;0407;040721
2026;5;Bragança;Mirandela;Mirandela;Sódio;448.0;410.0;448.0;47211.0;04;0407;040721
2026;5;Bragança;Mogadouro;Penas Roias;Outros/Não definido;7.0;7.0;7.0;45.0;04;0408;040812
2026;5;Bragança;Mogadouro;Mogadouro, Valverde, Vale de Porco e Vilar de Rei;Outros/Não definido;222.0;218.0;222.0;2565.0;04;0408;040830
2026;5;Bragança;Vimioso;Vimioso;LED;1088.0;1037.0;1090.0;57424.400005340576;04;0411;041114
2026;5;Bragança;Vinhais;Vinhais;Sódio;5.0;5.0;5.0;380.0;04;0412;041235
2026;5;Castelo Branco;Castelo Branco;Lardosa;LED;497.0;497.0;521.0;28118.200019836426;05;0502;050211
2026;5;Castelo Branco;Castelo Branco;São Vicente da Beira;LED;1110.0;1110.0;1110.0;39116.600021362305;05;0502;050222
2026;5;Castelo Branco;Castelo Branco;São Vicente da Beira;Mercúrio;2.0;2.0;2.0;100.0;05;0502;050222
2026;5;Castelo Branco;Castelo Branco;Ninho do Açor e Sobral do Campo;Mercúrio;31.0;31.0;31.0;1550.0;05;0502;050230
2026;5;Castelo Branco;Castelo Branco;Ninho do Açor e Sobral do Campo;Sódio;48.0;48.0;48.0;2940.0;05;0502;050230
2026;5;Castelo Branco;Covilhã;Ferro;Mercúrio;15.0;15.0;15.0;750.0;05;0503;050311
2026;5;Castelo Branco;Covilhã;Covilhã e Canhoso;Fluorescente;8.0;8.0;8.0;640.0;05;0503;050335
2026;5;Bragança;Carrazeda de Ansiães;Fonte Longa;LED;230.0;230.0;230.0;8845.0;04;0403;040306
2026;5;Bragança;Carrazeda de Ansiães;Linhares;Outros/Não definido;21.0;21.0;21.0;405.0;04;0403;040308
2026;5;Bragança;Carrazeda de Ansiães;Parambos;Outros/Não definido;1.0;1.0;1.0;;04;0403;040311
2026;5;Bragança;Carrazeda de Ansiães;Pinhal do Norte;Outros/Não definido;4.0;4.0;4.0;;04;0403;040313
2026;5;Bragança;Carrazeda de Ansiães;Belver e Mogo de Malta;Outros/Não definido;8.0;8.0;8.0;45.0;04;0403;040321
2026;5;Bragança;Carrazeda de Ansiães;Castanheiro do Norte e Ribalonga;LED;365.0;365.0;365.0;14238.0;04;0403;040322
2026;5;Bragança;Carrazeda de Ansiães;Castanheiro do Norte e Ribalonga;Outros/Não definido;4.0;4.0;4.0;90.0;04;0403;040322
2026;5;Bragança;Macedo de Cavaleiros;Amendoeira;Outros/Não definido;5.0;5.0;5.0;45.0;04;0405;040502
2026;5;Bragança;Macedo de Cavaleiros;Arcas;LED;277.0;262.0;264.0;10391.0;04;0405;040503
2026;5;Bragança;Macedo de Cavaleiros;Arcas;Outros/Não definido;5.0;5.0;5.0;90.0;04;0405;040503
2026;5;Bragança;Macedo de Cavaleiros;Chacim;LED;307.0;301.0;307.0;10883.20000076294;04;0405;040509
2026;5;Bragança;Macedo de Cavaleiros;Cortiços;LED;318.0;318.0;318.0;12437.0;04;0405;040510
2026;5;Bragança;Macedo de Cavaleiros;Ferreira;LED;234.0;234.0;234.0;9035.0;04;0405;040514
2026;5;Bragança;Macedo de Cavaleiros;Ferreira;Outros/Não definido;1.0;1.0;1.0;45.0;04;0405;040514
2026;5;Bragança;Macedo de Cavaleiros;Grijó;Outros/Não definido;20.0;20.0;20.0;180.0;04;0405;040515
2026;5;Bragança;Macedo de Cavaleiros;Lagoa;LED;223.0;217.0;223.0;8460.400001525879;04;0405;040516
2026;5;Bragança;Macedo de Cavaleiros;Lagoa;Sódio;6.0;6.0;6.0;820.0;04;0405;040516
2026;5;Bragança;Macedo de Cavaleiros;Lombo;LED;45.0;45.0;45.0;1114.0;04;0405;040519
2026;5;Bragança;Macedo de Cavaleiros;Lombo;Outros/Não definido;1.0;1.0;1.0;;04;0405;040519
2026;5;Bragança;Macedo de Cavaleiros;Salselas;LED;345.0;345.0;345.0;10785.20000076294;04;0405;040526
2026;5;Bragança;Macedo de Cavaleiros;Salselas;Outros/Não definido;2.0;2.0;2.0;;04;0405;040526
2026;5;Bragança;Macedo de Cavaleiros;Salselas;Sódio;11.0;11.0;11.0;930.0;04;0405;040526
2026;5;Bragança;Macedo de Cavaleiros;Sezulfe;Outros/Não definido;2.0;2.0;2.0;;04;0405;040528
2026;5;Bragança;Macedo de Cavaleiros;Talhas;Sódio;40.0;40.0;40.0;2880.0;04;0405;040530
2026;5;Bragança;Macedo de Cavaleiros;Vale Benfeito;LED;168.0;168.0;168.0;7800.0;04;0405;040532
2026;5;Bragança;Macedo de Cavaleiros;Vale Benfeito;Sódio;1.0;1.0;1.0;70.0;04;0405;040532
2026;5;Bragança;Macedo de Cavaleiros;Vale da Porca;Outros/Não definido;10.0;10.0;10.0;45.0;04;0405;040533
2026;5;Bragança;Alfândega da Fé;Alfândega da Fé;LED;1301.0;1231.0;1303.0;101112.90003967285;04;0401;040102
2026;5;Bragança;Alfândega da Fé;Cerejais;LED;130.0;130.0;130.0;4796.400001525879;04;0401;040103
2026;5;Bragança;Alfândega da Fé;Vilar Chão;LED;218.0;210.0;218.0;8464.0;04;0401;040118
2026;5;Bragança;Alfândega da Fé;Vilar Chão;Outros/Não definido;2.0;2.0;2.0;45.0;04;0401;040118
2026;5;Bragança;Alfândega da Fé;Vilarelhos;Outros/Não definido;2.0;2.0;2.0;;04;0401;040119
2026;5;Bragança;Alfândega da Fé;Vilares de Vilariça;LED;188.0;173.0;173.0;6892.0;04;0401;040120
2026;5;Bragança;Alfândega da Fé;Eucisia, Gouveia e Valverde;Outros/Não definido;1.0;1.0;1.0;45.0;04;0401;040122
2026;5;Bragança;Freixo de Espada À Cinta;Ligares;Sódio;8.0;8.0;8.0;800.0;04;0404;040404
2026;5;Bragança;Freixo de Espada À Cinta;Poiares;Outros/Não definido;2.0;2.0;2.0;;04;0404;040406
2026;5;Bragança;Freixo de Espada À Cinta;Freixo de Espada à Cinta e Mazouco;LED;1100.0;1038.0;1100.0;77889.0;04;0404;040407
2026;5;Bragança;Freixo de Espada À Cinta;Lagoaça e Fornos;Outros/Não definido;46.0;46.0;46.0;;04;0404;040408
2026;5;Bragança;Macedo de Cavaleiros;Ala e Vilarinho do Monte;LED;375.0;375.0;375.0;12636.600044250488;04;0405;040539
2026;5;Bragança;Macedo de Cavaleiros;Ala e Vilarinho do Monte;Outros/Não definido;8.0;8.0;8.0;;04;0405;040539
2026;5;Bragança;Macedo de Cavaleiros;Bornes e Burga;Sódio;1.0;1.0;1.0;70.0;04;0405;040540
2026;5;Bragança;Macedo de Cavaleiros;Espadanedo, Edroso, Murçós e Soutelo Mourisco;Outros/Não definido;8.0;8.0;8.0;;04;0405;040542
2026;5;Bragança;Macedo de Cavaleiros;Espadanedo, Edroso, Murçós e Soutelo Mourisco;Sódio;9.0;9.0;9.0;810.0;04;0405;040542
2026;5;Bragança;Macedo de Cavaleiros;Podence e Santa Combinha;Mercúrio;1.0;1.0;1.0;70.0;04;0405;040543
2026;5;Bragança;Macedo de Cavaleiros;Talhinhas e Bagueixe;LED;318.0;318.0;318.0;12082.0;04;0405;040544
2026;5;Bragança;Miranda do douro;Genísio;Sódio;4.0;;;400.0;04;0406;040605
2026;5;Bragança;Miranda do douro;Malhadas;LED;248.0;248.0;248.0;7772.499925613403;04;0406;040607
2026;5;Bragança;Miranda do douro;Palaçoulo;Outros/Não definido;34.0;34.0;34.0;655.0;04;0406;040609
2026;5;Bragança;Miranda do douro;Póvoa;Sódio;5.0;3.0;5.0;450.0;04;0406;040612
2026;5;Bragança;Miranda do douro;Constantim e Cicouro;LED;213.0;209.0;209.0;8492.20000076294;04;0406;040618
2026;5;Bragança;Miranda do douro;Constantim e Cicouro;Outros/Não definido;12.0;12.0;12.0;90.0;04;0406;040618
2026;5;Bragança;Mirandela;Abambres;LED;298.0;294.0;298.0;12233.0;04;0407;040701
2026;5;Bragança;Mirandela;Abreiro;Outros/Não definido;7.0;7.0;7.0;;04;0407;040702
2026;5;Bragança;Mirandela;Alvites;Outros/Não definido;2.0;2.0;2.0;45.0;04;0407;040704
2026;5;Bragança;Mirandela;Caravelas;LED;113.0;113.0;113.0;4334.0;04;0407;040710
2026;5;Bragança;Mirandela;Caravelas;Outros/Não definido;13.0;13.0;13.0;225.0;04;0407;040710
2026;5;Bragança;Mirandela;Carvalhais;Sódio;9.0;6.0;8.0;790.0;04;0407;040711
2026;5;Bragança;Mirandela;Cobro;LED;117.0;117.0;117.0;5129.0;04;0407;040713
2026;5;Bragança;Mirandela;Fradizela;LED;131.0;131.0;131.0;2598.0;04;0407;040714
2026;5;Bragança;Mirandela;Frechas;LED;485.0;485.0;485.0;20233.0;04;0407;040716
2026;5;Bragança;Mirandela;Frechas;Outros/Não definido;37.0;36.0;37.0;135.0;04;0407;040716
2026;5;Bragança;Mirandela;Passos;LED;193.0;193.0;193.0;8108.0;04;0407;040724
2026;5;Bragança;Mirandela;São Pedro Velho;LED;231.0;231.0;231.0;9155.0;04;0407;040727
2026;5;Bragança;Mirandela;São Salvador;LED;110.0;110.0;110.0;3705.2000045776367;04;0407;040728
2026;5;Bragança;Mirandela;São Salvador;Outros/Não definido;28.0;28.0;28.0;;04;0407;040728
2026;5;Bragança;Mirandela;Suçães;LED;432.0;432.0;432.0;20788.0;04;0407;040729
2026;5;Bragança;Mirandela;Vale de Asnes;Sódio;9.0;9.0;9.0;630.0;04;0407;040731
2026;5;Bragança;Mirandela;Vale de Gouvinhas;LED;262.0;262.0;262.0;10186.0;04;0407;040732
2026;5;Bragança;Mirandela;Vale de Salgueiro;LED;200.0;200.0;200.0;7936.0;04;0407;040733
2026;5;Bragança;Mirandela;Vale de Salgueiro;Outros/Não definido;7.0;7.0;7.0;;04;0407;040733
2026;5;Bragança;Mirandela;Avidagos, Navalho e Pereira;LED;265.0;265.0;265.0;10791.0;04;0407;040739
2026;5;Bragança;Mirandela;Avidagos, Navalho e Pereira;Outros/Não definido;8.0;8.0;8.0;;04;0407;040739
2026;5;Bragança;Mirandela;Franco e Vila Boa;LED;314.0;314.0;314.0;11752.0;04;0407;040741
2026;5;Bragança;Mirandela;Freixeda e Vila Verde;LED;158.0;158.0;158.0;6204.0;04;0407;040742
2026;5;Bragança;Mogadouro;Azinhoso;LED;243.0;241.0;241.0;9328.0;04;0408;040801
2026;5;Bragança;Mogadouro;Bruçó;Sódio;3.0;3.0;3.0;210.0;04;0408;040803
2026;5;Bragança;Mogadouro;Brunhoso;LED;219.0;219.0;219.0;14295.000015258789;04;0408;040804
2026;5;Bragança;Mogadouro;Brunhoso;Outros/Não definido;5.0;5.0;5.0;;04;0408;040804
2026;5;Bragança;Mogadouro;Brunhoso;Sódio;7.0;4.0;7.0;600.0;04;0408;040804
2026;5;Bragança;Mogadouro;Castelo Branco;LED;334.0;334.0;336.0;11720.5;04;0408;040807
2026;5;Bragança;Mogadouro;Castelo Branco;Sódio;1.0;1.0;1.0;70.0;04;0408;040807
2026;5;Bragança;Mogadouro;Castro Vicente;LED;263.0;263.0;263.0;10135.0;04;0408;040808
2026;5;Bragança;Mogadouro;Castro Vicente;Outros/Não definido;3.0;3.0;3.0;;04;0408;040808
2026;5;Bragança;Mogadouro;Saldanha;LED;146.0;146.0;146.0;6223.0;04;0408;040815
2026;5;Bragança;Mogadouro;Tó;Outros/Não definido;3.0;3.0;3.0;;04;0408;040819
2026;5;Bragança;Mogadouro;Travanca;Outros/Não definido;25.0;25.0;25.0;70.0;04;0408;040820
2026;5;Bragança;Mogadouro;Urrós;LED;327.0;320.0;327.0;16056.70000076294;04;0408;040821
2026;5;Bragança;Mogadouro;Vale da Madre;LED;149.0;142.0;149.0;6749.800003051758;04;0408;040822
2026;5;Bragança;Mogadouro;Vilarinho dos Galegos e Ventozelo;Outros/Não definido;28.0;28.0;28.0;135.0;04;0408;040832
2026;5;Bragança;Mogadouro;Vilarinho dos Galegos e Ventozelo;Sódio;13.0;13.0;13.0;610.0;04;0408;040832
2026;5;Bragança;Vimioso;Carção;LED;374.0;366.0;374.0;15488.200004577637;04;0411;041107
2026;5;Bragança;Vimioso;Matela;LED;276.0;268.0;276.0;10430.0;04;0411;041108
2026;5;Bragança;Vimioso;Santulhão;LED;356.0;356.0;356.0;14440.0;04;0411;041110
2026;5;Bragança;Vinhais;Agrochão;LED;209.0;207.0;209.0;7781.0;04;0412;041201
2026;5;Bragança;Vinhais;Candedo;LED;300.0;297.0;300.0;11236.0;04;0412;041203
2026;5;Bragança;Vinhais;Candedo;Outros/Não definido;3.0;3.0;3.0;45.0;04;0412;041203
2026;5;Bragança;Vinhais;Celas;Outros/Não definido;83.0;83.0;83.0;;04;0412;041204
2026;5;Bragança;Vinhais;Edral;LED;265.0;265.0;265.0;9461.800117492676;04;0412;041206
2026;5;Bragança;Vinhais;Edrosa;Outros/Não definido;4.0;4.0;4.0;;04;0412;041207
2026;5;Bragança;Vinhais;Paçó;Outros/Não definido;1.0;1.0;1.0;45.0;04;0412;041215
2026;5;Bragança;Vinhais;Penhas Juntas;LED;261.0;261.0;261.0;9631.60001373291;04;0412;041216
2026;5;Bragança;Vinhais;Penhas Juntas;Outros/Não definido;12.0;12.0;12.0;135.0;04;0412;041216
2026;5;Bragança;Vinhais;Rebordelo;LED;497.0;497.0;497.0;17678.200004577637;04;0412;041219
2026;5;Bragança;Vinhais;Rebordelo;Outros/Não definido;22.0;22.0;22.0;90.0;04;0412;041219
2026;5;Bragança;Vinhais;Santalha;LED;309.0;309.0;309.0;9577.200004577637;04;0412;041221
2026;5;Bragança;Vinhais;Vila Boa de Ousilhão;LED;159.0;159.0;159.0;5914.0;04;0412;041229
2026;5;Bragança;Vinhais;Vilar de Ossos;Outros/Não definido;6.0;6.0;6.0;45.0;04;0412;041232
2026;5;Bragança;Vinhais;Vilar Seco de Lomba;Outros/Não definido;6.0;6.0;6.0;90.0;04;0412;041234
2026;5;Bragança;Vinhais;Curopos e Vale de Janeiro;Sódio;1.0;1.0;1.0;70.0;04;0412;041236
2026;5;Bragança;Vinhais;Nunes e Ousilhão;LED;247.0;247.0;247.0;9509.0;04;0412;041238
2026;5;Bragança;Vinhais;Quirás e Pinheiro Novo;Outros/Não definido;4.0;4.0;4.0;45.0;04;0412;041239
2026;5;Bragança;Vinhais;Sobreiro de Baixo e Alvaredos;Outros/Não definido;30.0;30.0;30.0;135.0;04;0412;041240
2026;5;Bragança;Vinhais;Soeira, Fresulfe e Mofreita;LED;329.0;329.0;329.0;12691.0;04;0412;041241
2026;5;Bragança;Vinhais;Soeira, Fresulfe e Mofreita;Sódio;3.0;3.0;3.0;210.0;04;0412;041241
2026;5;Castelo Branco;Castelo Branco;Almaceda;Outros/Não definido;5.0;5.0;5.0;45.0;05;0502;050202
2026;5;Castelo Branco;Castelo Branco;Santo André das Tojeiras;LED;1207.0;1207.0;1207.0;40745.80074310303;05;0502;050221
2026;5;Castelo Branco;Castelo Branco;Sarzedas;LED;1578.0;1578.0;1578.0;56817.20016479492;05;0502;050223
2026;5;Castelo Branco;Castelo Branco;Sarzedas;Outros/Não definido;44.0;41.0;41.0;186.0;05;0502;050223
2026;5;Castelo Branco;Castelo Branco;Sarzedas;Sódio;581.0;583.0;583.0;35980.0;05;0502;050223
2026;5;Castelo Branco;Castelo Branco;Tinalhas;Sódio;71.0;71.0;71.0;4890.0;05;0502;050225
2026;5;Castelo Branco;Castelo Branco;Escalos de Baixo e Mata;LED;507.0;507.0;507.0;14266.0;05;0502;050227
2026;5;Castelo Branco;Castelo Branco;Freixial e Juncal do Campo;LED;535.0;534.0;534.0;20092.400024414062;05;0502;050229
2026;5;Castelo Branco;Castelo Branco;Freixial e Juncal do Campo;Sódio;12.0;12.0;12.0;800.0;05;0502;050229
2026;5;Castelo Branco;Castelo Branco;Póvoa de Rio de Moinhos e Cafede;Sódio;179.0;179.0;179.0;16890.0;05;0502;050231
2026;5;Castelo Branco;Covilhã;Cortes do Meio;LED;77.0;77.0;77.0;3754.0;05;0503;050308
2026;5;Castelo Branco;Covilhã;Dominguizo;LED;88.0;87.0;88.0;3669.0;05;0503;050309
2026;5;Castelo Branco;Covilhã;Erada;LED;248.0;248.0;248.0;11010.800003051758;05;0503;050310
2026;5;Castelo Branco;Covilhã;Erada;Mercúrio;12.0;12.0;12.0;600.0;05;0503;050310
2026;5;Castelo Branco;Covilhã;Orjais;Mercúrio;8.0;8.0;8.0;420.0;05;0503;050312
2026;5;Castelo Branco;Covilhã;Orjais;Sódio;463.0;463.0;463.0;36220.0;05;0503;050312
2026;5;Castelo Branco;Covilhã;Paul;Mercúrio;1.0;1.0;1.0;50.0;05;0503;050314
2026;5;Castelo Branco;Covilhã;Peraboa;LED;279.0;279.0;279.0;9260.0;05;0503;050315
2026;5;Castelo Branco;Covilhã;Peraboa;Sódio;535.0;533.0;535.0;38460.0;05;0503;050315
2026;5;Castelo Branco;Covilhã;São Jorge da Beira;Mercúrio;5.0;5.0;5.0;250.0;05;0503;050318
2026;5;Castelo Branco;Covilhã;Sobral de São Miguel;Mercúrio;1.0;1.0;1.0;50.0;05;0503;050322
2026;5;Castelo Branco;Covilhã;Sobral de São Miguel;Sódio;237.0;237.0;237.0;17010.0;05;0503;050322
2026;5;Castelo Branco;Covilhã;Tortosendo;LED;322.0;322.0;322.0;12369.0;05;0503;050324
2026;5;Castelo Branco;Covilhã;Unhais da Serra;LED;7.0;7.0;7.0;269.0;05;0503;050325
2026;5;Castelo Branco;Covilhã;Verdelhos;LED;106.0;104.0;106.0;4175.0;05;0503;050327
2026;5;Castelo Branco;Covilhã;Barco e Coutada;Mercúrio;5.0;5.0;5.0;250.0;05;0503;050332
2026;5;Castelo Branco;Covilhã;Barco e Coutada;Outros/Não definido;27.0;17.0;21.0;45.0;05;0503;050332
2026;5;Castelo Branco;Covilhã;Cantar-Galo e Vila do Carvalho;LED;358.0;358.0;358.0;12297.0;05;0503;050333
2026;5;Castelo Branco;Covilhã;Cantar-Galo e Vila do Carvalho;Mercúrio;11.0;11.0;11.0;550.0;05;0503;050333
2026;5;Castelo Branco;Covilhã;Casegas e Ourondo;LED;144.0;144.0;144.0;6004.400001525879;05;0503;050334
2026;5;Castelo Branco;Covilhã;Peso e Vales do Rio;Sódio;795.0;790.0;795.0;61190.0;05;0503;050336
2026;5;Castelo Branco;Idanha-a-Nova;Rosmaninhal;LED;236.0;236.0;236.0;9845.0;05;0505;050512
2026;5;Castelo Branco;Idanha-a-Nova;Idanha-a-Nova e Alcafozes;Sódio;548.0;497.0;548.0;69710.0;05;0505;050518
2026;5;Castelo Branco;Sertã;Sertã;Outros/Não definido;118.0;117.0;129.0;620.0;05;0509;050912
2026;5;Castelo Branco;Vila de Rei;Vila de Rei;Sódio;75.0;57.0;75.0;6760.0;05;0510;051003
2026;5;Castelo Branco;Vila Velha de Ródão;Vila Velha de Ródão;Sódio;280.0;256.0;280.0;29000.0;05;0511;051104
2026;5;Coimbra;Cantanhede;Sepins e Bolho;Mercúrio;10.0;10.0;10.0;520.0;06;0602;060223
2026;5;Coimbra;Coimbra;Cernache;LED;1177.0;1168.0;1177.0;42193.0;06;0603;060312
2026;5;Coimbra;Coimbra;Cernache;Mercúrio;26.0;26.0;26.0;2155.0;06;0603;060312
2026;5;Coimbra;Coimbra;Santo António dos Olivais;Fluorescente;29.0;29.0;29.0;1750.0;06;0603;060318
2026;5;Coimbra;Coimbra;Assafarge e Antanhol;Mercúrio;2.0;2.0;2.0;100.0;06;0603;060333
2026;5;Coimbra;Coimbra;Assafarge e Antanhol;Outros/Não definido;15.0;15.0;15.0;135.0;06;0603;060333
2026;5;Coimbra;Coimbra;Sé Nova, Santa Cruz, Almedina e São Bartolomeu;Mercúrio;58.0;58.0;58.0;6780.0;06;0603;060334
2026;5;Coimbra;Coimbra;Sé Nova, Santa Cruz, Almedina e São Bartolomeu;Sódio;1015.0;945.0;1015.0;123530.0;06;0603;060334
2026;5;Coimbra;Coimbra;Eiras e São Paulo de Frades;LED;1472.0;1365.0;1472.0;66049.40003585815;06;0603;060335
2026;5;Coimbra;Coimbra;São Martinho do Bispo e Ribeira de Frades;Fluorescente;2.0;2.0;2.0;800.0;06;0603;060338
2026;5;Coimbra;Coimbra;São Martinho do Bispo e Ribeira de Frades;Iodeto Metálico;2.0;2.0;2.0;100.0;06;0603;060338
2026;5;Coimbra;Coimbra;Souselas e Botão;Iodeto Metálico;26.0;13.0;26.0;910.0;06;0603;060339
2026;5;Coimbra;Coimbra;Souselas e Botão;Mercúrio;17.0;17.0;17.0;850.0;06;0603;060339
2026;5;Coimbra;Coimbra;Souselas e Botão;Sódio;742.0;741.0;742.0;65350.0;06;0603;060339
2026;5;Coimbra;Coimbra;Taveiro, Ameal e Arzila;LED;364.0;361.0;364.0;13305.500003814697;06;0603;060340
2026;5;Coimbra;Coimbra;Taveiro, Ameal e Arzila;Outros/Não definido;51.0;51.0;51.0;295.0;06;0603;060340
2026;5;Coimbra;Condeixa-a-Nova;Sebal e Belide;LED;1133.0;1129.0;1133.0;63955.0;06;0604;060412
2026;5;Coimbra;Figueira da Foz;Alqueidão;Outros/Não definido;1.0;1.0;1.0;;06;0605;060502
2026;5;Coimbra;Figueira da Foz;Alqueidão;Sódio;1.0;1.0;1.0;70.0;06;0605;060502
2026;5;Coimbra;Figueira da Foz;Tavarede;LED;2669.0;2485.0;2669.0;87460.0;06;0605;060512
2026;5;Coimbra;Figueira da Foz;Quiaios;LED;1798.0;1757.0;1802.0;48702.0;06;0605;060524
2026;5;Coimbra;Góis;Alvares;Mercúrio;2.0;2.0;2.0;100.0;06;0606;060601
2026;5;Coimbra;Mira;Praia de Mira;LED;1946.0;1835.0;1946.0;86019.20001983643;06;0608;060804
2026;5;Coimbra;Mira;Praia de Mira;Mercúrio;12.0;10.0;12.0;725.0;06;0608;060804
2026;5;Coimbra;Mira;Praia de Mira;Outros/Não definido;72.0;72.0;72.0;6495.0;06;0608;060804
2026;5;Coimbra;Mira;Praia de Mira;Sódio;68.0;68.0;68.0;5020.0;06;0608;060804
2026;5;Coimbra;Miranda do Corvo;Miranda do Corvo;Mercúrio;41.0;41.0;41.0;2050.0;06;0609;060902
2026;5;Castelo Branco;Covilhã;Teixoso e Sarzedo;Outros/Não definido;40.0;33.0;33.0;550.0;05;0503;050337
2026;5;Castelo Branco;Covilhã;Teixoso e Sarzedo;Sódio;2100.0;2086.0;2100.0;197940.0;05;0503;050337
2026;5;Castelo Branco;Covilhã;Vale Formoso e Aldeia do Souto;Outros/Não definido;9.0;7.0;7.0;180.0;05;0503;050338
2026;5;Castelo Branco;Fundão;Alcongosta;LED;406.0;406.0;406.0;10001.0;05;0504;050403
2026;5;Castelo Branco;Fundão;Barroca;LED;445.0;440.0;444.0;11086.0;05;0504;050408
2026;5;Bragança;Torre de Moncorvo;Açoreira;LED;239.0;237.0;239.0;4949.0;04;0409;040901
2026;5;Bragança;Torre de Moncorvo;Cabeça Boa;Outros/Não definido;12.0;12.0;12.0;180.0;04;0409;040903
2026;5;Bragança;Torre de Moncorvo;Larinho;Outros/Não definido;2.0;2.0;2.0;;04;0409;040910
2026;5;Bragança;Torre de Moncorvo;Larinho;Sódio;16.0;16.0;16.0;1870.0;04;0409;040910
2026;5;Bragança;Torre de Moncorvo;Mós;Fluorescente;21.0;21.0;21.0;1050.0;04;0409;040913
2026;5;Bragança;Torre de Moncorvo;Mós;Iodeto Metálico;16.0;16.0;16.0;1600.0;04;0409;040913
2026;5;Bragança;Torre de Moncorvo;Torre de Moncorvo;Iodeto Metálico;110.0;109.0;110.0;10600.0;04;0409;040916
2026;5;Bragança;Torre de Moncorvo;Adeganha e Cardanha;Iodeto Metálico;3.0;3.0;3.0;300.0;04;0409;040918
2026;5;Bragança;Torre de Moncorvo;Adeganha e Cardanha;Sódio;9.0;9.0;9.0;840.0;04;0409;040918
2026;5;Bragança;Torre de Moncorvo;Felgar e Souto da Velha;Fluorescente;2.0;2.0;2.0;100.0;04;0409;040919
2026;5;Bragança;Torre de Moncorvo;Felgar e Souto da Velha;Outros/Não definido;8.0;8.0;8.0;45.0;04;0409;040919
2026;5;Bragança;Torre de Moncorvo;Felgueiras e Maçores;LED;336.0;336.0;336.0;7082.0;04;0409;040920
2026;5;Bragança;Torre de Moncorvo;Urros e Peredo dos Castelhanos;Iodeto Metálico;7.0;7.0;7.0;700.0;04;0409;040921
2026;5;Bragança;Torre de Moncorvo;Urros e Peredo dos Castelhanos;Outros/Não definido;2.0;2.0;2.0;;04;0409;040921
2026;5;Bragança;Vila Flor;Freixiel;Sódio;5.0;5.0;5.0;500.0;04;0410;041005
2026;5;Bragança;Vila Flor;Samões;Outros/Não definido;6.0;6.0;6.0;;04;0410;041010
2026;5;Bragança;Vila Flor;Santa Comba de Vilariça;Outros/Não definido;26.0;26.0;26.0;;04;0410;041012
2026;5;Bragança;Vila Flor;Seixo de Manhoses;LED;269.0;269.0;269.0;10478.0;04;0410;041013
2026;5;Bragança;Vila Flor;Trindade;Outros/Não definido;3.0;3.0;3.0;90.0;04;0410;041014
2026;5;Bragança;Vila Flor;Vale Frechoso;LED;142.0;142.0;142.0;5734.600006103516;04;0410;041015
2026;5;Bragança;Vila Flor;Assares e Lodões;Outros/Não definido;10.0;10.0;10.0;;04;0410;041020
2026;5;Bragança;Vila Flor;Valtorno e Mourão;Outros/Não definido;5.0;5.0;5.0;180.0;04;0410;041022
2026;5;Bragança;Vila Flor;Vila Flor e Nabo;Iodeto Metálico;26.0;26.0;26.0;3820.0;04;0410;041023
2026;5;Bragança;Vila Flor;Vila Flor e Nabo;LED;1236.0;1150.0;1238.0;52111.29996109009;04;0410;041023
2026;5;Bragança;Vila Flor;Vila Flor e Nabo;Outros/Não definido;169.0;154.0;169.0;;04;0410;041023
2026;5;Castelo Branco;Belmonte;Caria;Mercúrio;3.0;3.0;3.0;150.0;05;0501;050102
2026;5;Castelo Branco;Belmonte;Inguias;Outros/Não definido;17.0;17.0;17.0;;05;0501;050104
2026;5;Castelo Branco;Belmonte;Inguias;Sódio;3.0;3.0;3.0;210.0;05;0501;050104
2026;5;Castelo Branco;Belmonte;Maçainhas;LED;459.0;459.0;459.0;20972.0;05;0501;050105
2026;5;Castelo Branco;Belmonte;Belmonte e Colmeal da Torre;LED;2530.0;2383.0;2528.0;95169.0;05;0501;050106
2026;5;Castelo Branco;Fundão;Souto da Casa;LED;755.0;745.0;745.0;19314.0;05;0504;050426
2026;5;Castelo Branco;Fundão;Telhado;LED;423.0;421.0;421.0;11236.0;05;0504;050427
2026;5;Castelo Branco;Fundão;Enxames;LED;661.0;656.0;658.0;17330.0;05;0504;050431
2026;5;Castelo Branco;Fundão;Três Povos;LED;637.0;632.0;636.0;16162.0;05;0504;050432
2026;5;Castelo Branco;Idanha-a-Nova;Aldeia de Santa Margarida;LED;251.0;251.0;251.0;8039.0;05;0505;050502
2026;5;Castelo Branco;Idanha-a-Nova;Medelim;LED;304.0;301.0;304.0;13533.0;05;0505;050506
2026;5;Castelo Branco;Idanha-a-Nova;Medelim;Outros/Não definido;1.0;1.0;1.0;45.0;05;0505;050506
2026;5;Castelo Branco;Idanha-a-Nova;Proença-a-Velha;LED;262.0;262.0;262.0;11265.0;05;0505;050511
2026;5;Castelo Branco;Idanha-a-Nova;Toulões;Sódio;16.0;16.0;16.0;800.0;05;0505;050516
2026;5;Castelo Branco;Idanha-a-Nova;Monfortinho e Salvaterra do Extremo;Fluorescente;8.0;8.0;8.0;560.0;05;0505;050519
2026;5;Castelo Branco;Idanha-a-Nova;Monfortinho e Salvaterra do Extremo;Iodeto Metálico;15.0;6.0;15.0;420.0;05;0505;050519
2026;5;Castelo Branco;Idanha-a-Nova;Monsanto e Idanha-a-Velha;Iodeto Metálico;102.0;102.0;102.0;7140.0;05;0505;050520
2026;5;Castelo Branco;Idanha-a-Nova;Monsanto e Idanha-a-Velha;LED;602.0;602.0;602.0;20758.200004577637;05;0505;050520
2026;5;Castelo Branco;Idanha-a-Nova;Zebreira e Segura;Mercúrio;1.0;1.0;1.0;80.0;05;0505;050521
2026;5;Castelo Branco;Idanha-a-Nova;Zebreira e Segura;Outros/Não definido;1.0;1.0;1.0;45.0;05;0505;050521
2026;5;Castelo Branco;Proença-a-Nova;São Pedro do Esteval;LED;561.0;561.0;561.0;19224.0;05;0508;050805
2026;5;Castelo Branco;Proença-a-Nova;São Pedro do Esteval;Sódio;1.0;1.0;1.0;50.0;05;0508;050805
2026;5;Castelo Branco;Proença-a-Nova;Sobreira Formosa e Alvito da Beira;LED;2568.0;2557.0;2567.0;93411.00003814697;05;0508;050808
2026;5;Castelo Branco;Sertã;Cabeçudo;Sódio;1.0;1.0;1.0;50.0;05;0509;050901
2026;5;Castelo Branco;Sertã;Castelo;LED;792.0;788.0;788.0;27333.400344848633;05;0509;050903
2026;5;Castelo Branco;Sertã;Pedrógão Pequeno;Outros/Não definido;26.0;26.0;26.0;275.0;05;0509;050911
2026;5;Castelo Branco;Sertã;Troviscal;Outros/Não definido;36.0;36.0;36.0;260.0;05;0509;050913
2026;5;Castelo Branco;Sertã;Várzea dos Cavaleiros;LED;857.0;854.0;854.0;31540.200035095215;05;0509;050914
2026;5;Castelo Branco;Sertã;Cumeada e Marmeleiro;Iodeto Metálico;1.0;1.0;1.0;70.0;05;0509;050916
2026;5;Castelo Branco;Sertã;Cumeada e Marmeleiro;LED;865.0;865.0;865.0;32824.600090026855;05;0509;050916
2026;5;Castelo Branco;Sertã;Cumeada e Marmeleiro;Sódio;8.0;8.0;8.0;530.0;05;0509;050916
2026;5;Castelo Branco;Vila de Rei;São João do Peso;Outros/Não definido;16.0;16.0;16.0;180.0;05;0510;051002
2026;5;Castelo Branco;Vila Velha de Ródão;Fratel;Sódio;42.0;42.0;42.0;3300.0;05;0511;051101
2026;5;Castelo Branco;Vila Velha de Ródão;Perais;Mercúrio;2.0;2.0;2.0;100.0;05;0511;051102
2026;5;Castelo Branco;Vila Velha de Ródão;Sarnadas de Ródão;Sódio;7.0;7.0;7.0;410.0;05;0511;051103
2026;5;Coimbra;Cantanhede;Ançã;LED;916.0;908.0;916.0;33136.6000289917;06;0602;060201
2026;5;Coimbra;Cantanhede;Cadima;Mercúrio;30.0;30.0;30.0;1500.0;06;0602;060203
2026;5;Coimbra;Cantanhede;Cordinhã;LED;450.0;438.0;450.0;14647.0;06;0602;060205
2026;5;Coimbra;Cantanhede;Cordinhã;Sódio;30.0;30.0;30.0;2100.0;06;0602;060205
2026;5;Coimbra;Cantanhede;Murtede;Sódio;74.0;74.0;74.0;4990.0;06;0602;060208
2026;5;Coimbra;Cantanhede;Ourentã;LED;525.0;520.0;525.0;19016.000007629395;06;0602;060209
2026;5;Coimbra;Cantanhede;Ourentã;Mercúrio;10.0;10.0;10.0;500.0;06;0602;060209
2026;5;Coimbra;Cantanhede;Ourentã;Outros/Não definido;2.0;2.0;2.0;;06;0602;060209
2026;5;Coimbra;Cantanhede;Tocha;LED;2130.0;2064.0;2138.0;82239.30013275146;06;0602;060214
2026;5;Coimbra;Cantanhede;São Caetano;LED;471.0;467.0;471.0;16855.60001373291;06;0602;060215
2026;5;Coimbra;Cantanhede;Covões e Camarneira;Mercúrio;3.0;3.0;3.0;150.0;06;0602;060221
2026;5;Coimbra;Cantanhede;Portunhos e Outil;Sódio;60.0;60.0;60.0;3680.0;06;0602;060222
2026;5;Coimbra;Coimbra;Almalaguês;LED;1048.0;1048.0;1048.0;27117.40000152588;06;0603;060301
2026;5;Coimbra;Coimbra;Almalaguês;Mercúrio;7.0;7.0;7.0;350.0;06;0603;060301
2026;5;Coimbra;Coimbra;Almalaguês;Outros/Não definido;22.0;22.0;22.0;45.0;06;0603;060301
2026;5;Coimbra;Coimbra;Brasfemes;LED;240.0;240.0;240.0;7742.600006103516;06;0603;060309
2026;5;Coimbra;Coimbra;Brasfemes;Mercúrio;22.0;22.0;22.0;1175.0;06;0603;060309
2026;5;Coimbra;Coimbra;Brasfemes;Outros/Não definido;18.0;17.0;17.0;270.0;06;0603;060309
2026;5;Coimbra;Coimbra;Ceira;Mercúrio;11.0;11.0;11.0;550.0;06;0603;060311
2026;5;Coimbra;Coimbra;Ceira;Outros/Não definido;27.0;27.0;27.0;330.0;06;0603;060311
2026;5;Coimbra;Coimbra;São João do Campo;LED;255.0;255.0;255.0;6445.0;06;0603;060320
2026;5;Coimbra;Coimbra;São Silvestre;Sódio;328.0;326.0;328.0;24700.0;06;0603;060324
2026;5;Coimbra;Coimbra;Torres do Mondego;Mercúrio;1.0;1.0;1.0;50.0;06;0603;060329
2026;5;Coimbra;Coimbra;Torres do Mondego;Outros/Não definido;13.0;13.0;13.0;100.0;06;0603;060329
2026;5;Coimbra;Coimbra;Torres do Mondego;Sódio;334.0;332.0;334.0;26450.0;06;0603;060329
2026;5;Coimbra;Coimbra;Antuzede e Vil de Matos;LED;976.0;970.0;976.0;38760.0;06;0603;060332
2026;5;Coimbra;Coimbra;Antuzede e Vil de Matos;Mercúrio;1.0;1.0;1.0;50.0;06;0603;060332
2026;5;Coimbra;Coimbra;São Martinho de Árvore e Lamarosa;Outros/Não definido;27.0;27.0;27.0;;06;0603;060337
2026;5;Coimbra;Coimbra;Trouxemil e Torre de Vilela;LED;477.0;477.0;477.0;19662.200004577637;06;0603;060341
2026;5;Coimbra;Coimbra;Trouxemil e Torre de Vilela;Mercúrio;13.0;13.0;13.0;680.0;06;0603;060341
2026;5;Coimbra;Coimbra;Trouxemil e Torre de Vilela;Sódio;624.0;604.0;624.0;66230.0;06;0603;060341
2026;5;Coimbra;Góis;Góis;Mercúrio;12.0;12.0;12.0;600.0;06;0606;060604
2026;5;Coimbra;Góis;Cadafaz e Colmeal;Outros/Não definido;8.0;8.0;8.0;90.0;06;0606;060606
2026;5;Coimbra;Miranda do Corvo;Lamas;Iodeto Metálico;3.0;3.0;3.0;900.0;06;0609;060901
2026;5;Coimbra;Miranda do Corvo;Lamas;Sódio;13.0;13.0;13.0;940.0;06;0609;060901
2026;5;Coimbra;Miranda do Corvo;Semide e Rio Vide;Mercúrio;16.0;16.0;16.0;800.0;06;0609;060906
2026;5;Coimbra;Montemor-o-Velho;Arazede;Mercúrio;47.0;47.0;47.0;2350.0;06;0610;061002
2026;5;Coimbra;Montemor-o-Velho;Arazede;Outros/Não definido;16.0;16.0;16.0;430.0;06;0610;061002
2026;5;Coimbra;Montemor-o-Velho;Liceia;Mercúrio;17.0;17.0;17.0;850.0;06;0610;061005
2026;5;Coimbra;Montemor-o-Velho;Liceia;Sódio;115.0;115.0;115.0;7540.0;06;0610;061005
2026;5;Coimbra;Montemor-o-Velho;Pereira;LED;719.0;713.0;719.0;36803.0000038147;06;0610;061008
2026;5;Coimbra;Montemor-o-Velho;Pereira;Mercúrio;8.0;8.0;8.0;400.0;06;0610;061008
2026;5;Coimbra;Montemor-o-Velho;Pereira;Sódio;134.0;131.0;134.0;13680.0;06;0610;061008
2026;5;Coimbra;Montemor-o-Velho;Santo Varão;Sódio;15.0;15.0;15.0;1260.0;06;0610;061009
2026;5;Coimbra;Montemor-o-Velho;Seixo de Gatões;LED;440.0;436.0;440.0;14653.400001525879;06;0610;061010
2026;5;Coimbra;Montemor-o-Velho;Seixo de Gatões;Mercúrio;15.0;15.0;15.0;750.0;06;0610;061010
2026;5;Coimbra;Montemor-o-Velho;Tentúgal;Mercúrio;24.0;24.0;24.0;1200.0;06;0610;061011
2026;5;Coimbra;Montemor-o-Velho;Abrunheira, Verride e Vila Nova da Barca;Outros/Não definido;8.0;8.0;8.0;250.0;06;0610;061015
2026;5;Coimbra;Montemor-o-Velho;Montemor-o-Velho e Gatões;LED;1921.0;1867.0;1927.0;81147.00008773804;06;0610;061016
2026;5;Coimbra;Montemor-o-Velho;Montemor-o-Velho e Gatões;Outros/Não definido;12.0;12.0;20.0;280.0;06;0610;061016
2026;5;Coimbra;Montemor-o-Velho;Montemor-o-Velho e Gatões;Sódio;229.0;229.0;229.0;18400.0;06;0610;061016
2026;5;Coimbra;Oliveira do Hospital;Oliveira do Hospital e São Paio de Gramaços;Sódio;559.0;540.0;559.0;54950.0;06;0611;061124
2026;5;Coimbra;Penacova;Figueira de Lorvão;Mercúrio;4.0;4.0;4.0;200.0;06;0613;061302
2026;5;Coimbra;Penacova;Lorvão;Mercúrio;5.0;5.0;5.0;250.0;06;0613;061304
2026;5;Coimbra;Penacova;Lorvão;Outros/Não definido;12.0;12.0;12.0;205.0;06;0613;061304
2026;5;Coimbra;Penacova;Penacova;Mercúrio;2.0;2.0;2.0;100.0;06;0613;061307
2026;5;Coimbra;Penacova;Oliveira do Mondego e Travanca do Mondego;Mercúrio;1.0;1.0;1.0;50.0;06;0613;061313
2026;5;Coimbra;Penacova;Oliveira do Mondego e Travanca do Mondego;Sódio;5.0;5.0;5.0;380.0;06;0613;061313
2026;5;Coimbra;Penela;São Miguel, Santa Eufémia e Rabaçal;Mercúrio;22.0;22.0;22.0;1100.0;06;0614;061407
2026;5;Coimbra;Tábua;Tábua;Mercúrio;114.0;114.0;114.0;5730.0;06;0616;061614
2026;5;Coimbra;Tábua;Tábua;Outros/Não definido;26.0;26.0;26.0;242.0;06;0616;061614
2026;5;Évora;Alandroal;Santiago Maior;Outros/Não definido;4.0;4.0;4.0;;07;0701;070103
2026;5;Évora;Alandroal;N. S. Conceição, S. Brás dos Matos e Juromenha;LED;1020.0;1007.0;1020.0;32850.29963684082;07;0701;070107
2026;5;Évora;Alandroal;N. S. Conceição, S. Brás dos Matos e Juromenha;Outros/Não definido;33.0;33.0;33.0;270.0;07;0701;070107
2026;5;Évora;Alandroal;N. S. Conceição, S. Brás dos Matos e Juromenha;Sódio;1.0;1.0;1.0;70.0;07;0701;070107
2026;5;Évora;Borba;Borba (Matriz);LED;1129.0;1063.0;1128.0;49567.099670410156;07;0703;070301
2026;5;Évora;Borba;Borba (Matriz);Sódio;39.0;39.0;39.0;9750.0;07;0703;070301
2026;5;Évora;Borba;Rio de Moinhos;LED;644.0;618.0;644.0;20397.09969329834;07;0703;070303
2026;5;Évora;Estremoz;Arcos;Sódio;137.0;137.0;137.0;17090.0;07;0704;070401
2026;5;Évora;Estremoz;Estremoz (Santa Maria e Santo André);Iodeto Metálico;2.0;2.0;2.0;300.0;07;0704;070414
2026;5;Évora;Estremoz;Estremoz (Santa Maria e Santo André);LED;2440.0;2363.0;2435.0;93921.39942550659;07;0704;070414
2026;5;Évora;Évora;Nossa Senhora de Machede;LED;443.0;443.0;443.0;11985.099910736084;07;0705;070503
2026;5;Évora;Évora;São Bento do Mato;Fluorescente;1.0;1.0;1.0;100.0;07;0705;070506
2026;5;Évora;Évora;Canaviais;Outros/Não definido;7.0;7.0;7.0;;07;0705;070515
2026;5;Évora;Évora;Bacelo e Senhora da Saúde;LED;3985.0;3756.0;3980.0;135010.69898986816;07;0705;070522
2026;5;Évora;Évora;Bacelo e Senhora da Saúde;Mercúrio;1.0;1.0;1.0;80.0;07;0705;070522
2026;5;Évora;Évora;Malagueira e Horta das Figueiras;Iodeto Metálico;31.0;31.0;31.0;2170.0;07;0705;070524
2026;5;Évora;Évora;Malagueira e Horta das Figueiras;Outros/Não definido;154.0;153.0;154.0;140.0;07;0705;070524
2026;5;Évora;Évora;Malagueira e Horta das Figueiras;Sódio;287.0;279.0;287.0;40550.0;07;0705;070524
2026;5;Évora;Évora;N. S. da Tourega e N. S. de Guadalupe;Outros/Não definido;2.0;2.0;2.0;70.0;07;0705;070525
2026;5;Évora;Montemor-o-Novo;N. S. da Vila, N. S. do Bispo e Silveiras;Sódio;52.0;52.0;52.0;4670.0;07;0706;070612
2026;5;Évora;Portel;Portel;Outros/Não definido;63.0;63.0;63.0;;07;0709;070905
2026;5;Évora;Portel;Portel;Sódio;17.0;17.0;17.0;1220.0;07;0709;070905
2026;5;Évora;Redondo;Redondo;Outros/Não definido;151.0;151.0;151.0;;07;0710;071002
2026;5;Évora;Reguengos de Monsaraz;Corval;Mercúrio;1.0;1.0;1.0;80.0;07;0711;071102
2026;5;Évora;Reguengos de Monsaraz;Reguengos de Monsaraz;LED;2427.0;2311.0;2427.0;91047.29941177368;07;0711;071104
2026;5;Évora;Viana do Alentejo;Alcáçovas;Outros/Não definido;12.0;12.0;12.0;;07;0713;071301
2026;5;Évora;Vila Viçosa;Nossa Senhora da Conceição e São Bartolomeu;LED;1656.0;1586.0;1653.0;61508.49904632568;07;0714;071406
2026;5;Faro;Albufeira;Albufeira e Olhos de Água;Iodeto Metálico;632.0;587.0;632.0;61260.0;08;0801;080106
2026;5;Faro;Albufeira;Albufeira e Olhos de Água;LED;7293.0;6886.0;7292.0;387443.7007045746;08;0801;080106
2026;5;Faro;Albufeira;Albufeira e Olhos de Água;Outros/Não definido;728.0;713.0;726.0;984.2000007629395;08;0801;080106
2026;5;Faro;Albufeira;Albufeira e Olhos de Água;Sódio;5329.0;5105.0;5337.0;504830.0;08;0801;080106
2026;5;Faro;Aljezur;Aljezur;LED;2236.0;2214.0;2236.0;82170.5004787445;08;0803;080301
2026;5;Castelo Branco;Oleiros;Álvaro;LED;516.0;513.0;513.0;23155.5;05;0506;050601
2026;5;Castelo Branco;Oleiros;Estreito-Vilar Barroco;LED;1266.0;1253.0;1261.0;60678.0;05;0506;050613
2026;5;Castelo Branco;Oleiros;Oleiros-Amieira;LED;2920.0;2873.0;2916.0;128933.0;05;0506;050614
2026;5;Castelo Branco;Penamacor;Meimoa;LED;374.0;374.0;374.0;11442.0;05;0507;050708
2026;5;Castelo Branco;Penamacor;Meimoa;Outros/Não definido;12.0;12.0;12.0;45.0;05;0507;050708
2026;5;Castelo Branco;Penamacor;Penamacor;Mercúrio;2.0;2.0;2.0;100.0;05;0507;050710
2026;5;Castelo Branco;Penamacor;Penamacor;Outros/Não definido;39.0;39.0;39.0;270.0;05;0507;050710
2026;5;Castelo Branco;Penamacor;Salvador;LED;304.0;304.0;304.0;11508.0;05;0507;050711
2026;5;Castelo Branco;Penamacor;Vale da Senhora da Póvoa;Iodeto Metálico;4.0;1.0;4.0;150.0;05;0507;050712
2026;5;Castelo Branco;Penamacor;Vale da Senhora da Póvoa;Sódio;15.0;15.0;15.0;950.0;05;0507;050712
2026;5;Coimbra;Arganil;Arganil;LED;1292.0;1275.0;1292.0;47314.80001068115;06;0601;060102
2026;5;Coimbra;Arganil;Arganil;Mercúrio;24.0;24.0;24.0;1650.0;06;0601;060102
2026;5;Coimbra;Arganil;Arganil;Outros/Não definido;2.0;2.0;2.0;90.0;06;0601;060102
2026;5;Coimbra;Arganil;Celavisa;LED;207.0;207.0;207.0;5175.0;06;0601;060105
2026;5;Coimbra;Arganil;Celavisa;Outros/Não definido;1.0;1.0;1.0;29.0;06;0601;060105
2026;5;Coimbra;Arganil;Folques;Mercúrio;3.0;3.0;3.0;150.0;06;0601;060109
2026;5;Coimbra;Arganil;Pomares;LED;426.0;426.0;426.0;12293.100002288818;06;0601;060112
2026;5;Coimbra;Arganil;Pomares;Outros/Não definido;26.0;26.0;26.0;1820.0;06;0601;060112
2026;5;Coimbra;Arganil;Pomares;Sódio;150.0;150.0;150.0;8140.0;06;0601;060112
2026;5;Coimbra;Arganil;São Martinho da Cortiça;LED;547.0;550.0;550.0;16788.5;06;0601;060114
2026;5;Coimbra;Arganil;Sarzedo;Outros/Não definido;3.0;1.0;1.0;45.0;06;0601;060115
2026;5;Coimbra;Arganil;Cepos e Teixeira;Mercúrio;7.0;7.0;7.0;350.0;06;0601;060119
2026;5;Coimbra;Arganil;Cepos e Teixeira;Outros/Não definido;5.0;5.0;5.0;70.0;06;0601;060119
2026;5;Coimbra;Arganil;Cerdeira e Moura da Serra;LED;356.0;356.0;356.0;11057.70000076294;06;0601;060120
2026;5;Coimbra;Arganil;Cerdeira e Moura da Serra;Outros/Não definido;5.0;5.0;5.0;;06;0601;060120
2026;5;Coimbra;Arganil;Cerdeira e Moura da Serra;Sódio;57.0;57.0;57.0;3530.0;06;0601;060120
2026;5;Coimbra;Arganil;Côja e Barril de Alva;Sódio;187.0;187.0;187.0;13470.0;06;0601;060121
2026;5;Coimbra;Arganil;Vila Cova de Alva e Anseriz;LED;321.0;321.0;321.0;9350.0;06;0601;060122
2026;5;Coimbra;Arganil;Vila Cova de Alva e Anseriz;Sódio;138.0;138.0;138.0;10670.0;06;0601;060122
2026;5;Coimbra;Lousã;Serpins;LED;929.0;925.0;929.0;28596.0;06;0607;060704
2026;5;Coimbra;Lousã;Serpins;Mercúrio;8.0;8.0;8.0;400.0;06;0607;060704
2026;5;Coimbra;Lousã;Gândaras;Sódio;37.0;37.0;37.0;3370.0;06;0607;060706
2026;5;Coimbra;Lousã;Foz de Arouce e Casal de Ermio;LED;814.0;812.0;814.0;27610.0;06;0607;060707
2026;5;Coimbra;Lousã;Foz de Arouce e Casal de Ermio;Mercúrio;13.0;11.0;13.0;540.0;06;0607;060707
2026;5;Coimbra;Lousã;Foz de Arouce e Casal de Ermio;Outros/Não definido;3.0;3.0;3.0;135.0;06;0607;060707
2026;5;Coimbra;Lousã;Lousã e Vilarinho;LED;3448.0;3370.0;3449.0;151143.40008544922;06;0607;060708
2026;5;Coimbra;Lousã;Lousã e Vilarinho;Mercúrio;26.0;26.0;26.0;1300.0;06;0607;060708
2026;5;Coimbra;Lousã;Lousã e Vilarinho;Outros/Não definido;23.0;22.0;22.0;785.0;06;0607;060708
2026;5;Coimbra;Oliveira do Hospital;Bobadela;LED;301.0;299.0;301.0;10404.0;06;0611;061104
2026;5;Coimbra;Oliveira do Hospital;Bobadela;Outros/Não definido;1.0;1.0;1.0;45.0;06;0611;061104
2026;5;Coimbra;Oliveira do Hospital;Lourosa;LED;406.0;405.0;405.0;13874.0;06;0611;061109
2026;5;Coimbra;Oliveira do Hospital;São Gião;LED;419.0;417.0;419.0;14192.199996948242;06;0611;061115
2026;5;Coimbra;Oliveira do Hospital;São Gião;Sódio;90.0;90.0;90.0;7640.0;06;0611;061115
2026;5;Coimbra;Oliveira do Hospital;Seixo da Beira;LED;523.0;523.0;523.0;18536.0;06;0611;061118
2026;5;Coimbra;Oliveira do Hospital;Ervedal e Vila Franca da Beira;LED;760.0;750.0;760.0;26072.0;06;0611;061122
2026;5;Coimbra;Oliveira do Hospital;Ervedal e Vila Franca da Beira;Mercúrio;4.0;4.0;4.0;200.0;06;0611;061122
2026;5;Coimbra;Oliveira do Hospital;Lagos da Beira e Lajeosa;LED;608.0;605.0;608.0;20102.0;06;0611;061123
2026;5;Coimbra;Oliveira do Hospital;Lagos da Beira e Lajeosa;Outros/Não definido;4.0;4.0;4.0;135.0;06;0611;061123
2026;5;Coimbra;Oliveira do Hospital;Lagos da Beira e Lajeosa;Sódio;201.0;198.0;201.0;13750.0;06;0611;061123
2026;5;Coimbra;Oliveira do Hospital;Penalva de Alva e São Sebastião da Feira;LED;463.0;462.0;462.0;14034.0;06;0611;061125
2026;5;Coimbra;Oliveira do Hospital;Santa Ovaia e Vila Pouca da Beira;Outros/Não definido;1.0;1.0;1.0;;06;0611;061126
2026;5;Coimbra;Penacova;Carvalho;Outros/Não definido;3.0;3.0;3.0;135.0;06;0613;061301
2026;5;Coimbra;Penacova;São Pedro de Alva e São Paio de Mondego;LED;1157.0;1150.0;1157.0;40500.0;06;0613;061314
2026;5;Coimbra;Penacova;São Pedro de Alva e São Paio de Mondego;Mercúrio;3.0;3.0;3.0;150.0;06;0613;061314
2026;5;Coimbra;Penacova;São Pedro de Alva e São Paio de Mondego;Outros/Não definido;8.0;8.0;8.0;195.0;06;0613;061314
2026;5;Coimbra;Penela;Cumeeira;Mercúrio;8.0;8.0;8.0;400.0;06;0614;061401
2026;5;Coimbra;Penela;Espinhal;LED;504.0;501.0;504.0;17808.40000152588;06;0614;061402
2026;5;Coimbra;Penela;Podentes;LED;310.0;310.0;310.0;8152.0;06;0614;061403
2026;5;Coimbra;Penela;Podentes;Outros/Não definido;3.0;3.0;3.0;140.0;06;0614;061403
2026;5;Coimbra;Penela;Podentes;Sódio;44.0;44.0;44.0;3260.0;06;0614;061403
2026;5;Coimbra;Tábua;Candosa;Outros/Não definido;4.0;4.0;4.0;45.0;06;0616;061602
2026;5;Coimbra;Tábua;Midões;Outros/Não definido;8.0;7.0;7.0;;06;0616;061608
2026;5;Coimbra;Tábua;Mouronho;Outros/Não definido;1.0;1.0;1.0;;06;0616;061609
2026;5;Coimbra;Tábua;Mouronho;Sódio;275.0;272.0;275.0;18780.0;06;0616;061609
2026;5;Coimbra;Tábua;Póvoa de Midões;Mercúrio;5.0;5.0;5.0;250.0;06;0616;061611
2026;5;Coimbra;Tábua;Póvoa de Midões;Outros/Não definido;2.0;2.0;2.0;45.0;06;0616;061611
2026;5;Coimbra;Tábua;Póvoa de Midões;Sódio;144.0;144.0;144.0;12920.0;06;0616;061611
2026;5;Coimbra;Tábua;Ázere e Covelo;Mercúrio;1.0;1.0;1.0;50.0;06;0616;061616
2026;5;Coimbra;Tábua;Ázere e Covelo;Outros/Não definido;3.0;2.0;2.0;;06;0616;061616
2026;5;Coimbra;Tábua;Ázere e Covelo;Sódio;175.0;175.0;175.0;11330.0;06;0616;061616
2026;5;Coimbra;Tábua;Covas e Vila Nova de Oliveirinha;LED;535.0;535.0;535.0;15632.0;06;0616;061617
2026;5;Coimbra;Tábua;Covas e Vila Nova de Oliveirinha;Mercúrio;50.0;50.0;50.0;2500.0;06;0616;061617
2026;5;Coimbra;Tábua;Covas e Vila Nova de Oliveirinha;Outros/Não definido;3.0;3.0;3.0;45.0;06;0616;061617
2026;5;Coimbra;Tábua;Covas e Vila Nova de Oliveirinha;Sódio;376.0;376.0;376.0;28140.0;06;0616;061617
2026;5;Coimbra;Tábua;Espariz e Sinde;Sódio;454.0;448.0;454.0;36770.0;06;0616;061618
2026;5;Coimbra;Tábua;Pinheiro de Coja e Meda de Mouros;LED;126.0;124.0;126.0;3934.2000007629395;06;0616;061619
2026;5;Évora;Arraiolos;Igrejinha;Outros/Não definido;21.0;21.0;21.0;630.0;07;0702;070202
2026;5;Évora;Arraiolos;Vimieiro;LED;483.0;477.0;483.0;15991.299802780151;07;0702;070206
2026;5;Évora;Arraiolos;Vimieiro;Mercúrio;3.0;3.0;3.0;180.0;07;0702;070206
2026;5;Évora;Arraiolos;Gafanhoeira (São Pedro) e Sabugueiro;Mercúrio;1.0;1.0;1.0;80.0;07;0702;070208
2026;5;Évora;Arraiolos;São Gregório e Santa Justa;LED;265.0;261.0;265.0;6883.1999588012695;07;0702;070209
2026;5;Évora;Estremoz;Glória;Sódio;8.0;8.0;8.0;640.0;07;0704;070402
2026;5;Évora;Estremoz;Évora Monte (Santa Maria);Mercúrio;2.0;2.0;2.0;100.0;07;0704;070404
2026;5;Évora;Estremoz;Veiros;Outros/Não definido;48.0;39.0;48.0;;07;0704;070413
2026;5;Évora;Estremoz;Veiros;Sódio;2.0;2.0;2.0;140.0;07;0704;070413
2026;5;Évora;Estremoz;São Bento do Cortiço e Santo Estêvão;Sódio;3.0;3.0;3.0;210.0;07;0704;070415
2026;5;Évora;Estremoz;São Lourenço de Mamporcão e São Bento de Ana Loura;Outros/Não definido;28.0;13.0;13.0;45.0;07;0704;070416
2026;5;Évora;Estremoz;São Lourenço de Mamporcão e São Bento de Ana Loura;Sódio;1.0;1.0;1.0;70.0;07;0704;070416
2026;5;Évora;Estremoz;Ameixial (Santa Vitória e São Bento);LED;421.0;413.0;416.0;12999.499893188477;07;0704;070417
2026;5;Évora;Estremoz;Ameixial (Santa Vitória e São Bento);Outros/Não definido;22.0;22.0;22.0;158.5;07;0704;070417
2026;5;Évora;Estremoz;Ameixial (Santa Vitória e São Bento);Sódio;18.0;18.0;18.0;1260.0;07;0704;070417
2026;5;Évora;Évora;Nossa Senhora da Graça do Divor;Outros/Não definido;3.0;3.0;3.0;;07;0705;070502
2026;5;Évora;Évora;São Miguel de Machede;Sódio;5.0;5.0;5.0;350.0;07;0705;070509
2026;5;Évora;Évora;Torre de Coelheiros;Mercúrio;1.0;1.0;1.0;80.0;07;0705;070513
2026;5;Évora;Évora;Torre de Coelheiros;Outros/Não definido;1.0;1.0;1.0;45.0;07;0705;070513
2026;5;Évora;Évora;Torre de Coelheiros;Sódio;4.0;4.0;4.0;280.0;07;0705;070513
2026;5;Évora;Évora;Évora (São Mamede, Sé, São Pedro e Santo Antão);Outros/Não definido;64.0;64.0;64.0;;07;0705;070523
2026;5;Évora;Évora;Évora (São Mamede, Sé, São Pedro e Santo Antão);Sódio;131.0;131.0;131.0;18800.0;07;0705;070523
2026;5;Évora;Évora;São Manços e São Vicente do Pigeiro;Sódio;1.0;1.0;1.0;70.0;07;0705;070526
2026;5;Évora;Évora;S. Sebastião da Giesteira e N. S. da Boa Fé;LED;493.0;491.0;493.0;13302.799842834473;07;0705;070527
2026;5;Évora;Montemor-o-Novo;Cabrela;Sódio;1.0;1.0;1.0;70.0;07;0706;070601
2026;5;Évora;Montemor-o-Novo;Santiago do Escoural;Sódio;1.0;1.0;1.0;70.0;07;0706;070605
2026;5;Évora;Montemor-o-Novo;São Cristóvão;LED;263.0;263.0;263.0;6807.39998626709;07;0706;070606
2026;5;Évora;Montemor-o-Novo;São Cristóvão;Sódio;6.0;6.0;6.0;420.0;07;0706;070606
2026;5;Évora;Montemor-o-Novo;Ciborro;Outros/Não definido;1.0;1.0;1.0;45.0;07;0706;070607
2026;5;Évora;Montemor-o-Novo;Cortiçadas de Lavre e Lavre;Outros/Não definido;1.0;1.0;1.0;45.0;07;0706;070611
2026;5;Évora;Mora;Brotas;LED;177.0;177.0;177.0;5651.79988861084;07;0707;070701
2026;5;Évora;Mora;Cabeção;Outros/Não definido;5.0;5.0;5.0;;07;0707;070702
2026;5;Évora;Mourão;Mourão;LED;838.0;819.0;838.0;32908.799728393555;07;0708;070803
2026;5;Évora;Portel;Monte do Trigo;Mercúrio;2.0;2.0;2.0;160.0;07;0709;070903
2026;5;Évora;Portel;Monte do Trigo;Sódio;19.0;19.0;19.0;2430.0;07;0709;070903
2026;5;Évora;Portel;Vera Cruz;Sódio;8.0;8.0;8.0;640.0;07;0709;070908
2026;5;Évora;Portel;Amieira e Alqueva;LED;320.0;319.0;320.0;10794.199932098389;07;0709;070909
2026;5;Évora;Portel;São Bartolomeu do Outeiro e Oriola;Outros/Não definido;15.0;15.0;15.0;360.0;07;0709;070910
2026;5;Évora;Reguengos de Monsaraz;Monsaraz;Sódio;13.0;13.0;13.0;910.0;07;0711;071103
2026;5;Évora;Vendas Novas;Landeira;Outros/Não definido;11.0;11.0;11.0;;07;0712;071202
2026;5;Évora;Viana do Alentejo;Aguiar;Outros/Não definido;1.0;1.0;1.0;;07;0713;071303
2026;5;Évora;Vila Viçosa;Bencatel;LED;510.0;492.0;510.0;12717.099906921387;07;0714;071401
2026;5;Évora;Vila Viçosa;Pardais;LED;337.0;336.0;337.0;18255.899963378906;07;0714;071404
2026;5;Évora;Vila Viçosa;Pardais;Outros/Não definido;6.0;6.0;6.0;270.0;07;0714;071404
2026;5;Faro;Albufeira;Guia;Iodeto Metálico;226.0;226.0;226.0;32540.0;08;0801;080102
2026;5;Faro;Albufeira;Guia;LED;2003.0;1949.0;2003.0;84613.40064620972;08;0801;080102
2026;5;Faro;Albufeira;Guia;Sódio;975.0;964.0;975.0;91280.0;08;0801;080102
2026;5;Faro;Albufeira;Paderne;LED;1655.0;1653.0;1655.0;57696.6001663208;08;0801;080103
2026;5;Faro;Albufeira;Ferreiras;Iodeto Metálico;1.0;1.0;1.0;70.0;08;0801;080104
2026;5;Faro;Aljezur;Odeceixe;LED;527.0;525.0;527.0;18246.400146484375;08;0803;080303
2026;5;Faro;Aljezur;Odeceixe;Mercúrio;6.0;6.0;6.0;300.0;08;0803;080303
2026;5;Faro;Castro Marim;Castro Marim;Iodeto Metálico;98.0;98.0;98.0;10460.0;08;0804;080402
2026;5;Faro;Castro Marim;Castro Marim;Sódio;745.0;732.0;745.0;89550.0;08;0804;080402
2026;5;Faro;Castro Marim;Altura;Outros/Não definido;5.0;5.0;5.0;500.0;08;0804;080404
2026;5;Faro;Castro Marim;Altura;Sódio;274.0;264.0;274.0;25650.0;08;0804;080404
2026;5;Faro;Faro;Faro (Sé e São Pedro);LED;5966.0;5674.0;5963.0;454166.6013660431;08;0805;080508
2026;5;Faro;Faro;Faro (Sé e São Pedro);Mercúrio;2.0;2.0;2.0;130.0;08;0805;080508
2026;5;Faro;Lagoa;Porches;Mercúrio;41.0;41.0;41.0;2530.0;08;0806;080604
2026;5;Faro;Lagoa;Porches;Outros/Não definido;47.0;42.0;42.0;;08;0806;080604
2026;5;Faro;Lagoa;Porches;Sódio;1607.0;1581.0;1607.0;139090.0;08;0806;080604
2026;5;Faro;Lagoa;Lagoa e Carvoeiro;LED;815.0;806.0;815.0;33532.29998779297;08;0806;080608
2026;5;Faro;Lagoa;Lagoa e Carvoeiro;Outros/Não definido;203.0;197.0;197.0;;08;0806;080608
2026;5;Faro;Lagos;São Gonçalo de Lagos;Sódio;1178.0;1101.0;1179.0;112830.0;08;0807;080708
2026;5;Faro;Loulé;Almancil;Fluorescente;53.0;53.0;53.0;2650.0;08;0808;080801
2026;5;Faro;Loulé;Almancil;LED;3348.0;3333.0;3347.0;194165.70099449158;08;0808;080801
2026;5;Faro;Loulé;Almancil;Mercúrio;33.0;33.0;33.0;2760.0;08;0808;080801
2026;5;Faro;Loulé;Boliqueime;Outros/Não definido;50.0;31.0;31.0;325.0;08;0808;080804
2026;5;Faro;Loulé;Quarteira;Fluorescente;69.0;69.0;69.0;3450.0;08;0808;080805
2026;5;Faro;Loulé;Quarteira;Mercúrio;39.0;39.0;39.0;3615.0;08;0808;080805
2026;5;Faro;Loulé;Quarteira;Outros/Não definido;451.0;451.0;451.0;180.0;08;0808;080805
2026;5;Faro;Loulé;Quarteira;Sódio;6034.0;5522.0;6114.0;657150.0;08;0808;080805
2026;5;Faro;Loulé;Loulé (São Clemente);LED;4917.0;4767.0;4929.0;257404.70107460022;08;0808;080808
2026;5;Faro;Loulé;Loulé (São Sebastião);LED;2826.0;2795.0;2826.0;131565.50072097778;08;0808;080809
2026;5;Faro;Olhão;Olhão;Mercúrio;14.0;14.0;14.0;2130.0;08;0810;081003
2026;5;Faro;Olhão;Pechão;LED;1275.0;1264.0;1274.0;55518.70038604736;08;0810;081004
2026;5;Faro;Olhão;Pechão;Outros/Não definido;97.0;28.0;28.0;225.0;08;0810;081004
2026;5;Faro;Olhão;Quelfes;Mercúrio;47.0;47.0;47.0;4990.0;08;0810;081005
2026;5;Faro;Olhão;Quelfes;Outros/Não definido;16.0;14.0;14.0;45.0;08;0810;081005
2026;5;Faro;Olhão;Moncarapacho e Fuseta;Outros/Não definido;112.0;75.0;75.0;1840.0;08;0810;081006
2026;5;Faro;Olhão;Moncarapacho e Fuseta;Sódio;202.0;199.0;202.0;16570.0;08;0810;081006
2026;5;Faro;Portimão;Mexilhoeira Grande;LED;2123.0;2056.0;2121.0;97113.5011253357;08;0811;081102
2026;5;Faro;Portimão;Mexilhoeira Grande;Outros/Não definido;75.0;67.0;67.0;100.0;08;0811;081102
2026;5;Faro;Portimão;Portimão;Outros/Não definido;446.0;430.0;440.0;4226.600036621094;08;0811;081103
2026;5;Faro;São Brás de Alportel;São Brás de Alportel;LED;3488.0;3432.0;3479.0;141399.40059661865;08;0812;081201
2026;5;Faro;Silves;Armação de Pêra;Iodeto Metálico;82.0;82.0;82.0;7560.0;08;0813;081303
2026;5;Faro;Silves;Armação de Pêra;LED;938.0;852.0;936.0;57706.00002288818;08;0813;081303
2026;5;Faro;Silves;Armação de Pêra;Outros/Não definido;162.0;160.0;162.0;100.0;08;0813;081303
2026;5;Faro;Silves;São Bartolomeu de Messines;Mercúrio;9.0;9.0;9.0;480.0;08;0813;081305
2026;5;Faro;Silves;São Bartolomeu de Messines;Sódio;736.0;710.0;735.0;65680.0;08;0813;081305
2026;5;Faro;Tavira;Luz de Tavira e Santo Estêvão;Fluorescente;1.0;1.0;1.0;50.0;08;0814;081411
2026;5;Faro;Tavira;Luz de Tavira e Santo Estêvão;Mercúrio;2.0;2.0;2.0;100.0;08;0814;081411
2026;5;Faro;Tavira;Tavira (Santa Maria e Santiago);Sódio;1467.0;1401.0;1467.0;144050.0;08;0814;081412
2026;5;Faro;Vila Real de Santo António;Vila Real de Santo António;Mercúrio;1.0;1.0;1.0;80.0;08;0816;081602
2026;5;Faro;Vila Real de Santo António;Vila Real de Santo António;Outros/Não definido;155.0;155.0;155.0;346.0;08;0816;081602
2026;5;Faro;Vila Real de Santo António;Monte Gordo;Mercúrio;7.0;7.0;7.0;560.0;08;0816;081603
2026;5;Faro;Vila Real de Santo António;Monte Gordo;Outros/Não definido;71.0;62.0;71.0;900.0;08;0816;081603
2026;5;Guarda;Aguiar da Beira;Aguiar da Beira e Coruche;Mercúrio;2.0;2.0;2.0;100.0;09;0901;090114
2026;5;Guarda;Figueira de Castelo Rodrigo;Figueira de Castelo Rodrigo;LED;816.0;755.0;810.0;39645.400005340576;09;0904;090408
2026;5;Guarda;Fornos de Algodres;Fornos de Algodres;Outros/Não definido;4.0;4.0;4.0;95.0;09;0905;090505
2026;5;Guarda;Gouveia;Melo e Nabais;LED;818.0;810.0;816.0;27644.69997406006;09;0906;090626
2026;5;Guarda;Guarda;Arrifana;Outros/Não definido;2.0;;;;09;0907;090706
2026;5;Guarda;Guarda;Arrifana;Sódio;9.0;9.0;9.0;510.0;09;0907;090706
2026;5;Faro;Castro Marim;Odeleite;Outros/Não definido;18.0;3.0;3.0;129.0;08;0804;080403
2026;5;Faro;Faro;Santa Bárbara de Nexe;Fluorescente;22.0;22.0;22.0;1540.0;08;0805;080503
2026;5;Faro;Faro;Santa Bárbara de Nexe;Sódio;275.0;274.0;275.0;24570.0;08;0805;080503
2026;5;Faro;Faro;Conceição e Estoi;Fluorescente;5.0;5.0;5.0;250.0;08;0805;080507
2026;5;Faro;Faro;Conceição e Estoi;Mercúrio;17.0;17.0;17.0;1350.0;08;0805;080507
2026;5;Faro;Faro;Conceição e Estoi;Outros/Não definido;177.0;150.0;152.0;2904.0;08;0805;080507
2026;5;Coimbra;Pampilhosa da Serra;Cabril;LED;390.0;390.0;390.0;12431.400009155273;06;0612;061201
2026;5;Coimbra;Pampilhosa da Serra;Cabril;Sódio;2.0;2.0;2.0;120.0;06;0612;061201
2026;5;Coimbra;Pampilhosa da Serra;Dornelas do Zêzere;LED;479.0;479.0;485.0;16648.5;06;0612;061202
2026;5;Coimbra;Pampilhosa da Serra;Janeiro de Baixo;Outros/Não definido;4.0;4.0;4.0;180.0;06;0612;061204
2026;5;Coimbra;Pampilhosa da Serra;Janeiro de Baixo;Sódio;53.0;53.0;53.0;2950.0;06;0612;061204
2026;5;Coimbra;Pampilhosa da Serra;Pampilhosa da Serra;Mercúrio;7.0;7.0;7.0;350.0;06;0612;061206
2026;5;Coimbra;Pampilhosa da Serra;Pampilhosa da Serra;Outros/Não definido;18.0;18.0;18.0;1090.0;06;0612;061206
2026;5;Coimbra;Pampilhosa da Serra;Pessegueiro;LED;362.0;362.0;362.0;12355.0;06;0612;061207
2026;5;Coimbra;Pampilhosa da Serra;Pessegueiro;Outros/Não definido;5.0;5.0;5.0;;06;0612;061207
2026;5;Coimbra;Pampilhosa da Serra;Pessegueiro;Sódio;2.0;2.0;2.0;140.0;06;0612;061207
2026;5;Coimbra;Pampilhosa da Serra;Fajão-Vidual;LED;686.0;677.0;686.0;19714.49993133545;06;0612;061211
2026;5;Coimbra;Pampilhosa da Serra;Fajão-Vidual;Mercúrio;14.0;14.0;14.0;700.0;06;0612;061211
2026;5;Coimbra;Pampilhosa da Serra;Fajão-Vidual;Outros/Não definido;6.0;6.0;6.0;135.0;06;0612;061211
2026;5;Coimbra;Pampilhosa da Serra;Portela do Fojo-Machio;Mercúrio;3.0;3.0;3.0;150.0;06;0612;061212
2026;5;Coimbra;Pampilhosa da Serra;Portela do Fojo-Machio;Outros/Não definido;5.0;5.0;5.0;90.0;06;0612;061212
2026;5;Coimbra;Soure;Figueiró do Campo;Sódio;52.0;51.0;52.0;4280.0;06;0615;061504
2026;5;Coimbra;Soure;Samuel;LED;493.0;493.0;493.0;17279.800003051758;06;0615;061508
2026;5;Coimbra;Soure;Samuel;Mercúrio;18.0;18.0;18.0;900.0;06;0615;061508
2026;5;Coimbra;Soure;Soure;LED;3565.0;3534.0;3565.0;127138.50002670288;06;0615;061509
2026;5;Coimbra;Soure;Tapéus;Sódio;38.0;38.0;38.0;3380.0;06;0615;061510
2026;5;Coimbra;Soure;Vila Nova de Anços;LED;354.0;354.0;354.0;14223.0;06;0615;061511
2026;5;Coimbra;Soure;Vinha da Rainha;LED;685.0;670.0;685.0;21719.0;06;0615;061512
2026;5;Coimbra;Soure;Vinha da Rainha;Mercúrio;23.0;23.0;23.0;1150.0;06;0615;061512
2026;5;Coimbra;Soure;Vinha da Rainha;Sódio;171.0;169.0;171.0;12600.0;06;0615;061512
2026;5;Coimbra;Vila Nova de Poiares;Arrifana;LED;825.0;819.0;825.0;17638.0;06;0617;061701
2026;5;Coimbra;Vila Nova de Poiares;São Miguel de Poiares;LED;985.0;968.0;985.0;30261.0;06;0617;061704
2026;5;Faro;Alcoutim;Giões;LED;313.0;313.0;313.0;8764.000022888184;08;0802;080202
2026;5;Faro;Alcoutim;Vaqueiros;LED;684.0;683.0;683.0;21307.600006103516;08;0802;080205
2026;5;Faro;Alcoutim;Vaqueiros;Mercúrio;4.0;4.0;4.0;200.0;08;0802;080205
2026;5;Faro;Lagoa;Ferragudo;Mercúrio;99.0;99.0;99.0;8730.0;08;0806;080602
2026;5;Faro;Lagoa;Ferragudo;Sódio;1138.0;1104.0;1138.0;113320.0;08;0806;080602
2026;5;Faro;Lagos;Luz;Mercúrio;1.0;1.0;1.0;50.0;08;0807;080703
2026;5;Faro;Lagos;Luz;Outros/Não definido;103.0;95.0;95.0;305.0;08;0807;080703
2026;5;Faro;Lagos;Odiáxere;LED;1224.0;1219.0;1223.0;49101.20010757446;08;0807;080704
2026;5;Faro;Lagos;Bensafrim e Barão de São João;Outros/Não definido;13.0;12.0;12.0;305.0;08;0807;080707
2026;5;Faro;Lagos;Bensafrim e Barão de São João;Sódio;25.0;25.0;25.0;2130.0;08;0807;080707
2026;5;Faro;Loulé;Alte;LED;1371.0;1371.0;1371.0;41500.400230407715;08;0808;080802
2026;5;Faro;Loulé;Alte;Outros/Não definido;7.0;6.0;6.0;140.0;08;0808;080802
2026;5;Faro;Loulé;Alte;Sódio;470.0;470.0;470.0;63960.0;08;0808;080802
2026;5;Faro;Loulé;Ameixial;Mercúrio;6.0;6.0;6.0;420.0;08;0808;080803
2026;5;Faro;Loulé;Querença, Tôr e Benafim;Mercúrio;5.0;5.0;5.0;400.0;08;0808;080812
2026;5;Faro;Silves;São Marcos da Serra;Outros/Não definido;45.0;39.0;45.0;90.0;08;0813;081306
2026;5;Faro;Silves;Silves;Iodeto Metálico;12.0;12.0;12.0;1400.0;08;0813;081307
2026;5;Faro;Silves;Silves;Outros/Não definido;103.0;94.0;94.0;595.0;08;0813;081307
2026;5;Faro;Silves;Alcantarilha e Pêra;LED;2066.0;2046.0;2066.0;92827.29995155334;08;0813;081309
2026;5;Faro;Silves;Algoz e Tunes;Iodeto Metálico;16.0;16.0;16.0;800.0;08;0813;081310
2026;5;Faro;Tavira;Cachopo;LED;698.0;697.0;697.0;19266.500076293945;08;0814;081401
2026;5;Faro;Tavira;Santa Catarina da Fonte do Bispo;Mercúrio;7.0;7.0;7.0;350.0;08;0814;081404
2026;5;Faro;Tavira;Santa Luzia;Mercúrio;1.0;1.0;1.0;125.0;08;0814;081408
2026;5;Faro;Tavira;Conceição e Cabanas de Tavira;Mercúrio;36.0;36.0;36.0;3375.0;08;0814;081410
2026;5;Faro;Tavira;Conceição e Cabanas de Tavira;Outros/Não definido;168.0;160.0;167.0;240.0;08;0814;081410
2026;5;Guarda;Aguiar da Beira;Carapito;Sódio;77.0;77.0;77.0;5750.0;09;0901;090102
2026;5;Guarda;Aguiar da Beira;Cortiçada;Iodeto Metálico;2.0;2.0;2.0;140.0;09;0901;090103
2026;5;Guarda;Aguiar da Beira;Cortiçada;Outros/Não definido;9.0;7.0;7.0;90.0;09;0901;090103
2026;5;Guarda;Aguiar da Beira;Cortiçada;Sódio;20.0;20.0;20.0;1400.0;09;0901;090103
2026;5;Guarda;Aguiar da Beira;Dornelas;Outros/Não definido;20.0;13.0;13.0;45.0;09;0901;090105
2026;5;Guarda;Aguiar da Beira;Eirado;Sódio;1.0;1.0;1.0;70.0;09;0901;090106
2026;5;Guarda;Aguiar da Beira;Pena Verde;Outros/Não definido;47.0;18.0;18.0;174.0;09;0901;090109
2026;5;Guarda;Aguiar da Beira;Sequeiros e Gradiz;Outros/Não definido;8.0;8.0;8.0;120.0;09;0901;090115
2026;5;Guarda;Aguiar da Beira;Souto de Aguiar da Beira e Valverde;Sódio;115.0;115.0;115.0;8590.0;09;0901;090116
2026;5;Guarda;Figueira de Castelo Rodrigo;Castelo Rodrigo;Mercúrio;90.0;90.0;90.0;4560.0;09;0904;090403
2026;5;Guarda;Figueira de Castelo Rodrigo;Mata de Lobos;LED;390.0;390.0;390.0;13359.0;09;0904;090410
2026;5;Guarda;Figueira de Castelo Rodrigo;Algodres, Vale de Afonsinho e Vilar de Amargo;Mercúrio;1.0;1.0;1.0;50.0;09;0904;090418
2026;5;Guarda;Figueira de Castelo Rodrigo;Cinco Vilas e Reigada;LED;430.0;426.0;430.0;17614.0;09;0904;090420
2026;5;Guarda;Fornos de Algodres;Algodres;LED;352.0;352.0;352.0;12676.0;09;0905;090501
2026;5;Guarda;Fornos de Algodres;Figueiró da Granja;Outros/Não definido;5.0;4.0;4.0;135.0;09;0905;090504
2026;5;Guarda;Fornos de Algodres;Infias;Iodeto Metálico;45.0;45.0;45.0;3150.0;09;0905;090507
2026;5;Guarda;Fornos de Algodres;Queiriz;Sódio;2.0;2.0;2.0;120.0;09;0905;090512
2026;5;Guarda;Fornos de Algodres;Cortiçô e Vila Chã;LED;196.0;195.0;195.0;8197.0;09;0905;090517
2026;5;Guarda;Fornos de Algodres;Cortiçô e Vila Chã;Outros/Não definido;4.0;4.0;4.0;180.0;09;0905;090517
2026;5;Guarda;Fornos de Algodres;Cortiçô e Vila Chã;Sódio;2.0;2.0;2.0;140.0;09;0905;090517
2026;5;Guarda;Fornos de Algodres;Sobral Pichorro e Fuinhas;LED;410.0;410.0;410.0;12959.0;09;0905;090519
2026;5;Guarda;Fornos de Algodres;Sobral Pichorro e Fuinhas;Sódio;1.0;1.0;1.0;70.0;09;0905;090519
2026;5;Guarda;Gouveia;Cativelos;LED;496.0;491.0;495.0;16461.000022888184;09;0906;090603
2026;5;Guarda;Gouveia;Folgosinho;LED;411.0;411.0;411.0;16792.099967956543;09;0906;090605
2026;5;Guarda;Gouveia;Folgosinho;Mercúrio;1.0;1.0;1.0;50.0;09;0906;090605
2026;5;Guarda;Gouveia;Nespereira;LED;404.0;400.0;404.0;15975.000019073486;09;0906;090612
2026;5;Guarda;Gouveia;Paços da Serra;LED;368.0;368.0;368.0;13276.899940490723;09;0906;090613
2026;5;Guarda;Gouveia;Paços da Serra;Sódio;60.0;60.0;60.0;4200.0;09;0906;090613
2026;5;Guarda;Gouveia;Ribamondego;Sódio;6.0;6.0;6.0;420.0;09;0906;090614
2026;5;Guarda;Gouveia;Vila Cortês da Serra;LED;261.0;261.0;261.0;10203.599746704102;09;0906;090619
2026;5;Guarda;Gouveia;Vila Cortês da Serra;Mercúrio;1.0;1.0;1.0;50.0;09;0906;090619
2026;5;Guarda;Gouveia;Vila Franca da Serra;LED;250.0;250.0;250.0;8159.399826049805;09;0906;090620
2026;5;Guarda;Gouveia;Vila Nova de Tazem;Mercúrio;3.0;3.0;3.0;150.0;09;0906;090621
2026;5;Guarda;Gouveia;Figueiró da Serra e Freixo da Serra;Outros/Não definido;8.0;6.0;6.0;;09;0906;090624
2026;5;Guarda;Gouveia;Figueiró da Serra e Freixo da Serra;Sódio;9.0;9.0;9.0;630.0;09;0906;090624
2026;5;Guarda;Gouveia;Moimenta da Serra e Vinhó;Outros/Não definido;14.0;12.0;12.0;370.0;09;0906;090627
2026;5;Guarda;Gouveia;Rio Torto e Lagarinhos;Sódio;74.0;74.0;74.0;5340.0;09;0906;090628
2026;5;Guarda;Guarda;Aldeia Viçosa;LED;249.0;249.0;249.0;9550.0;09;0907;090704
2026;5;Guarda;Guarda;Benespera;LED;370.0;370.0;370.0;14571.0;09;0907;090709
2026;5;Guarda;Guarda;Benespera;Sódio;13.0;13.0;13.0;840.0;09;0907;090709
2026;5;Guarda;Guarda;Casal de Cinza;Outros/Não definido;7.0;4.0;4.0;180.0;09;0907;090711
2026;5;Guarda;Guarda;Castanheira;LED;363.0;363.0;363.0;14243.60001373291;09;0907;090712
2026;5;Guarda;Guarda;Castanheira;Outros/Não definido;3.0;;;;09;0907;090712
2026;5;Guarda;Guarda;Cavadoude;Outros/Não definido;4.0;4.0;4.0;180.0;09;0907;090713
2026;5;Guarda;Guarda;Faia;LED;222.0;222.0;222.0;9796.100002288818;09;0907;090716
2026;5;Guarda;Guarda;Faia;Outros/Não definido;3.0;3.0;3.0;135.0;09;0907;090716
2026;5;Guarda;Guarda;Faia;Sódio;23.0;23.0;23.0;1640.0;09;0907;090716
2026;5;Guarda;Guarda;Fernão Joanes;Sódio;10.0;10.0;10.0;690.0;09;0907;090718
2026;5;Guarda;Guarda;João Antão;Sódio;32.0;32.0;32.0;2170.0;09;0907;090722
2026;5;Guarda;Guarda;Maçainhas;Outros/Não definido;21.0;16.0;18.0;45.0;09;0907;090723
2026;5;Guarda;Guarda;Maçainhas;Sódio;7.0;5.0;7.0;540.0;09;0907;090723
2026;5;Guarda;Guarda;Marmeleiro;Sódio;20.0;20.0;20.0;1440.0;09;0907;090724
2026;5;Guarda;Guarda;Guarda;LED;7534.0;6873.0;7519.0;454000.799911499;09;0907;090758
2026;5;Guarda;Guarda;Guarda;Mercúrio;2.0;2.0;2.0;205.0;09;0907;090758
2026;5;Guarda;Guarda;Guarda;Sódio;419.0;369.0;419.0;44860.0;09;0907;090758
2026;5;Guarda;Pinhel;Pinhel;Iodeto Metálico;43.0;43.0;43.0;3010.0;09;0910;091017
2026;5;Guarda;Pinhel;Pinhel;LED;1656.0;1610.0;1656.0;74284.5;09;0910;091017
2026;5;Guarda;Pinhel;Pinhel;Mercúrio;47.0;46.0;47.0;3670.0;09;0910;091017
2026;5;Guarda;Pinhel;Pinhel;Outros/Não definido;5.0;5.0;5.0;;09;0910;091017
2026;5;Guarda;Sabugal;Souto;LED;903.0;901.0;903.0;38209.0;09;0911;091134
2026;5;Guarda;Sabugal;Sabugal e Aldeia de Santo António;Sódio;38.0;26.0;38.0;2470.0;09;0911;091145
2026;5;Leiria;Alcobaça;Alfeizerão;Mercúrio;17.0;11.0;11.0;1120.0;10;1001;100102
2026;5;Leiria;Alcobaça;Alfeizerão;Outros/Não definido;269.0;269.0;269.0;765.0;10;1001;100102
2026;5;Leiria;Alcobaça;Bárrio;Mercúrio;2.0;2.0;2.0;160.0;10;1001;100104
2026;5;Leiria;Alcobaça;Évora de Alcobaça;LED;2133.0;2118.0;2145.0;77158.00085449219;10;1001;100108
2026;5;Leiria;Alcobaça;Aljubarrota;Mercúrio;69.0;51.0;51.0;5010.0;10;1001;100120
2026;5;Leiria;Batalha;Batalha;LED;2558.0;2521.0;2591.0;105954.30083084106;10;1004;100401
2026;5;Leiria;Batalha;Batalha;Sódio;689.0;678.0;685.0;48927.0;10;1004;100401
2026;5;Leiria;Bombarral;Roliça;Outros/Não definido;2.0;2.0;2.0;45.0;10;1005;100503
2026;5;Leiria;Bombarral;Bombarral e Vale Covo;LED;2351.0;2278.0;2351.0;97646.2999343872;10;1005;100506
2026;5;Leiria;Caldas da Rainha;Alvorninha;LED;1998.0;1997.0;2005.0;63930.600524902344;10;1006;100602
2026;5;Leiria;Caldas da Rainha;Alvorninha;Outros/Não definido;3.0;3.0;3.0;45.0;10;1006;100602
2026;5;Leiria;Caldas da Rainha;Nadadouro;LED;1208.0;1206.0;1207.0;44636.499980926514;10;1006;100608
2026;5;Leiria;Caldas da Rainha;Nadadouro;Outros/Não definido;2.0;2.0;2.0;;10;1006;100608
2026;5;Leiria;Caldas da Rainha;Nadadouro;Sódio;64.0;64.0;64.0;4720.0;10;1006;100608
2026;5;Leiria;Caldas da Rainha;Nossa Senhora do Pópulo, Coto e São Gregório;Fluorescente;30.0;16.0;30.0;1000.0;10;1006;100617
2026;5;Leiria;Caldas da Rainha;Tornada e Salir do Porto;LED;2448.0;2370.0;2454.0;92278.19992828369;10;1006;100619
2026;5;Leiria;Caldas da Rainha;Tornada e Salir do Porto;Sódio;8.0;6.0;8.0;580.0;10;1006;100619
2026;5;Leiria;Figueiró dos Vinhos;Figueiró dos Vinhos e Bairradas;LED;2632.0;2596.0;2827.0;102498.20049285889;10;1008;100806
2026;5;Guarda;Guarda;Meios;LED;178.0;177.0;178.0;6467.0;09;0907;090725
2026;5;Guarda;Guarda;Pega;Outros/Não definido;1.0;1.0;1.0;45.0;09;0907;090729
2026;5;Guarda;Guarda;Pêra do Moço;LED;683.0;683.0;683.0;25238.0;09;0907;090730
2026;5;Guarda;Guarda;Pêra do Moço;Sódio;6.0;6.0;6.0;460.0;09;0907;090730
2026;5;Guarda;Guarda;Sobral da Serra;Sódio;1.0;1.0;1.0;70.0;09;0907;090744
2026;5;Faro;Monchique;Alferce;Sódio;103.0;99.0;103.0;8400.0;08;0809;080901
2026;5;Faro;Monchique;Monchique;Iodeto Metálico;41.0;35.0;41.0;2450.0;08;0809;080903
2026;5;Faro;Monchique;Monchique;Outros/Não definido;132.0;123.0;123.0;425.0;08;0809;080903
2026;5;Faro;Vila do Bispo;Barão de São Miguel;Sódio;54.0;50.0;54.0;3610.0;08;0815;081501
2026;5;Faro;Vila do Bispo;Budens;Indução;28.0;28.0;28.0;1400.0;08;0815;081502
2026;5;Faro;Vila do Bispo;Budens;Mercúrio;1.0;1.0;1.0;50.0;08;0815;081502
2026;5;Faro;Vila do Bispo;Budens;Outros/Não definido;32.0;29.0;29.0;270.0;08;0815;081502
2026;5;Faro;Vila do Bispo;Sagres;LED;1048.0;1038.0;1048.0;49152.10050392151;08;0815;081504
2026;5;Faro;Vila do Bispo;Sagres;Outros/Não definido;57.0;57.0;57.0;;08;0815;081504
2026;5;Guarda;Almeida;Malhada Sorda;LED;317.0;317.0;317.0;12655.0;09;0902;090213
2026;5;Guarda;Almeida;Vale da Mula;LED;241.0;241.0;241.0;9075.0;09;0902;090227
2026;5;Guarda;Almeida;Vale da Mula;Outros/Não definido;2.0;;;;09;0902;090227
2026;5;Guarda;Almeida;Vilar Formoso;Sódio;34.0;32.0;34.0;2820.0;09;0902;090229
2026;5;Guarda;Almeida;Castelo Mendo, Ade, Monteperobolso e Mesquitela;Sódio;108.0;103.0;108.0;8080.0;09;0902;090232
2026;5;Guarda;Almeida;Junça e Naves;Outros/Não definido;11.0;11.0;11.0;225.0;09;0902;090233
2026;5;Guarda;Almeida;Malpartida e Vale de Coelha;Sódio;1.0;1.0;1.0;70.0;09;0902;090235
2026;5;Guarda;Almeida;Miuzela e Porto de Ovelha;Sódio;4.0;4.0;4.0;600.0;09;0902;090236
2026;5;Guarda;Celorico da Beira;Carrapichana;LED;309.0;285.0;309.0;9412.0;09;0903;090304
2026;5;Guarda;Celorico da Beira;Carrapichana;Outros/Não definido;4.0;2.0;2.0;90.0;09;0903;090304
2026;5;Guarda;Celorico da Beira;Forno Telheiro;LED;650.0;638.0;647.0;21483.0;09;0903;090306
2026;5;Guarda;Celorico da Beira;Linhares;LED;379.0;378.0;378.0;12657.60001373291;09;0903;090308
2026;5;Guarda;Celorico da Beira;Mesquitela;Outros/Não definido;1.0;;;;09;0903;090310
2026;5;Guarda;Celorico da Beira;Minhocal;LED;182.0;182.0;182.0;5810.0;09;0903;090311
2026;5;Guarda;Celorico da Beira;Casas do Soeiro;LED;425.0;424.0;438.0;15009.0;09;0903;090322
2026;5;Guarda;Celorico da Beira;São Pedro e Santa Maria e Vila Boa do Mondego;LED;1961.0;1830.0;1941.0;71785.0;09;0903;090324
2026;5;Guarda;Celorico da Beira;Rapa e Cadafaz;LED;490.0;490.0;490.0;16154.0;09;0903;090326
2026;5;Guarda;Guarda;Valhelhas;LED;399.0;399.0;399.0;13746.0;09;0907;090747
2026;5;Guarda;Guarda;Videmonte;LED;369.0;367.0;369.0;12350.200004577637;09;0907;090749
2026;5;Guarda;Guarda;Vila Cortês do Mondego;LED;163.0;158.0;158.0;6680.800003051758;09;0907;090750
2026;5;Guarda;Guarda;Vila Franca do Deão;Outros/Não definido;3.0;3.0;3.0;135.0;09;0907;090752
2026;5;Guarda;Guarda;Vila Franca do Deão;Sódio;21.0;21.0;21.0;1540.0;09;0907;090752
2026;5;Guarda;Guarda;Gonçalo;Outros/Não definido;4.0;2.0;2.0;90.0;09;0907;090757
2026;5;Guarda;Guarda;Jarmelo São Miguel;Outros/Não definido;5.0;3.0;3.0;;09;0907;090759
2026;5;Guarda;Guarda;Avelãs de Ambom e Rocamondo;Sódio;34.0;34.0;34.0;2380.0;09;0907;090761
2026;5;Guarda;Guarda;Corujeira e Trinta;LED;395.0;383.0;383.0;17113.40000152588;09;0907;090762
2026;5;Guarda;Guarda;Pousade e Albardo;LED;345.0;343.0;343.0;15166.0;09;0907;090764
2026;5;Guarda;Guarda;Pousade e Albardo;Outros/Não definido;8.0;7.0;7.0;45.0;09;0907;090764
2026;5;Guarda;Guarda;Rochoso e Monte Margarida;LED;362.0;362.0;362.0;14703.0;09;0907;090765
2026;5;Guarda;Guarda;Rochoso e Monte Margarida;Sódio;21.0;21.0;21.0;1340.0;09;0907;090765
2026;5;Guarda;Guarda;Adão;LED;278.0;278.0;278.0;12406.0;09;0907;090766
2026;5;Guarda;Pinhel;Ervedosa;Outros/Não definido;2.0;;;;09;0910;091009
2026;5;Guarda;Pinhel;Lamegal;Sódio;4.0;4.0;4.0;280.0;09;0910;091012
2026;5;Guarda;Pinhel;Lameiras;LED;245.0;245.0;245.0;8081.0;09;0910;091013
2026;5;Guarda;Pinhel;Lameiras;Outros/Não definido;1.0;1.0;1.0;45.0;09;0910;091013
2026;5;Guarda;Pinhel;Manigoto;Sódio;8.0;8.0;8.0;750.0;09;0910;091014
2026;5;Guarda;Pinhel;Pala;LED;332.0;331.0;331.0;11462.400001525879;09;0910;091015
2026;5;Guarda;Pinhel;Pala;Sódio;9.0;9.0;9.0;660.0;09;0910;091015
2026;5;Guarda;Pinhel;Agregação das freguesias Sul de Pinhel;Sódio;24.0;24.0;24.0;1920.0;09;0910;091028
2026;5;Guarda;Pinhel;Terras de Massueime;LED;299.0;299.0;299.0;11351.0;09;0910;091030
2026;5;Guarda;Pinhel;Terras de Massueime;Sódio;19.0;19.0;19.0;1290.0;09;0910;091030
2026;5;Guarda;Pinhel;Valbom/Bogalhal;LED;212.0;212.0;212.0;7796.0;09;0910;091031
2026;5;Guarda;Pinhel;Vale do Côa;Outros/Não definido;17.0;;;;09;0910;091033
2026;5;Guarda;Pinhel;Vale do Massueime;LED;409.0;409.0;409.0;18233.0;09;0910;091034
2026;5;Guarda;Pinhel;Vale do Massueime;Sódio;12.0;12.0;12.0;740.0;09;0910;091034
2026;5;Guarda;Sabugal;Bendada;LED;616.0;616.0;616.0;17609.0;09;0911;091110
2026;5;Guarda;Sabugal;Bendada;Outros/Não definido;4.0;4.0;4.0;;09;0911;091110
2026;5;Guarda;Sabugal;Bismula;Outros/Não definido;1.0;;;;09;0911;091111
2026;5;Guarda;Sabugal;Cerdeira;LED;255.0;255.0;255.0;5991.0;09;0911;091113
2026;5;Guarda;Sabugal;Nave;LED;397.0;397.0;397.0;9741.0;09;0911;091120
2026;5;Guarda;Sabugal;Nave;Outros/Não definido;1.0;1.0;1.0;;09;0911;091120
2026;5;Guarda;Sabugal;Quadrazais;Sódio;6.0;6.0;6.0;350.0;09;0911;091123
2026;5;Guarda;Sabugal;Quintas de São Bartolomeu;LED;328.0;328.0;328.0;14035.0;09;0911;091124
2026;5;Guarda;Sabugal;Rapoula do Côa;Outros/Não definido;3.0;3.0;3.0;135.0;09;0911;091125
2026;5;Guarda;Sabugal;Rendo;LED;386.0;385.0;385.0;11930.0;09;0911;091127
2026;5;Guarda;Sabugal;Rendo;Outros/Não definido;3.0;1.0;1.0;;09;0911;091127
2026;5;Guarda;Sabugal;Sortelha;LED;515.0;515.0;515.0;17846.0;09;0911;091133
2026;5;Guarda;Sabugal;Vale de Espinho;Mercúrio;1.0;1.0;1.0;50.0;09;0911;091136
2026;5;Guarda;Sabugal;Vila Boa;LED;289.0;289.0;289.0;8483.0;09;0911;091138
2026;5;Guarda;Sabugal;Aldeia da Ribeira, Vilar Maior e Badamalos;LED;513.0;513.0;513.0;19204.800003051758;09;0911;091141
2026;5;Guarda;Sabugal;Pousafoles do Bispo, Pena Lobo e Lomba;LED;647.0;643.0;647.0;21149.0;09;0911;091143
2026;5;Guarda;Sabugal;Santo Estêvão e Moita;Sódio;1.0;1.0;1.0;70.0;09;0911;091146
2026;5;Guarda;Sabugal;Seixo do Côa e Vale Longo;LED;431.0;431.0;431.0;14427.0;09;0911;091147
2026;5;Guarda;Sabugal;Seixo do Côa e Vale Longo;Sódio;2.0;2.0;2.0;140.0;09;0911;091147
2026;5;Guarda;Seia;Loriga;Outros/Não definido;1.0;1.0;1.0;45.0;09;0912;091207
2026;5;Guarda;Seia;Paranhos;LED;967.0;965.0;967.0;32076.0;09;0912;091208
2026;5;Guarda;Seia;Sandomil;LED;632.0;622.0;632.0;18608.0;09;0912;091212
2026;5;Guarda;Seia;Santiago;Outros/Não definido;13.0;13.0;13.0;405.0;09;0912;091216
2026;5;Guarda;Seia;Sazes da Beira;LED;261.0;261.0;261.0;8265.0;09;0912;091219
2026;5;Guarda;Seia;Valezim;LED;287.0;287.0;287.0;9561.0;09;0912;091225
2026;5;Guarda;Seia;Sameice e Santa Eulália;LED;536.0;536.0;536.0;17145.0;09;0912;091231
2026;5;Guarda;Seia;Santa Marinha e São Martinho;LED;881.0;862.0;881.0;26803.0;09;0912;091232
2026;5;Guarda;Seia;Seia, São Romão e Lapa dos Dinheiros;LED;4445.0;4264.0;4445.0;147091.0;09;0912;091233
2026;5;Guarda;Seia;Torrozelo e Folhadosa;Outros/Não definido;8.0;;;;09;0912;091234
2026;5;Guarda;Seia;Tourais e Lajes;LED;1372.0;1364.0;1372.0;43508.0;09;0912;091235
2026;5;Guarda;Seia;Tourais e Lajes;Outros/Não definido;4.0;4.0;4.0;90.0;09;0912;091235
2026;5;Guarda;Seia;Vide e Cabeça;Outros/Não definido;7.0;7.0;7.0;45.0;09;0912;091236
2026;5;Leiria;Alcobaça;Benedita;Mercúrio;24.0;23.0;23.0;1860.0;10;1001;100105
2026;5;Leiria;Alcobaça;Benedita;Outros/Não definido;184.0;184.0;184.0;6313.0;10;1001;100105
2026;5;Leiria;Alcobaça;Benedita;Sódio;658.0;609.0;651.0;52390.0;10;1001;100105
2026;5;Leiria;Alcobaça;Turquel;Mercúrio;21.0;7.0;7.0;1230.0;10;1001;100114
2026;5;Leiria;Alcobaça;Turquel;Sódio;247.0;240.0;244.0;18120.0;10;1001;100114
2026;5;Leiria;Alcobaça;Coz, Alpedriz e Montes;Mercúrio;37.0;10.0;12.0;1975.0;10;1001;100122
2026;5;Leiria;Alcobaça;Pataias e Martingança;Sódio;814.0;733.0;783.0;113510.0;10;1001;100123
2026;5;Leiria;Batalha;Reguengo do Fetal;LED;853.0;852.0;852.0;30414.000297546387;10;1004;100402
2026;5;Leiria;Batalha;Reguengo do Fetal;Outros/Não definido;84.0;84.0;84.0;1994.0;10;1004;100402
2026;5;Leiria;Batalha;São Mamede;Outros/Não definido;412.0;394.0;396.0;5965.0;10;1004;100403
2026;5;Leiria;Bombarral;Pó;Outros/Não definido;5.0;5.0;5.0;;10;1005;100505
2026;5;Leiria;Caldas da Rainha;A dos Francos;Sódio;4.0;4.0;4.0;440.0;10;1006;100601
2026;5;Leiria;Caldas da Rainha;Foz do Arelho;LED;1120.0;1037.0;1119.0;41184.2998008728;10;1006;100606
2026;5;Leiria;Caldas da Rainha;Salir de Matos;LED;1479.0;1455.0;1460.0;44697.90000152588;10;1006;100609
2026;5;Leiria;Caldas da Rainha;Salir de Matos;Outros/Não definido;2.0;2.0;2.0;;10;1006;100609
2026;5;Leiria;Caldas da Rainha;Salir de Matos;Sódio;6.0;6.0;6.0;420.0;10;1006;100609
2026;5;Leiria;Caldas da Rainha;Santa Catarina;Outros/Não definido;3.0;3.0;3.0;;10;1006;100611
2026;5;Leiria;Caldas da Rainha;Vidais;LED;885.0;883.0;883.0;33092.900371551514;10;1006;100615
2026;5;Leiria;Caldas da Rainha;Caldas da Rainha - Santo Onofre e Serra do Bouro;Mercúrio;3.0;3.0;3.0;180.0;10;1006;100618
2026;5;Leiria;Figueiró dos Vinhos;Aguda;Mercúrio;11.0;9.0;9.0;550.0;10;1008;100801
2026;5;Leiria;Figueiró dos Vinhos;Aguda;Sódio;67.0;66.0;67.0;6910.0;10;1008;100801
2026;5;Leiria;Figueiró dos Vinhos;Campelo;Iodeto Metálico;2.0;2.0;2.0;300.0;10;1008;100803
2026;5;Leiria;Figueiró dos Vinhos;Campelo;Outros/Não definido;122.0;122.0;122.0;;10;1008;100803
2026;5;Guarda;Manteigas;Manteigas (São Pedro);LED;38.0;37.0;38.0;2140.0;09;0908;090803
2026;5;Guarda;Mêda;Coriscada;LED;270.0;266.0;268.0;6267.0;09;0909;090905
2026;5;Guarda;Mêda;Longroiva;LED;541.0;533.0;541.0;15731.0;09;0909;090907
2026;5;Guarda;Mêda;Marialva;LED;359.0;349.0;349.0;12234.0;09;0909;090908
2026;5;Guarda;Mêda;Poço do Canto;LED;371.0;367.0;371.0;9383.0;09;0909;090912
2026;5;Guarda;Mêda;Rabaçal;LED;317.0;315.0;317.0;10826.0;09;0909;090914
2026;5;Guarda;Mêda;Vale Flor, Carvalhal e Pai Penela;LED;463.0;451.0;461.0;10485.0;09;0909;090919
2026;5;Guarda;Trancoso;Aldeia Nova;LED;367.0;366.0;366.0;15087.0;09;0913;091301
2026;5;Guarda;Trancoso;Aldeia Nova;Outros/Não definido;7.0;7.0;7.0;;09;0913;091301
2026;5;Guarda;Trancoso;Cótimos;Mercúrio;3.0;3.0;3.0;150.0;09;0913;091305
2026;5;Guarda;Trancoso;Fiães;Outros/Não definido;1.0;1.0;1.0;45.0;09;0913;091307
2026;5;Guarda;Trancoso;Granja;LED;199.0;199.0;199.0;6655.0;09;0913;091309
2026;5;Guarda;Trancoso;Granja;Sódio;39.0;39.0;39.0;2250.0;09;0913;091309
2026;5;Leiria;Leiria;Arrabal;Sódio;73.0;71.0;71.0;5730.0;10;1009;100902
2026;5;Leiria;Leiria;Caranguejeira;Fluorescente;9.0;9.0;9.0;450.0;10;1009;100907
2026;5;Leiria;Leiria;Caranguejeira;Sódio;438.0;437.0;437.0;32690.0;10;1009;100907
2026;5;Leiria;Leiria;Leiria, Pousos, Barreira e Cortes;Mercúrio;85.0;76.0;76.0;7820.0;10;1009;100933
2026;5;Leiria;Leiria;Leiria, Pousos, Barreira e Cortes;Outros/Não definido;258.0;247.0;291.0;4974.0;10;1009;100933
2026;5;Leiria;Leiria;Leiria, Pousos, Barreira e Cortes;Sódio;2485.0;2393.0;2484.0;217185.0;10;1009;100933
2026;5;Leiria;Leiria;Marrazes e Barosa;LED;4513.0;4311.0;4527.0;166602.90004348755;10;1009;100934
2026;5;Leiria;Leiria;Monte Real e Carvide;LED;1227.0;1222.0;1234.0;40969.90006637573;10;1009;100935
2026;5;Leiria;Leiria;Monte Real e Carvide;Mercúrio;13.0;12.0;12.0;650.0;10;1009;100935
2026;5;Leiria;Leiria;Parceiros e Azoia;Sódio;616.0;610.0;614.0;47880.0;10;1009;100937
2026;5;Leiria;Marinha Grande;Marinha Grande;Mercúrio;23.0;23.0;23.0;1900.0;10;1010;101001
2026;5;Leiria;Marinha Grande;Marinha Grande;Outros/Não definido;451.0;413.0;451.0;4367.400001525879;10;1010;101001
2026;5;Leiria;Nazaré;Famalicão;LED;981.0;978.0;998.0;38089.900535583496;10;1011;101101
2026;5;Leiria;Nazaré;Famalicão;Mercúrio;8.0;8.0;8.0;520.0;10;1011;101101
2026;5;Leiria;Nazaré;Nazaré;Fluorescente;11.0;11.0;11.0;950.0;10;1011;101102
2026;5;Leiria;Nazaré;Valado dos Frades;Mercúrio;19.0;19.0;19.0;1400.0;10;1011;101103
2026;5;Leiria;Óbidos;Olho Marinho;Mercúrio;1.0;1.0;1.0;50.0;10;1012;101203
2026;5;Leiria;Óbidos;Gaeiras;Iodeto Metálico;2.0;2.0;2.0;300.0;10;1012;101208
2026;5;Leiria;Peniche;Atouguia da Baleia;LED;4374.0;4317.0;4392.0;173672.49870681763;10;1014;101402
2026;5;Leiria;Peniche;Peniche;Mercúrio;1.0;1.0;1.0;80.0;10;1014;101407
2026;5;Leiria;Peniche;Peniche;Outros/Não definido;134.0;134.0;134.0;230.0;10;1014;101407
2026;5;Leiria;Pombal;Pelariga;Mercúrio;29.0;29.0;29.0;1450.0;10;1015;101508
2026;5;Leiria;Pombal;Pelariga;Outros/Não definido;44.0;44.0;44.0;45.0;10;1015;101508
2026;5;Leiria;Pombal;Pombal;Fluorescente;13.0;13.0;13.0;650.0;10;1015;101509
2026;5;Leiria;Pombal;Vermoil;Mercúrio;27.0;19.0;19.0;1170.0;10;1015;101513
2026;5;Leiria;Pombal;Guia, Ilha e Mata Mourisca;LED;3053.0;2991.0;3017.0;110667.20011520386;10;1015;101518
2026;5;Leiria;Pombal;Guia, Ilha e Mata Mourisca;Mercúrio;37.0;29.0;35.0;1790.0;10;1015;101518
2026;5;Leiria;Pombal;Guia, Ilha e Mata Mourisca;Outros/Não definido;242.0;219.0;240.0;375.0;10;1015;101518
2026;5;Lisboa;Alenquer;Aldeia Galega da Merceana e Aldeia Gavinha;LED;1365.0;1341.0;1347.0;51383.8999710083;11;1101;110118
2026;5;Lisboa;Alenquer;Alenquer (Santo Estêvão e Triana);Iodeto Metálico;13.0;12.0;12.0;1020.0;11;1101;110119
2026;5;Lisboa;Alenquer;Alenquer (Santo Estêvão e Triana);Sódio;23.0;23.0;23.0;2980.0;11;1101;110119
2026;5;Lisboa;Alenquer;Carregado e Cadafais;LED;2349.0;2300.0;2343.0;99334.89994812012;11;1101;110120
2026;5;Lisboa;Alenquer;Carregado e Cadafais;Mercúrio;1.0;1.0;1.0;50.0;11;1101;110120
2026;5;Lisboa;Azambuja;Azambuja;LED;2262.0;2143.0;2255.0;86425.70000076294;11;1103;110304
2026;5;Lisboa;Azambuja;Azambuja;Outros/Não definido;61.0;61.0;61.0;45.0;11;1103;110304
2026;5;Lisboa;Azambuja;Vale do Paraíso;LED;386.0;385.0;385.0;12920.800003051758;11;1103;110306
2026;5;Lisboa;Azambuja;Vale do Paraíso;Outros/Não definido;12.0;12.0;12.0;;11;1103;110306
2026;5;Lisboa;Cadaval;Vilar;LED;891.0;881.0;891.0;28870.600296020508;11;1104;110410
2026;5;Lisboa;Cadaval;Painho e Figueiros;Outros/Não definido;1.0;1.0;1.0;;11;1104;110413
2026;5;Lisboa;Cascais;Alcabideche;Iodeto Metálico;35.0;35.0;35.0;1750.0;11;1105;110501
2026;5;Lisboa;Cascais;Alcabideche;LED;1216.0;1186.0;1216.0;86064.50038528442;11;1105;110501
2026;5;Lisboa;Cascais;Alcabideche;Sódio;5634.0;5609.0;5634.0;812680.0;11;1105;110501
2026;5;Lisboa;Cascais;São Domingos de Rana;LED;947.0;895.0;947.0;62251.60013961792;11;1105;110506
2026;5;Lisboa;Cascais;Carcavelos e Parede;LED;1312.0;1210.0;1312.0;96617.40032958984;11;1105;110507
2026;5;Lisboa;Cascais;Carcavelos e Parede;Mercúrio;19.0;19.0;19.0;1280.0;11;1105;110507
2026;5;Lisboa;Cascais;Cascais e Estoril;Iodeto Metálico;442.0;442.0;442.0;44200.0;11;1105;110508
2026;5;Lisboa;Cascais;Cascais e Estoril;LED;1896.0;1794.0;1896.0;147378.30070114136;11;1105;110508
2026;5;Lisboa;Cascais;Cascais e Estoril;Outros/Não definido;2783.0;2715.0;2787.0;193851.00003051758;11;1105;110508
2026;5;Lisboa;Lisboa;Alcântara;LED;281.0;105.0;281.0;3361.0;11;1106;110602
2026;5;Lisboa;Lisboa;Campolide;LED;282.0;278.0;282.0;13007.199897766113;11;1106;110610
2026;5;Lisboa;Lisboa;Carnide;Iodeto Metálico;56.0;28.0;56.0;2520.0;11;1106;110611
2026;5;Lisboa;Lisboa;Lumiar;Outros/Não definido;6961.0;6176.0;6992.0;758345.0;11;1106;110618
2026;5;Lisboa;Lisboa;Olivais;LED;56.0;56.0;56.0;2456.0;11;1106;110633
2026;5;Lisboa;Lisboa;Olivais;Outros/Não definido;5576.0;5105.0;5617.0;646676.0;11;1106;110633
2026;5;Lisboa;Lisboa;Olivais;Sódio;4.0;4.0;4.0;600.0;11;1106;110633
2026;5;Lisboa;Lisboa;São Domingos de Benfica;Outros/Não definido;4041.0;3558.0;4083.0;487081.0;11;1106;110639
2026;5;Lisboa;Lisboa;Arroios;LED;49.0;49.0;49.0;2056.0;11;1106;110656
2026;5;Lisboa;Lisboa;Avenidas Novas;Outros/Não definido;3831.0;3285.0;3932.0;488478.0;11;1106;110657
2026;5;Lisboa;Lisboa;Belém;LED;96.0;80.0;96.0;2388.0;11;1106;110658
2026;5;Lisboa;Lisboa;Belém;Sódio;16.0;12.0;16.0;2100.0;11;1106;110658
2026;5;Lisboa;Lisboa;Parque das Nações;Fluorescente;4.0;4.0;4.0;200.0;11;1106;110662
2026;5;Guarda;Trancoso;Moreira de Rei;Sódio;1.0;1.0;1.0;70.0;09;0913;091312
2026;5;Guarda;Trancoso;Palhais;LED;190.0;190.0;190.0;7186.0;09;0913;091313
2026;5;Guarda;Trancoso;Póvoa do Concelho;Outros/Não definido;1.0;1.0;1.0;50.0;09;0913;091314
2026;5;Guarda;Trancoso;Reboleiro;Sódio;6.0;6.0;6.0;570.0;09;0913;091315
2026;5;Guarda;Trancoso;Tamanhos;LED;222.0;222.0;222.0;9330.0;09;0913;091321
2026;5;Guarda;Trancoso;Valdujo;Mercúrio;1.0;1.0;1.0;50.0;09;0913;091325
2026;5;Guarda;Trancoso;Freches e Torres;Sódio;25.0;25.0;25.0;2100.0;09;0913;091330
2026;5;Guarda;Trancoso;Torre do Terrenho, Sebadelhe da Serra e Terrenho;Mercúrio;3.0;3.0;3.0;170.0;09;0913;091331
2026;5;Guarda;Trancoso;Vila Franca das Naves e Feital;Mercúrio;10.0;10.0;10.0;500.0;09;0913;091334
2026;5;Guarda;Trancoso;Vila Franca das Naves e Feital;Outros/Não definido;1.0;1.0;1.0;;09;0913;091334
2026;5;Guarda;Trancoso;Vilares e Carnicães;Sódio;3.0;3.0;3.0;220.0;09;0913;091335
2026;5;Guarda;Vila Nova de Foz Côa;Castelo Melhor;Mercúrio;2.0;2.0;2.0;100.0;09;0914;091402
2026;5;Guarda;Vila Nova de Foz Côa;Castelo Melhor;Sódio;7.0;7.0;7.0;700.0;09;0914;091402
2026;5;Guarda;Vila Nova de Foz Côa;Cedovim;Sódio;12.0;12.0;12.0;1070.0;09;0914;091403
2026;5;Guarda;Vila Nova de Foz Côa;Chãs;Outros/Não definido;28.0;28.0;28.0;;09;0914;091404
2026;5;Guarda;Vila Nova de Foz Côa;Chãs;Sódio;3.0;3.0;3.0;240.0;09;0914;091404
2026;5;Guarda;Vila Nova de Foz Côa;Horta;LED;240.0;227.0;240.0;10449.0;09;0914;091407
2026;5;Guarda;Vila Nova de Foz Côa;Horta;Outros/Não definido;1.0;1.0;1.0;45.0;09;0914;091407
2026;5;Guarda;Vila Nova de Foz Côa;Horta;Sódio;5.0;5.0;5.0;410.0;09;0914;091407
2026;5;Guarda;Vila Nova de Foz Côa;Muxagata;Mercúrio;1.0;1.0;1.0;50.0;09;0914;091410
2026;5;Guarda;Vila Nova de Foz Côa;Numão;LED;244.0;244.0;244.0;6845.0;09;0914;091411
2026;5;Guarda;Vila Nova de Foz Côa;Numão;Outros/Não definido;1.0;1.0;1.0;;09;0914;091411
2026;5;Guarda;Vila Nova de Foz Côa;Numão;Sódio;13.0;13.0;13.0;910.0;09;0914;091411
2026;5;Guarda;Vila Nova de Foz Côa;Santa Comba;LED;331.0;324.0;331.0;12697.0;09;0914;091412
2026;5;Guarda;Vila Nova de Foz Côa;Sebadelhe;Sódio;1.0;1.0;1.0;70.0;09;0914;091414
2026;5;Guarda;Vila Nova de Foz Côa;Seixas;LED;198.0;198.0;198.0;6596.0;09;0914;091415
2026;5;Guarda;Vila Nova de Foz Côa;Touça;Outros/Não definido;2.0;2.0;2.0;;09;0914;091416
2026;5;Guarda;Vila Nova de Foz Côa;Touça;Sódio;1.0;1.0;1.0;70.0;09;0914;091416
2026;5;Guarda;Vila Nova de Foz Côa;Freixo de Numão;Sódio;26.0;26.0;26.0;1850.0;09;0914;091418
2026;5;Guarda;Vila Nova de Foz Côa;Vila Nova de Foz Côa;LED;2053.0;1968.0;2051.0;94272.60001373291;09;0914;091419
2026;5;Guarda;Vila Nova de Foz Côa;Vila Nova de Foz Côa;Outros/Não definido;152.0;123.0;151.0;135.0;09;0914;091419
2026;5;Leiria;Alvaiázere;Almoster;LED;716.0;715.0;715.0;29010.800170898438;10;1002;100201
2026;5;Leiria;Alvaiázere;Almoster;Outros/Não definido;23.0;23.0;23.0;225.0;10;1002;100201
2026;5;Leiria;Alvaiázere;Maçãs de Dona Maria;Outros/Não definido;5.0;5.0;5.0;90.0;10;1002;100204
2026;5;Leiria;Alvaiázere;Pussos São Pedro;LED;1563.0;1558.0;1562.0;59713.400356292725;10;1002;100209
2026;5;Leiria;Ansião;Alvorge;LED;905.0;903.0;905.0;35715.20030212402;10;1003;100301
2026;5;Leiria;Ansião;Alvorge;Outros/Não definido;2.0;2.0;2.0;90.0;10;1003;100301
2026;5;Leiria;Ansião;Pousaflores;LED;959.0;959.0;959.0;36467.60031890869;10;1003;100306
2026;5;Leiria;Ansião;Santiago da Guarda;LED;2077.0;2070.0;2077.0;75997.40021514893;10;1003;100307
2026;5;Leiria;Leiria;Coimbrão;Mercúrio;1.0;1.0;1.0;50.0;10;1009;100909
2026;5;Leiria;Leiria;Maceira;LED;1751.0;1740.0;1740.0;63064.20053100586;10;1009;100913
2026;5;Leiria;Leiria;Milagres;Sódio;1024.0;877.0;912.0;71220.0;10;1009;100915
2026;5;Leiria;Leiria;Bajouca;Mercúrio;3.0;3.0;3.0;170.0;10;1009;100925
2026;5;Leiria;Leiria;Bidoeira de Cima;LED;736.0;736.0;736.0;25923.000232696533;10;1009;100926
2026;5;Leiria;Leiria;Bidoeira de Cima;Outros/Não definido;90.0;90.0;90.0;1845.0;10;1009;100926
2026;5;Leiria;Leiria;Colmeias e Memória;Mercúrio;54.0;47.0;47.0;2780.0;10;1009;100932
2026;5;Leiria;Leiria;Colmeias e Memória;Outros/Não definido;19.0;19.0;19.0;175.4000015258789;10;1009;100932
2026;5;Leiria;Leiria;Santa Catarina da Serra e Chainça;Outros/Não definido;44.0;44.0;44.0;1665.0;10;1009;100938
2026;5;Leiria;Leiria;Santa Eufémia e Boa Vista;Fluorescente;1.0;1.0;1.0;100.0;10;1009;100939
2026;5;Leiria;Leiria;Souto da Carpalhosa e Ortigosa;LED;1051.0;1045.0;1050.0;38193.800132751465;10;1009;100940
2026;5;Leiria;Leiria;Souto da Carpalhosa e Ortigosa;Outros/Não definido;46.0;46.0;52.0;1355.0;10;1009;100940
2026;5;Leiria;Marinha Grande;Vieira de Leiria;Sódio;413.0;405.0;413.0;45600.0;10;1010;101002
2026;5;Leiria;Marinha Grande;Moita;Outros/Não definido;17.0;17.0;17.0;330.0;10;1010;101003
2026;5;Leiria;Óbidos;A dos Negros;LED;800.0;799.0;799.0;26155.200080871582;10;1012;101201
2026;5;Leiria;Óbidos;A dos Negros;Mercúrio;2.0;2.0;2.0;160.0;10;1012;101201
2026;5;Leiria;Óbidos;Amoreira;Mercúrio;10.0;6.0;6.0;400.0;10;1012;101202
2026;5;Leiria;Óbidos;Vau;LED;950.0;931.0;958.0;38561.39978027344;10;1012;101207
2026;5;Leiria;Óbidos;Usseira;Outros/Não definido;22.0;22.0;22.0;765.0;10;1012;101209
2026;5;Leiria;Óbidos;Usseira;Sódio;6.0;6.0;6.0;420.0;10;1012;101209
2026;5;Leiria;Óbidos;Santa Maria, São Pedro e Sobral da Lagoa;Iodeto Metálico;4.0;3.0;4.0;450.0;10;1012;101210
2026;5;Leiria;Óbidos;Santa Maria, São Pedro e Sobral da Lagoa;LED;2413.0;2363.0;2421.0;89949.50007247925;10;1012;101210
2026;5;Leiria;Óbidos;Santa Maria, São Pedro e Sobral da Lagoa;Mercúrio;1.0;1.0;1.0;80.0;10;1012;101210
2026;5;Leiria;Peniche;Ferrel;Mercúrio;3.0;3.0;3.0;1200.0;10;1014;101406
2026;5;Leiria;Peniche;Ferrel;Outros/Não definido;23.0;11.0;23.0;90.0;10;1014;101406
2026;5;Leiria;Peniche;Ferrel;Sódio;8.0;8.0;8.0;620.0;10;1014;101406
2026;5;Leiria;Pombal;Abiul;Iodeto Metálico;8.0;1.0;1.0;520.0;10;1015;101501
2026;5;Leiria;Pombal;Abiul;Mercúrio;102.0;87.0;87.0;5140.0;10;1015;101501
2026;5;Leiria;Pombal;Abiul;Outros/Não definido;111.0;111.0;111.0;360.0;10;1015;101501
2026;5;Leiria;Pombal;Abiul;Sódio;571.0;566.0;566.0;40190.0;10;1015;101501
2026;5;Leiria;Pombal;Almagreira;LED;1174.0;1174.0;1174.0;44981.00045013428;10;1015;101503
2026;5;Leiria;Pombal;Almagreira;Sódio;282.0;282.0;282.0;19740.0;10;1015;101503
2026;5;Leiria;Pombal;Louriçal;Iodeto Metálico;12.0;12.0;12.0;4800.0;10;1015;101506
2026;5;Leiria;Pombal;Louriçal;Mercúrio;86.0;86.0;86.0;4330.0;10;1015;101506
2026;5;Leiria;Pombal;Redinha;LED;739.0;739.0;739.0;26581.40001296997;10;1015;101510
2026;5;Leiria;Pombal;Vila Cã;Outros/Não definido;85.0;85.0;85.0;389.0;10;1015;101514
2026;5;Leiria;Pombal;Meirinhas;LED;653.0;653.0;653.0;23866.200065612793;10;1015;101515
2026;5;Leiria;Porto de Mós;Alqueidão da Serra;Outros/Não definido;29.0;29.0;29.0;135.0;10;1016;101602
2026;5;Leiria;Porto de Mós;Alqueidão da Serra;Sódio;254.0;250.0;250.0;19380.0;10;1016;101602
2026;5;Leiria;Porto de Mós;Calvaria de Cima;LED;512.0;510.0;512.0;19030.60019683838;10;1016;101605
2026;5;Leiria;Porto de Mós;Juncal;Mercúrio;13.0;10.0;10.0;650.0;10;1016;101606
2026;5;Leiria;Porto de Mós;Mira de Aire;Outros/Não definido;208.0;207.0;207.0;210.0;10;1016;101608
2026;5;Leiria;Porto de Mós;Serro Ventoso;Sódio;151.0;149.0;149.0;10570.0;10;1016;101613
2026;5;Leiria;Porto de Mós;Alvados e Alcaria;Mercúrio;8.0;;;400.0;10;1016;101615
2026;5;Leiria;Porto de Mós;Alvados e Alcaria;Sódio;72.0;71.0;71.0;5120.0;10;1016;101615
2026;5;Leiria;Porto de Mós;Arrimal e Mendiga;LED;749.0;749.0;749.0;26934.500160217285;10;1016;101616
2026;5;Leiria;Porto de Mós;Arrimal e Mendiga;Outros/Não definido;237.0;237.0;237.0;295.0;10;1016;101616
2026;5;Leiria;Porto de Mós;Arrimal e Mendiga;Sódio;92.0;92.0;92.0;6520.0;10;1016;101616
2026;5;Lisboa;Alenquer;Carnota;LED;1099.0;1095.0;1095.0;37907.90003204346;11;1101;110106
2026;5;Lisboa;Alenquer;Ota;LED;321.0;274.0;278.0;11925.299877166748;11;1101;110109
2026;5;Lisboa;Alenquer;Vila Verde dos Francos;LED;714.0;704.0;710.0;21963.399940490723;11;1101;110114
2026;5;Lisboa;Alenquer;Abrigada e Cabanas de Torres;LED;1682.0;1671.0;1681.0;58870.09996032715;11;1101;110117
2026;5;Lisboa;Alenquer;Abrigada e Cabanas de Torres;Sódio;1.0;1.0;1.0;70.0;11;1101;110117
2026;5;Lisboa;Alenquer;Ribafria e Pereiro de Palhacana;LED;869.0;836.0;836.0;33617.600158691406;11;1101;110121
2026;5;Lisboa;Azambuja;Alcoentre;LED;1449.0;1430.0;1443.0;48474.40000152588;11;1103;110301
2026;5;Lisboa;Azambuja;Alcoentre;Sódio;2.0;2.0;2.0;140.0;11;1103;110301
2026;5;Lisboa;Azambuja;Aveiras de Baixo;Outros/Não definido;12.0;12.0;12.0;;11;1103;110302
2026;5;Lisboa;Azambuja;Aveiras de Cima;LED;1503.0;1503.0;1509.0;52627.40000152588;11;1103;110303
2026;5;Lisboa;Azambuja;Aveiras de Cima;Outros/Não definido;23.0;23.0;23.0;180.0;11;1103;110303
2026;5;Lisboa;Azambuja;Manique do Intendente, V. N. de S. Pedro e Maçussa;Outros/Não definido;8.0;8.0;8.0;;11;1103;110310
2026;5;Lisboa;Cadaval;Peral;LED;571.0;571.0;571.0;20403.20030593872;11;1104;110407
2026;5;Lisboa;Cadaval;Vermelha;LED;695.0;678.0;682.0;22839.89995956421;11;1104;110409
2026;5;Lisboa;Cadaval;Lamas e Cercal;LED;1790.0;1776.0;1790.0;60952.30035018921;11;1104;110412
2026;5;Lisboa;Lisboa;Benfica;Outros/Não definido;5459.0;4995.0;5531.0;646851.0;11;1106;110608
2026;5;Lisboa;Lisboa;Benfica;Sódio;15.0;13.0;15.0;2450.0;11;1106;110608
2026;5;Lisboa;Lisboa;Marvila;Outros/Não definido;5586.0;5139.0;5591.0;673620.0;11;1106;110621
2026;5;Lisboa;Lisboa;Alvalade;LED;240.0;221.0;240.0;11207.0;11;1106;110654
2026;5;Lisboa;Lisboa;Alvalade;Outros/Não definido;4676.0;3922.0;4683.0;647830.0;11;1106;110654
2026;5;Lisboa;Lisboa;Areeiro;LED;28.0;27.0;28.0;1052.0;11;1106;110655
2026;5;Lisboa;Lisboa;Campo de Ourique;Outros/Não definido;1688.0;1616.0;1695.0;251533.0;11;1106;110659
2026;5;Lisboa;Lisboa;Parque das Nações;Outros/Não definido;7989.0;7719.0;8001.0;92520.0;11;1106;110662
2026;5;Lisboa;Lisboa;Santa Maria Maior;LED;16.0;16.0;16.0;816.0;11;1106;110665
2026;5;Lisboa;Loures;Bucelas;LED;1100.0;1089.0;1100.0;52785.30006790161;11;1107;110702
2026;5;Lisboa;Loures;Bucelas;Sódio;937.0;930.0;937.0;96030.0;11;1107;110702
2026;5;Lisboa;Loures;Loures;Iodeto Metálico;88.0;88.0;88.0;13120.0;11;1107;110707
2026;5;Lisboa;Loures;Loures;Outros/Não definido;191.0;188.0;198.0;6835.0;11;1107;110707
2026;5;Lisboa;Loures;Loures;Sódio;1720.0;1550.0;1721.0;203500.0;11;1107;110707
2026;5;Lisboa;Loures;Moscavide e Portela;Iodeto Metálico;9.0;9.0;9.0;630.0;11;1107;110726
2026;5;Lisboa;Loures;Sacavém e Prior Velho;Mercúrio;6.0;6.0;6.0;750.0;11;1107;110727
2026;5;Lisboa;Loures;Sacavém e Prior Velho;Outros/Não definido;131.0;117.0;143.0;5750.0;11;1107;110727
2026;5;Lisboa;Loures;Santa Iria de Azoia, São João da Talha e Bobadela;Outros/Não definido;323.0;323.0;329.0;11660.0;11;1107;110728
2026;5;Lisboa;Loures;Santo Antão e São Julião do Tojal;Mercúrio;21.0;21.0;21.0;1050.0;11;1107;110729
2026;5;Lisboa;Loures;Santo Antão e São Julião do Tojal;Outros/Não definido;35.0;35.0;35.0;200.0;11;1107;110729
2026;5;Lisboa;Loures;Santo Antão e São Julião do Tojal;Sódio;271.0;261.0;271.0;35420.0;11;1107;110729
2026;5;Lisboa;Loures;Santo António dos Cavaleiros e Frielas;LED;2347.0;2126.0;2355.0;176690.60078430176;11;1107;110730
2026;5;Lisboa;Loures;Santo António dos Cavaleiros e Frielas;Sódio;1441.0;1346.0;1464.0;162330.0;11;1107;110730
2026;5;Lisboa;Loures;Camarate, Unhos e Apelação;LED;3314.0;3196.0;3314.0;194331.40341949463;11;1107;110731
2026;5;Lisboa;Mafra;Milharado;LED;2173.0;2142.0;2173.0;107115.10010147095;11;1109;110911
2026;5;Lisboa;Oeiras;Algés, Linda-a-Velha e Cruz Quebrada-Dafundo;LED;312.0;312.0;312.0;18221.300003051758;11;1110;111012
2026;5;Lisboa;Oeiras;Algés, Linda-a-Velha e Cruz Quebrada-Dafundo;Mercúrio;2.0;2.0;2.0;300.0;11;1110;111012
2026;5;Lisboa;Oeiras;Carnaxide e Queijas;Mercúrio;2.0;2.0;2.0;625.0;11;1110;111013
2026;5;Lisboa;Oeiras;Oeiras e S. Julião da Barra, Paço de Arcos e Caxias;LED;255.0;253.0;255.0;15880.300003051758;11;1110;111014
2026;5;Lisboa;Oeiras;Oeiras e S. Julião da Barra, Paço de Arcos e Caxias;Outros/Não definido;3214.0;3043.0;3216.0;203653.0;11;1110;111014
2026;5;Lisboa;Sintra;Rio de Mouro;Mercúrio;6.0;6.0;6.0;300.0;11;1111;111108
2026;5;Lisboa;Sintra;Rio de Mouro;Sódio;2261.0;2178.0;2261.0;301260.0;11;1111;111108
2026;5;Lisboa;Sintra;Agualva e Mira-Sintra;Outros/Não definido;295.0;291.0;295.0;9925.0;11;1111;111122
2026;5;Lisboa;Sintra;Agualva e Mira-Sintra;Sódio;939.0;913.0;939.0;115010.0;11;1111;111122
2026;5;Lisboa;Sintra;Almargem do Bispo, Pêro Pinheiro e Montelavar;LED;3528.0;3515.0;3528.0;194520.0050354004;11;1111;111123
2026;5;Lisboa;Sintra;Queluz e Belas;LED;3375.0;3311.0;3375.0;260499.80083084106;11;1111;111126
2026;5;Lisboa;Sintra;Queluz e Belas;Mercúrio;6.0;6.0;6.0;420.0;11;1111;111126
2026;5;Lisboa;Sintra;Queluz e Belas;Outros/Não definido;890.0;792.0;890.0;20515.0;11;1111;111126
2026;5;Lisboa;Sintra;Queluz e Belas;Sódio;2215.0;2182.0;2215.0;284620.0;11;1111;111126
2026;5;Lisboa;Sintra;São João das Lampas e Terrugem;Outros/Não definido;412.0;388.0;412.0;8526.0;11;1111;111127
2026;5;Lisboa;Sintra;S. Maria, S. Miguel, S. Martinho e S. Pedro de Penaferrim;Sódio;4023.0;3949.0;4027.0;566600.0;11;1111;111128
2026;5;Lisboa;Torres Vedras;Ponte do Rol;Mercúrio;1.0;1.0;1.0;50.0;11;1113;111310
2026;5;Lisboa;Torres Vedras;Ponte do Rol;Sódio;17.0;17.0;17.0;1640.0;11;1113;111310
2026;5;Lisboa;Torres Vedras;Ramalhal;LED;1417.0;1409.0;1417.0;45830.299377441406;11;1113;111311
2026;5;Lisboa;Torres Vedras;Ramalhal;Outros/Não definido;43.0;42.0;42.0;115.0;11;1113;111311
2026;5;Lisboa;Torres Vedras;São Pedro da Cadeira;Sódio;173.0;170.0;172.0;16140.0;11;1113;111314
2026;5;Lisboa;Torres Vedras;Ventosa;Mercúrio;1.0;1.0;1.0;50.0;11;1113;111318
2026;5;Lisboa;Torres Vedras;A dos Cunhados e Maceira;Mercúrio;9.0;5.0;9.0;340.0;11;1113;111321
2026;5;Lisboa;Torres Vedras;Maxial e Monte Redondo;LED;1634.0;1632.0;1634.0;49188.099617004395;11;1113;111325
2026;5;Lisboa;Torres Vedras;Maxial e Monte Redondo;Sódio;47.0;47.0;47.0;5390.0;11;1113;111325
2026;5;Lisboa;Torres Vedras;Santa Maria, São Pedro e Matacães;Mercúrio;2.0;2.0;2.0;160.0;11;1113;111326
2026;5;Lisboa;Torres Vedras;Santa Maria, São Pedro e Matacães;Outros/Não definido;390.0;380.0;390.0;307.0;11;1113;111326
2026;5;Lisboa;Vila Franca de Xira;Vialonga;Outros/Não definido;29.0;27.0;29.0;870.0;11;1114;111408
2026;5;Lisboa;Vila Franca de Xira;Alverca do Ribatejo e Sobralinho;Mercúrio;10.0;10.0;10.0;1025.0;11;1114;111413
2026;5;Lisboa;Vila Franca de Xira;Castanheira do Ribatejo e Cachoeiras;Mercúrio;15.0;15.0;15.0;960.0;11;1114;111414
2026;5;Lisboa;Vila Franca de Xira;Castanheira do Ribatejo e Cachoeiras;Outros/Não definido;35.0;35.0;35.0;2550.0;11;1114;111414
2026;5;Lisboa;Vila Franca de Xira;Castanheira do Ribatejo e Cachoeiras;Sódio;534.0;514.0;534.0;78240.0;11;1114;111414
2026;5;Lisboa;Amadora;Alfragide;Outros/Não definido;843.0;754.0;843.0;80120.0;11;1115;111512
2026;5;Lisboa;Amadora;Alfragide;Sódio;573.0;527.0;573.0;75390.0;11;1115;111512
2026;5;Lisboa;Amadora;Águas Livres;LED;2645.0;2618.0;2645.0;230392.50047683716;11;1115;111513
2026;5;Lisboa;Amadora;Falagueira-Venda Nova;LED;1993.0;1844.0;1993.0;162073.70022583008;11;1115;111515
2026;5;Lisboa;Amadora;Falagueira-Venda Nova;Mercúrio;2.0;2.0;2.0;160.0;11;1115;111515
2026;5;Lisboa;Amadora;Mina de Água;Iodeto Metálico;3.0;1.0;3.0;150.0;11;1115;111516
2026;5;Lisboa;Amadora;Mina de Água;Outros/Não definido;1040.0;875.0;1046.0;65740.0;11;1115;111516
2026;5;Lisboa;Amadora;Venteira;Fluorescente;86.0;86.0;86.0;4652.0;11;1115;111517
2026;5;Lisboa;Amadora;Venteira;Mercúrio;2.0;2.0;2.0;100.0;11;1115;111517
2026;5;Lisboa;Odivelas;Póvoa de Santo Adrião e Olival Basto;LED;1141.0;1080.0;1141.0;49002.40058898926;11;1116;111609
2026;5;Lisboa;Odivelas;Póvoa de Santo Adrião e Olival Basto;Outros/Não definido;36.0;36.0;36.0;2060.0;11;1116;111609
2026;5;Lisboa;Odivelas;Ramada e Caneças;Iodeto Metálico;1.0;1.0;1.0;150.0;11;1116;111610
2026;5;Lisboa;Odivelas;Ramada e Caneças;Sódio;1079.0;1050.0;1079.0;130090.0;11;1116;111610
2026;5;Portalegre;Avis;Avis;Mercúrio;1.0;1.0;1.0;50.0;12;1203;120303
2026;5;Portalegre;Avis;Avis;Outros/Não definido;129.0;129.0;129.0;;12;1203;120303
2026;5;Portalegre;Avis;Avis;Sódio;149.0;129.0;149.0;15250.0;12;1203;120303
2026;5;Portalegre;Avis;Alcórrego e Maranhão;Outros/Não definido;1.0;1.0;1.0;80.0;12;1203;120309
2026;5;Portalegre;Campo Maior;São João Baptista;Iodeto Metálico;19.0;11.0;19.0;750.0;12;1204;120403
2026;5;Portalegre;Campo Maior;São João Baptista;Outros/Não definido;123.0;123.0;123.0;;12;1204;120403
2026;5;Portalegre;Castelo de Vide;São João Baptista;Outros/Não definido;11.0;10.0;11.0;54.0;12;1205;120504
2026;5;Portalegre;Crato;Crato e Mártires, Flor da Rosa e Vale do Peso;LED;1323.0;1203.0;1338.0;60240.20009613037;12;1206;120607
2026;5;Portalegre;Elvas;Assunção, Ajuda, Salvador e Santo Ildefonso;Mercúrio;12.0;10.0;12.0;1160.0;12;1207;120712
2026;5;Portalegre;Fronteira;Cabeço de Vide;Outros/Não definido;28.0;28.0;34.0;90.0;12;1208;120801
2026;5;Portalegre;Fronteira;Fronteira;LED;768.0;724.0;783.0;49216.200176239014;12;1208;120802
2026;5;Portalegre;Fronteira;Fronteira;Outros/Não definido;47.0;44.0;44.0;45.0;12;1208;120802
2026;5;Portalegre;Fronteira;Fronteira;Sódio;25.0;25.0;25.0;2550.0;12;1208;120802
2026;5;Portalegre;Monforte;Monforte;LED;649.0;633.0;646.0;29821.40007019043;12;1211;121102
2026;5;Portalegre;Monforte;Monforte;Sódio;4.0;3.0;4.0;450.0;12;1211;121102
2026;5;Portalegre;Nisa;Alpalhão;Sódio;8.0;7.0;8.0;490.0;12;1212;121201
2026;5;Portalegre;Nisa;Espírito Santo, Nossa Senhora da Graça e São Simão;LED;1084.0;1066.0;1084.0;58195.600242614746;12;1212;121212
2026;5;Portalegre;Ponte de Sor;Ponte de Sor, Tramaga e Vale de Açor;Iodeto Metálico;6.0;6.0;6.0;900.0;12;1213;121308
2026;5;Portalegre;Ponte de Sor;Ponte de Sor, Tramaga e Vale de Açor;Mercúrio;6.0;4.0;6.0;200.0;12;1213;121308
2026;5;Portalegre;Portalegre;Fortios;Outros/Não definido;7.0;7.0;7.0;;12;1214;121404
2026;5;Portalegre;Sousel;Sousel;Sódio;9.0;9.0;9.0;630.0;12;1215;121504
2026;5;Lisboa;Lisboa;Santa Clara;Outros/Não definido;3448.0;3276.0;3457.0;266578.0;11;1106;110664
2026;5;Lisboa;Loures;Fanhões;Outros/Não definido;37.0;37.0;37.0;4050.0;11;1107;110705
2026;5;Lisboa;Mafra;Encarnação;LED;2029.0;2026.0;2029.0;104406.10207366943;11;1109;110904
2026;5;Lisboa;Mafra;Encarnação;Sódio;1.0;1.0;1.0;70.0;11;1109;110904
2026;5;Lisboa;Mafra;Santo Isidoro;Mercúrio;1.0;1.0;1.0;50.0;11;1109;110913
2026;5;Leiria;Pedrógão Grande;Graça;Outros/Não definido;7.0;7.0;7.0;45.0;10;1013;101301
2026;5;Leiria;Pedrógão Grande;Pedrógão Grande;LED;2360.0;2353.0;2388.0;91784.70043182373;10;1013;101302
2026;5;Leiria;Pedrógão Grande;Vila Facaia;Sódio;33.0;33.0;33.0;3040.0;10;1013;101303
2026;5;Lisboa;Lourinhã;Reguengo Grande;LED;785.0;782.0;785.0;24762.59997177124;11;1108;110805
2026;5;Lisboa;Lourinhã;Reguengo Grande;Outros/Não definido;47.0;46.0;46.0;866.0;11;1108;110805
2026;5;Lisboa;Lourinhã;Reguengo Grande;Sódio;29.0;29.0;29.0;2380.0;11;1108;110805
2026;5;Lisboa;Lourinhã;Santa Bárbara;LED;976.0;959.0;969.0;33096.09991455078;11;1108;110806
2026;5;Lisboa;Lourinhã;Vimeiro;LED;546.0;544.0;546.0;19510.299865722656;11;1108;110808
2026;5;Lisboa;Lourinhã;Vimeiro;Sódio;27.0;27.0;27.0;2510.0;11;1108;110808
2026;5;Lisboa;Lourinhã;Ribamar;LED;652.0;642.0;652.0;23920.30002975464;11;1108;110810
2026;5;Lisboa;Lourinhã;Ribamar;Sódio;2.0;2.0;2.0;200.0;11;1108;110810
2026;5;Lisboa;Lourinhã;Miragaia e Marteleira;Fluorescente;3.0;3.0;3.0;240.0;11;1108;110813
2026;5;Lisboa;Lourinhã;São Bartolomeu dos Galegos e Moledo;Outros/Não definido;11.0;11.0;11.0;117.0;11;1108;110814
2026;5;Lisboa;Mafra;Azueira e Sobral da Abelheira;LED;1524.0;1521.0;1524.0;79481.30005264282;11;1109;110918
2026;5;Lisboa;Mafra;Azueira e Sobral da Abelheira;Outros/Não definido;199.0;199.0;201.0;2690.0;11;1109;110918
2026;5;Lisboa;Mafra;Azueira e Sobral da Abelheira;Sódio;8.0;8.0;8.0;1050.0;11;1109;110918
2026;5;Lisboa;Mafra;Malveira e São Miguel de Alcainça;LED;1940.0;1938.0;1940.0;101867.9016494751;11;1109;110921
2026;5;Lisboa;Mafra;Malveira e São Miguel de Alcainça;Sódio;66.0;66.0;66.0;6650.0;11;1109;110921
2026;5;Lisboa;Sintra;Cacém e São Marcos;LED;2025.0;2023.0;2027.0;175401.40007781982;11;1111;111124
2026;5;Lisboa;Sobral de Monte Agraço;Santo Quintino;Outros/Não definido;2.0;2.0;2.0;30.0;11;1112;111201
2026;5;Lisboa;Sobral de Monte Agraço;Sapataria;LED;1038.0;1022.0;1025.0;35551.39992713928;11;1112;111202
2026;5;Lisboa;Sobral de Monte Agraço;Sapataria;Outros/Não definido;1.0;1.0;1.0;;11;1112;111202
2026;5;Lisboa;Torres Vedras;Freiria;LED;957.0;953.0;957.0;33395.80005645752;11;1113;111306
2026;5;Lisboa;Torres Vedras;Freiria;Sódio;10.0;10.0;10.0;760.0;11;1113;111306
2026;5;Lisboa;Torres Vedras;Silveira;Iodeto Metálico;18.0;18.0;18.0;1980.0;11;1113;111316
2026;5;Lisboa;Torres Vedras;Silveira;LED;3375.0;3333.0;3375.0;117173.99849319458;11;1113;111316
2026;5;Lisboa;Torres Vedras;Silveira;Mercúrio;1.0;1.0;1.0;80.0;11;1113;111316
2026;5;Lisboa;Torres Vedras;Silveira;Outros/Não definido;64.0;62.0;62.0;683.0;11;1113;111316
2026;5;Lisboa;Torres Vedras;Campelos e Outeiro da Cabeça;LED;1318.0;1316.0;1318.0;41124.09951400757;11;1113;111322
2026;5;Lisboa;Torres Vedras;Campelos e Outeiro da Cabeça;Mercúrio;5.0;5.0;5.0;370.0;11;1113;111322
2026;5;Lisboa;Torres Vedras;Campelos e Outeiro da Cabeça;Outros/Não definido;61.0;60.0;60.0;627.0;11;1113;111322
2026;5;Lisboa;Torres Vedras;Carvoeira e Carmões;Outros/Não definido;19.0;19.0;19.0;;11;1113;111323
2026;5;Lisboa;Torres Vedras;Dois Portos e Runa;LED;1628.0;1616.0;1622.0;55454.70036697388;11;1113;111324
2026;5;Lisboa;Torres Vedras;Dois Portos e Runa;Outros/Não definido;28.0;28.0;28.0;360.0;11;1113;111324
2026;5;Lisboa;Vila Franca de Xira;Vila Franca de Xira;LED;1927.0;1908.0;1928.0;120726.10208511353;11;1114;111409
2026;5;Lisboa;Vila Franca de Xira;Vila Franca de Xira;Mercúrio;18.0;18.0;18.0;900.0;11;1114;111409
2026;5;Lisboa;Vila Franca de Xira;Póvoa de Santa Iria e Forte da Casa;Fluorescente;6.0;6.0;6.0;300.0;11;1114;111415
2026;5;Lisboa;Vila Franca de Xira;Póvoa de Santa Iria e Forte da Casa;LED;3223.0;3103.0;3224.0;231793.30267715454;11;1114;111415
2026;5;Lisboa;Vila Franca de Xira;Póvoa de Santa Iria e Forte da Casa;Outros/Não definido;97.0;96.0;101.0;1300.0;11;1114;111415
2026;5;Lisboa;Amadora;Encosta do Sol;Outros/Não definido;585.0;494.0;587.0;62314.0;11;1115;111514
2026;5;Lisboa;Amadora;Encosta do Sol;Sódio;189.0;182.0;189.0;25100.0;11;1115;111514
2026;5;Lisboa;Odivelas;Odivelas;LED;4078.0;3786.0;4078.0;250992.4013824463;11;1116;111603
2026;5;Portalegre;Avis;Figueira e Barros;LED;166.0;166.0;166.0;9608.0;12;1203;120306
2026;5;Portalegre;Campo Maior;Nossa Senhora da Expectação;Fluorescente;5.0;5.0;5.0;250.0;12;1204;120401
2026;5;Portalegre;Campo Maior;Nossa Senhora da Expectação;LED;827.0;785.0;827.0;39004.00038146973;12;1204;120401
2026;5;Portalegre;Castelo de Vide;Nossa Senhora da Graça de Póvoa e Meadas;LED;310.0;297.0;309.0;15799.200035095215;12;1205;120501
2026;5;Portalegre;Castelo de Vide;Nossa Senhora da Graça de Póvoa e Meadas;Outros/Não definido;5.0;7.0;7.0;;12;1205;120501
2026;5;Portalegre;Castelo de Vide;Santa Maria da Devesa;Outros/Não definido;19.0;19.0;19.0;465.0;12;1205;120502
2026;5;Portalegre;Castelo de Vide;Santiago Maior;LED;197.0;197.0;197.0;8917.800117492676;12;1205;120503
2026;5;Portalegre;Crato;Aldeia da Mata;Outros/Não definido;1.0;1.0;1.0;;12;1206;120601
2026;5;Portalegre;Crato;Aldeia da Mata;Sódio;1.0;1.0;1.0;100.0;12;1206;120601
2026;5;Portalegre;Crato;Gáfete;LED;380.0;363.0;380.0;17330.200019836426;12;1206;120604
2026;5;Portalegre;Crato;Monte da Pedra;Outros/Não definido;1.0;1.0;1.0;;12;1206;120605
2026;5;Portalegre;Elvas;Santa Eulália;LED;429.0;425.0;426.0;21836.800003051758;12;1207;120706
2026;5;Portalegre;Elvas;São Brás e São Lourenço;LED;761.0;742.0;761.0;39560.600341796875;12;1207;120707
2026;5;Portalegre;Elvas;Terrugem e Vila Boim;LED;727.0;721.0;727.0;39651.80002593994;12;1207;120715
2026;5;Portalegre;Elvas;Terrugem e Vila Boim;Outros/Não definido;15.0;10.0;10.0;90.0;12;1207;120715
2026;5;Portalegre;Nisa;Montalvão;LED;228.0;228.0;228.0;11848.000007629395;12;1212;121205
2026;5;Portalegre;Nisa;Montalvão;Sódio;2.0;2.0;2.0;200.0;12;1212;121205
2026;5;Portalegre;Nisa;Santana;Outros/Não definido;1.0;1.0;1.0;45.0;12;1212;121207
2026;5;Portalegre;Nisa;São Matias;LED;202.0;202.0;202.0;8025.800010681152;12;1212;121208
2026;5;Portalegre;Nisa;São Matias;Outros/Não definido;28.0;28.0;28.0;;12;1212;121208
2026;5;Portalegre;Nisa;Arez e Amieira do Tejo;LED;177.0;177.0;177.0;7698.400184631348;12;1212;121211
2026;5;Portalegre;Ponte de Sor;Montargil;LED;1710.0;1705.0;1710.0;77624.20042419434;12;1213;121302
2026;5;Portalegre;Ponte de Sor;Montargil;Outros/Não definido;39.0;39.0;39.0;585.0;12;1213;121302
2026;5;Portalegre;Ponte de Sor;Montargil;Sódio;23.0;23.0;23.0;1760.0;12;1213;121302
2026;5;Portalegre;Portalegre;Alagoa;LED;224.0;224.0;224.0;5718.0;12;1214;121401
2026;5;Portalegre;Portalegre;Alegrete;LED;964.0;964.0;964.0;28373.2000579834;12;1214;121402
2026;5;Portalegre;Portalegre;Alegrete;Outros/Não definido;13.0;11.0;11.0;90.0;12;1214;121402
2026;5;Portalegre;Portalegre;Alegrete;Sódio;76.0;72.0;76.0;7270.0;12;1214;121402
2026;5;Portalegre;Portalegre;Urra;LED;1273.0;1236.0;1273.0;47659.300022125244;12;1214;121410
2026;5;Portalegre;Portalegre;Urra;Mercúrio;4.0;4.0;4.0;230.0;12;1214;121410
2026;5;Portalegre;Sousel;Casa Branca;LED;482.0;471.0;482.0;16574.6000289917;12;1215;121502
2026;5;Portalegre;Sousel;Casa Branca;Outros/Não definido;16.0;16.0;16.0;;12;1215;121502
2026;5;Portalegre;Sousel;Santo Amaro;Outros/Não definido;12.0;12.0;12.0;;12;1215;121503
2026;5;Porto;Amarante;Ansiães;LED;303.0;301.0;303.0;7981.0;13;1301;130103
2026;5;Porto;Amarante;Fridão;Outros/Não definido;10.0;10.0;10.0;;13;1301;130115
2026;5;Porto;Amarante;Gondar;LED;700.0;698.0;702.0;14209.0;13;1301;130117
2026;5;Porto;Amarante;Jazente;LED;330.0;328.0;330.0;6480.0;13;1301;130118
2026;5;Porto;Amarante;Louredo;LED;201.0;200.0;202.0;3888.0;13;1301;130120
2026;5;Porto;Amarante;Mancelos;LED;926.0;925.0;927.0;19079.0;13;1301;130123
2026;5;Porto;Amarante;Padronelo;Outros/Não definido;2.0;2.0;2.0;;13;1301;130126
2026;5;Porto;Amarante;Rebordelo;LED;224.0;222.0;224.0;5270.0;13;1301;130128
2026;5;Porto;Amarante;Salvador do Monte;LED;448.0;448.0;448.0;8512.0;13;1301;130129
2026;5;Porto;Amarante;Amarante (São Gonçalo), Madalena, Cepelos e Gatão;LED;3780.0;3633.0;3786.0;112928.0;13;1301;130142
2026;5;Porto;Amarante;Amarante (São Gonçalo), Madalena, Cepelos e Gatão;Outros/Não definido;157.0;151.0;152.0;;13;1301;130142
2026;5;Porto;Amarante;Vila Meã;Outros/Não definido;61.0;60.0;60.0;;13;1301;130147
2026;5;Porto;Baião;Campelo e Ovil;LED;1482.0;1455.0;1484.0;64012.0;13;1302;130223
2026;5;Porto;Baião;Campelo e Ovil;Sódio;214.0;207.0;214.0;20280.0;13;1302;130223
2026;5;Porto;Felgueiras;Airães;Sódio;86.0;86.0;86.0;6340.0;13;1303;130302
2026;5;Porto;Felgueiras;Margaride, Várzea, Lagares, Varziela e Moure;Mercúrio;2.0;2.0;2.0;160.0;13;1303;130335
2026;5;Porto;Gondomar;Rio Tinto;LED;4827.0;4778.0;4841.0;350093.3001213074;13;1304;130408
2026;5;Porto;Gondomar;Rio Tinto;Sódio;151.0;133.0;151.0;14370.0;13;1304;130408
2026;5;Porto;Gondomar;Baguim do Monte (Rio Tinto);LED;1891.0;1851.0;1891.0;119890.20030593872;13;1304;130412
2026;5;Porto;Gondomar;Fânzeres e São Pedro da Cova;Indução;1.0;1.0;1.0;70.0;13;1304;130413
2026;5;Porto;Gondomar;Fânzeres e São Pedro da Cova;Iodeto Metálico;3.0;3.0;3.0;210.0;13;1304;130413
2026;5;Porto;Gondomar;Fânzeres e São Pedro da Cova;Outros/Não definido;109.0;109.0;109.0;980.0;13;1304;130413
2026;5;Porto;Gondomar;Foz do Sousa e Covelo;LED;3488.0;3434.0;3477.0;196427.600025177;13;1304;130414
2026;5;Porto;Gondomar;Foz do Sousa e Covelo;Mercúrio;2.0;2.0;2.0;140.0;13;1304;130414
2026;5;Porto;Gondomar;Foz do Sousa e Covelo;Outros/Não definido;122.0;122.0;122.0;2850.0;13;1304;130414
2026;5;Porto;Gondomar;Gondomar (São Cosme), Valbom e Jovim;LED;8125.0;7936.0;8125.0;537197.200126648;13;1304;130415
2026;5;Porto;Gondomar;Gondomar (São Cosme), Valbom e Jovim;Outros/Não definido;72.0;72.0;72.0;320.0;13;1304;130415
2026;5;Porto;Gondomar;Gondomar (São Cosme), Valbom e Jovim;Sódio;121.0;123.0;123.0;15510.0;13;1304;130415
2026;5;Porto;Gondomar;Melres e Medas;Outros/Não definido;22.0;22.0;22.0;70.0;13;1304;130416
2026;5;Porto;Lousada;Caíde de Rei;LED;1069.0;1040.0;1069.0;48087.80010986328;13;1305;130504
2026;5;Porto;Lousada;Cristelos, Boim e Ordem;Outros/Não definido;7.0;5.0;7.0;;13;1305;130528
2026;5;Porto;Lousada;Figueiras e Covas;LED;780.0;771.0;780.0;34007.0;13;1305;130529
2026;5;Porto;Lousada;Silvares, Pias, Nogueira e Alvarenga;LED;2192.0;2093.0;2192.0;92150.0;13;1305;130532
2026;5;Porto;Maia;Águas Santas;Iodeto Metálico;27.0;27.0;27.0;2610.0;13;1306;130601
2026;5;Porto;Maia;Águas Santas;Outros/Não definido;427.0;415.0;427.0;4306.0;13;1306;130601
2026;5;Porto;Maia;Milheirós;Iodeto Metálico;1.0;1.0;1.0;125.0;13;1306;130608
2026;5;Porto;Maia;Milheirós;Sódio;24.0;24.0;24.0;2480.0;13;1306;130608
2026;5;Porto;Maia;Moreira;LED;1052.0;1015.0;1052.0;55481.100078582764;13;1306;130609
2026;5;Porto;Maia;Moreira;Outros/Não definido;409.0;390.0;409.0;250.0;13;1306;130609
2026;5;Porto;Maia;Moreira;Sódio;2288.0;2057.0;2303.0;325070.0;13;1306;130609
2026;5;Porto;Maia;São Pedro Fins;Sódio;50.0;50.0;50.0;5260.0;13;1306;130613
2026;5;Porto;Maia;Pedrouços;Outros/Não definido;163.0;163.0;163.0;;13;1306;130617
2026;5;Porto;Maia;Castêlo da Maia;Fluorescente;6.0;6.0;6.0;480.0;13;1306;130618
2026;5;Porto;Maia;Castêlo da Maia;Iodeto Metálico;53.0;41.0;53.0;4630.0;13;1306;130618
2026;5;Porto;Maia;Castêlo da Maia;LED;3069.0;2963.0;3069.0;176710.7000579834;13;1306;130618
2026;5;Porto;Maia;Cidade da Maia;Iodeto Metálico;106.0;83.0;106.0;8445.0;13;1306;130619
2026;5;Porto;Maia;Nogueira e Silva Escura;Iodeto Metálico;3.0;3.0;3.0;330.0;13;1306;130620
2026;5;Porto;Maia;Nogueira e Silva Escura;LED;1271.0;1253.0;1287.0;71663.0;13;1306;130620
2026;5;Porto;Marco de Canaveses;Bem Viver;Outros/Não definido;3.0;3.0;3.0;;13;1307;130734
2026;5;Porto;Marco de Canaveses;Bem Viver;Sódio;1251.0;1209.0;1251.0;93170.0;13;1307;130734
2026;5;Porto;Marco de Canaveses;Marco;Mercúrio;136.0;136.0;136.0;10790.0;13;1307;130736
2026;5;Porto;Marco de Canaveses;Sande e São Lourenço do Douro;Mercúrio;1.0;1.0;1.0;80.0;13;1307;130739
2026;5;Porto;Marco de Canaveses;Sande e São Lourenço do Douro;Sódio;1114.0;1106.0;1114.0;80380.0;13;1307;130739
2026;5;Porto;Matosinhos;Custóias, Leça do Balio e Guifões;LED;1310.0;1215.0;1310.0;73382.20001220703;13;1308;130811
2026;5;Porto;Matosinhos;Custóias, Leça do Balio e Guifões;Outros/Não definido;793.0;790.0;793.0;940.0;13;1308;130811
2026;5;Porto;Matosinhos;Matosinhos e Leça da Palmeira;Iodeto Metálico;216.0;184.0;216.0;25350.0;13;1308;130812
2026;5;Porto;Matosinhos;Matosinhos e Leça da Palmeira;LED;2472.0;2205.0;2474.0;169375.20008468628;13;1308;130812
2026;5;Porto;Matosinhos;Matosinhos e Leça da Palmeira;Outros/Não definido;1292.0;1189.0;1292.0;20800.0;13;1308;130812
2026;5;Porto;Matosinhos;Perafita, Lavra e Santa Cruz do Bispo;Fluorescente;1.0;1.0;1.0;70.0;13;1308;130813
2026;5;Porto;Matosinhos;Perafita, Lavra e Santa Cruz do Bispo;Iodeto Metálico;41.0;41.0;41.0;4480.0;13;1308;130813
2026;5;Porto;Matosinhos;Perafita, Lavra e Santa Cruz do Bispo;LED;1024.0;946.0;1024.0;63708.30001449585;13;1308;130813
2026;5;Porto;Matosinhos;Perafita, Lavra e Santa Cruz do Bispo;Outros/Não definido;569.0;555.0;569.0;7750.0;13;1308;130813
2026;5;Porto;Matosinhos;Perafita, Lavra e Santa Cruz do Bispo;Sódio;4873.0;4739.0;4873.0;585700.0;13;1308;130813
2026;5;Porto;Paços de Ferreira;Carvalhosa;Outros/Não definido;5.0;2.0;2.0;140.0;13;1309;130902
2026;5;Porto;Paços de Ferreira;Eiriz;LED;648.0;648.0;648.0;24655.0;13;1309;130904
2026;5;Porto;Paços de Ferreira;Eiriz;Sódio;9.0;9.0;9.0;1350.0;13;1309;130904
2026;5;Porto;Paços de Ferreira;Ferreira;LED;1377.0;1340.0;1394.0;37929.0;13;1309;130905
2026;5;Porto;Paços de Ferreira;Frazão Arreigada;Sódio;34.0;34.0;34.0;3450.0;13;1309;130917
2026;5;Porto;Paços de Ferreira;Paços de Ferreira;Outros/Não definido;3.0;3.0;3.0;;13;1309;130918
2026;5;Porto;Paredes;Astromil;Sódio;17.0;17.0;17.0;2050.0;13;1310;131002
2026;5;Porto;Paredes;Baltar;LED;1141.0;1123.0;1141.0;38693.59973526001;13;1310;131003
2026;5;Porto;Paredes;Baltar;Mercúrio;3.0;3.0;3.0;240.0;13;1310;131003
2026;5;Porto;Paredes;Cete;LED;840.0;827.0;840.0;33436.19990158081;13;1310;131008
2026;5;Porto;Paredes;Cete;Mercúrio;2.0;2.0;2.0;160.0;13;1310;131008
2026;5;Porto;Paredes;Cete;Outros/Não definido;20.0;20.0;20.0;201.0;13;1310;131008
2026;5;Porto;Paredes;Cete;Sódio;26.0;26.0;26.0;2340.0;13;1310;131008
2026;5;Porto;Paredes;Cristelo;Outros/Não definido;9.0;9.0;9.0;560.0;13;1310;131009
2026;5;Porto;Paredes;Sobreira;LED;1208.0;1158.0;1208.0;35000.19965362549;13;1310;131020
2026;5;Porto;Paredes;Vilela;Mercúrio;1.0;1.0;1.0;80.0;13;1310;131024
2026;5;Porto;Paredes;Vilela;Outros/Não definido;43.0;43.0;43.0;660.0;13;1310;131024
2026;5;Porto;Paredes;Paredes;Outros/Não definido;265.0;261.0;265.0;530.2000007629395;13;1310;131025
2026;5;Porto;Penafiel;Bustelo;Iodeto Metálico;6.0;6.0;6.0;600.0;13;1311;131103
2026;5;Porto;Penafiel;Bustelo;LED;1074.0;1073.0;1074.0;38925.0;13;1311;131103
2026;5;Porto;Penafiel;Bustelo;Outros/Não definido;2.0;2.0;2.0;;13;1311;131103
2026;5;Porto;Amarante;Aboadela, Sanche e Várzea;Outros/Não definido;36.0;30.0;30.0;;13;1301;130141
2026;5;Porto;Amarante;Figueiró (Santiago e Santa Cristina);LED;1040.0;1022.0;1047.0;22014.0;13;1301;130144
2026;5;Porto;Amarante;Figueiró (Santiago e Santa Cristina);Outros/Não definido;11.0;11.0;11.0;560.0;13;1301;130144
2026;5;Porto;Amarante;Freixo de Cima e de Baixo;Sódio;1.0;1.0;1.0;70.0;13;1301;130145
2026;5;Porto;Amarante;Olo e Canadelo;Outros/Não definido;1.0;1.0;1.0;;13;1301;130146
2026;5;Porto;Amarante;Olo e Canadelo;Sódio;3.0;3.0;3.0;210.0;13;1301;130146
2026;5;Porto;Baião;Frende;Outros/Não definido;12.0;12.0;12.0;;13;1302;130204
2026;5;Porto;Baião;Frende;Sódio;38.0;38.0;38.0;2660.0;13;1302;130204
2026;5;Porto;Baião;Gestaçô;Iodeto Metálico;15.0;15.0;15.0;1800.0;13;1302;130205
2026;5;Porto;Baião;Gestaçô;LED;636.0;636.0;636.0;18231.400009155273;13;1302;130205
2026;5;Porto;Baião;Gestaçô;Outros/Não definido;18.0;18.0;18.0;135.0;13;1302;130205
2026;5;Porto;Baião;Gove;LED;713.0;711.0;713.0;22469.5;13;1302;130206
2026;5;Porto;Baião;Gove;Mercúrio;6.0;6.0;6.0;480.0;13;1302;130206
2026;5;Porto;Baião;Gove;Outros/Não definido;3.0;3.0;9.0;;13;1302;130206
2026;5;Porto;Baião;Loivos do Monte;Mercúrio;5.0;5.0;5.0;400.0;13;1302;130208
2026;5;Porto;Baião;Santa Marinha do Zêzere;LED;1224.0;1216.0;1224.0;39388.0;13;1302;130215
2026;5;Porto;Baião;Santa Marinha do Zêzere;Outros/Não definido;21.0;21.0;21.0;73.0;13;1302;130215
2026;5;Porto;Baião;Santa Marinha do Zêzere;Sódio;114.0;112.0;114.0;8520.0;13;1302;130215
2026;5;Porto;Baião;Valadares;Fluorescente;8.0;8.0;8.0;400.0;13;1302;130219
2026;5;Porto;Baião;Valadares;Outros/Não definido;9.0;9.0;9.0;1200.0;13;1302;130219
2026;5;Porto;Baião;Viariz;LED;157.0;157.0;157.0;4629.0;13;1302;130220
2026;5;Porto;Baião;Viariz;Sódio;48.0;48.0;48.0;3360.0;13;1302;130220
2026;5;Porto;Baião;Ancede e Ribadouro;Fluorescente;7.0;7.0;7.0;350.0;13;1302;130221
2026;5;Porto;Baião;Ancede e Ribadouro;LED;1125.0;1118.0;1125.0;36920.0;13;1302;130221
2026;5;Porto;Baião;Ancede e Ribadouro;Mercúrio;8.0;8.0;8.0;620.0;13;1302;130221
2026;5;Porto;Baião;Ancede e Ribadouro;Sódio;134.0;134.0;134.0;10180.0;13;1302;130221
2026;5;Porto;Baião;Baião (Santa Leocádia) e Mesquinhata;Iodeto Metálico;2.0;2.0;2.0;550.0;13;1302;130222
2026;5;Porto;Baião;Baião (Santa Leocádia) e Mesquinhata;Sódio;56.0;56.0;56.0;4960.0;13;1302;130222
2026;5;Portalegre;Alter do Chão;Alter do Chão;Outros/Não definido;78.0;78.0;78.0;;12;1201;120101
2026;5;Portalegre;Alter do Chão;Alter do Chão;Sódio;124.0;112.0;124.0;10560.0;12;1201;120101
2026;5;Portalegre;Alter do Chão;Chancelaria;LED;262.0;262.0;262.0;12886.000007629395;12;1201;120102
2026;5;Portalegre;Alter do Chão;Cunheira;LED;145.0;145.0;145.0;7116.0;12;1201;120104
2026;5;Portalegre;Arronches;Assunção;Outros/Não definido;49.0;47.0;51.0;135.0;12;1202;120201
2026;5;Portalegre;Gavião;Belver;Iodeto Metálico;2.0;2.0;2.0;140.0;12;1209;120902
2026;5;Portalegre;Gavião;Belver;LED;843.0;842.0;843.0;34402.4001159668;12;1209;120902
2026;5;Portalegre;Gavião;Margem;LED;527.0;526.0;532.0;22284.800399780273;12;1209;120905
2026;5;Portalegre;Gavião;Gavião e Atalaia;Iodeto Metálico;13.0;7.0;13.0;1050.0;12;1209;120906
2026;5;Portalegre;Gavião;Gavião e Atalaia;Outros/Não definido;24.0;24.0;24.0;;12;1209;120906
2026;5;Portalegre;Gavião;Gavião e Atalaia;Sódio;126.0;116.0;126.0;15300.0;12;1209;120906
2026;5;Portalegre;Marvão;Beirã;LED;268.0;257.0;267.0;11564.400001525879;12;1210;121001
2026;5;Portalegre;Marvão;Beirã;Outros/Não definido;7.0;7.0;7.0;90.0;12;1210;121001
2026;5;Portalegre;Marvão;Santo António das Areias;LED;570.0;570.0;570.0;24242.600105285645;12;1210;121003
2026;5;Portalegre;Marvão;Santo António das Areias;Outros/Não definido;14.0;14.0;14.0;38.0;12;1210;121003
2026;5;Porto;Baião;Loivos da Ribeira e Tresouras;Outros/Não definido;8.0;8.0;8.0;180.0;13;1302;130224
2026;5;Porto;Baião;Santa Cruz do Douro e São Tomé de Covelas;Sódio;126.0;115.0;126.0;8260.0;13;1302;130225
2026;5;Porto;Baião;Teixeira e Teixeiró;Mercúrio;8.0;8.0;8.0;490.0;13;1302;130226
2026;5;Porto;Felgueiras;Friande;LED;424.0;424.0;426.0;16049.800025939941;13;1303;130305
2026;5;Porto;Felgueiras;Friande;Outros/Não definido;14.0;14.0;14.0;180.0;13;1303;130305
2026;5;Porto;Felgueiras;Friande;Sódio;70.0;70.0;70.0;7660.0;13;1303;130305
2026;5;Porto;Felgueiras;Idães;Outros/Não definido;11.0;11.0;11.0;90.0;13;1303;130306
2026;5;Porto;Felgueiras;Penacova;LED;259.0;259.0;259.0;9506.0;13;1303;130313
2026;5;Porto;Felgueiras;Penacova;Outros/Não definido;8.0;8.0;8.0;;13;1303;130313
2026;5;Porto;Felgueiras;Penacova;Sódio;9.0;9.0;9.0;660.0;13;1303;130313
2026;5;Porto;Felgueiras;Pinheiro;Outros/Não definido;4.0;4.0;4.0;90.0;13;1303;130314
2026;5;Porto;Felgueiras;Pinheiro;Sódio;38.0;38.0;38.0;2840.0;13;1303;130314
2026;5;Porto;Felgueiras;Pombeiro de Ribavizela;Outros/Não definido;16.0;16.0;16.0;540.0;13;1303;130315
2026;5;Porto;Felgueiras;Regilde;Outros/Não definido;4.0;4.0;4.0;;13;1303;130318
2026;5;Porto;Felgueiras;Sendim;LED;568.0;566.0;568.0;23131.00011062622;13;1303;130324
2026;5;Porto;Felgueiras;Sendim;Outros/Não definido;32.0;32.0;32.0;270.0;13;1303;130324
2026;5;Porto;Felgueiras;Macieira da Lixa e Caramos;Sódio;113.0;113.0;113.0;8630.0;13;1303;130334
2026;5;Porto;Felgueiras;Torrados e Sousa;LED;778.0;778.0;778.0;28361.200004577637;13;1303;130337
2026;5;Porto;Felgueiras;Torrados e Sousa;Sódio;148.0;138.0;148.0;10892.0;13;1303;130337
2026;5;Porto;Felgueiras;Vila Cova da Lixa e Borba de Godim;Iodeto Metálico;2.0;2.0;2.0;140.0;13;1303;130339
2026;5;Porto;Felgueiras;Vila Fria e Vizela (São Jorge);Sódio;48.0;48.0;48.0;4260.0;13;1303;130340
2026;5;Porto;Gondomar;Lomba;LED;1255.0;1240.0;1255.0;64708.0;13;1304;130405
2026;5;Porto;Gondomar;Lomba;Mercúrio;6.0;6.0;6.0;420.0;13;1304;130405
2026;5;Porto;Lousada;Torno;LED;665.0;659.0;665.0;28901.60000228882;13;1305;130525
2026;5;Porto;Lousada;Vilar do Torno e Alentém;LED;514.0;514.0;514.0;22645.0;13;1305;130526
2026;5;Porto;Lousada;Vilar do Torno e Alentém;Outros/Não definido;1.0;1.0;1.0;;13;1305;130526
2026;5;Porto;Marco de Canaveses;Soalhães;LED;1071.0;1070.0;1070.0;36852.20001220703;13;1307;130722
2026;5;Porto;Marco de Canaveses;Soalhães;Mercúrio;18.0;18.0;18.0;1440.0;13;1307;130722
2026;5;Porto;Marco de Canaveses;Sobretâmega;Mercúrio;11.0;11.0;11.0;880.0;13;1307;130723
2026;5;Porto;Marco de Canaveses;Sobretâmega;Outros/Não definido;88.0;88.0;88.0;;13;1307;130723
2026;5;Porto;Marco de Canaveses;Sobretâmega;Sódio;89.0;87.0;89.0;7010.0;13;1307;130723
2026;5;Porto;Marco de Canaveses;Tabuado;Outros/Não definido;30.0;30.0;30.0;;13;1307;130724
2026;5;Porto;Marco de Canaveses;Vila Boa do Bispo;Mercúrio;58.0;58.0;58.0;4640.0;13;1307;130730
2026;5;Porto;Marco de Canaveses;Vila Boa do Bispo;Outros/Não definido;3.0;3.0;3.0;;13;1307;130730
2026;5;Porto;Marco de Canaveses;Alpendorada, Várzea e Torrão;Outros/Não definido;27.0;27.0;27.0;;13;1307;130732
2026;5;Porto;Marco de Canaveses;Avessadas e Rosém;Sódio;305.0;305.0;305.0;21470.0;13;1307;130733
2026;5;Porto;Marco de Canaveses;Paredes de Viadores e Manhuncelos;LED;741.0;722.0;735.0;25303.0;13;1307;130737
2026;5;Porto;Marco de Canaveses;Paredes de Viadores e Manhuncelos;Sódio;304.0;297.0;303.0;21910.0;13;1307;130737
2026;5;Porto;Marco de Canaveses;Penha Longa e Paços de Gaiolo;LED;827.0;821.0;827.0;28826.0;13;1307;130738
2026;5;Porto;Marco de Canaveses;Penha Longa e Paços de Gaiolo;Outros/Não definido;11.0;11.0;11.0;;13;1307;130738
2026;5;Porto;Marco de Canaveses;Várzea, Aliviada e Folhada;Sódio;647.0;642.0;647.0;46530.0;13;1307;130740
2026;5;Porto;Paços de Ferreira;Penamaior;LED;894.0;886.0;894.0;30653.0;13;1309;130913
2026;5;Porto;Paços de Ferreira;Seroa;LED;1508.0;1276.0;1508.0;44455.0;13;1309;130916
2026;5;Porto;Paços de Ferreira;Seroa;Outros/Não definido;2.0;2.0;2.0;;13;1309;130916
2026;5;Porto;Paços de Ferreira;Sanfins Lamoso Codessos;LED;1425.0;1425.0;1425.0;50888.0;13;1309;130919
2026;5;Porto;Paredes;Aguiar de Sousa;Mercúrio;1.0;1.0;1.0;80.0;13;1310;131001
2026;5;Porto;Paredes;Beire;Outros/Não definido;33.0;33.0;33.0;676.3999938964844;13;1310;131004
2026;5;Porto;Paredes;Duas Igrejas;LED;724.0;717.0;724.0;26258.199867248535;13;1310;131010
2026;5;Porto;Paredes;Duas Igrejas;Mercúrio;10.0;10.0;10.0;800.0;13;1310;131010
2026;5;Porto;Paredes;Duas Igrejas;Outros/Não definido;42.0;42.0;42.0;395.0;13;1310;131010
2026;5;Porto;Paredes;Louredo;Outros/Não definido;12.0;12.0;12.0;90.0;13;1310;131014
2026;5;Porto;Paredes;Parada de Todeia;Sódio;25.0;25.0;25.0;2380.0;13;1310;131017
2026;5;Porto;Paredes;Rebordosa;LED;1.0;1.0;1.0;19.799999237060547;13;1310;131018
2026;5;Porto;Paredes;Recarei;LED;1283.0;1268.0;1283.0;57167.800006866455;13;1310;131019
2026;5;Porto;Paredes;Sobrosa;LED;861.0;861.0;861.0;32589.199851989746;13;1310;131021
2026;5;Porto;Penafiel;Abragão;LED;865.0;862.0;865.0;28109.60000228882;13;1311;131101
2026;5;Porto;Penafiel;Abragão;Mercúrio;5.0;5.0;5.0;400.0;13;1311;131101
2026;5;Porto;Penafiel;Abragão;Outros/Não definido;11.0;11.0;11.0;45.0;13;1311;131101
2026;5;Porto;Penafiel;Boelhe;LED;605.0;598.0;605.0;22035.800006866455;13;1311;131102
2026;5;Porto;Penafiel;Boelhe;Sódio;105.0;105.0;105.0;7620.0;13;1311;131102
2026;5;Porto;Penafiel;Cabeça Santa;Iodeto Metálico;1.0;1.0;1.0;100.0;13;1311;131104
2026;5;Porto;Penafiel;Canelas;LED;491.0;488.0;491.0;14648.60001373291;13;1311;131105
2026;5;Porto;Penafiel;Castelões;LED;622.0;617.0;622.0;19163.00001144409;13;1311;131107
2026;5;Porto;Penafiel;Castelões;Mercúrio;28.0;28.0;28.0;2120.0;13;1311;131107
2026;5;Porto;Penafiel;Croca;Outros/Não definido;10.0;10.0;10.0;630.0;13;1311;131108
2026;5;Porto;Penafiel;Croca;Sódio;104.0;104.0;104.0;7500.0;13;1311;131108
2026;5;Porto;Penafiel;Duas Igrejas;Mercúrio;23.0;23.0;23.0;1840.0;13;1311;131109
2026;5;Porto;Penafiel;Duas Igrejas;Outros/Não definido;2.0;2.0;2.0;;13;1311;131109
2026;5;Porto;Penafiel;Guilhufe e Urrô;Sódio;299.0;282.0;299.0;24140.0;13;1311;131141
2026;5;Porto;Porto;Campanhã;LED;3658.0;3467.0;3658.0;212868.09997558594;13;1312;131203
2026;5;Porto;Porto;Campanhã;Sódio;1475.0;1253.0;1503.0;207780.0;13;1312;131203
2026;5;Porto;Porto;Paranhos;LED;3914.0;3747.0;3932.0;253058.49996948242;13;1312;131210
2026;5;Porto;Porto;Ramalde;Outros/Não definido;272.0;264.0;272.0;;13;1312;131211
2026;5;Porto;Porto;Aldoar, Foz do Douro e Nevogilde;Iodeto Metálico;509.0;509.0;515.0;57670.0;13;1312;131216
2026;5;Porto;Porto;Aldoar, Foz do Douro e Nevogilde;Mercúrio;78.0;76.0;78.0;10780.0;13;1312;131216
2026;5;Porto;Porto;Aldoar, Foz do Douro e Nevogilde;Outros/Não definido;240.0;240.0;240.0;638.0;13;1312;131216
2026;5;Porto;Porto;Aldoar, Foz do Douro e Nevogilde;Sódio;554.0;547.0;555.0;71990.0;13;1312;131216
2026;5;Porto;Porto;Cedofeita, Ildefonso, Sé, Miragaia, Nicolau, Vitória;Indução;24.0;24.0;24.0;1950.0;13;1312;131217
2026;5;Porto;Porto;Lordelo do Ouro e Massarelos;LED;3587.0;3292.0;3587.0;182715.59999084473;13;1312;131218
2026;5;Porto;Póvoa de Varzim;Estela;LED;38.0;38.0;38.0;4062.0;13;1313;131307
2026;5;Porto;Póvoa de Varzim;Estela;Sódio;1014.0;1001.0;1014.0;82840.0;13;1313;131307
2026;5;Porto;Póvoa de Varzim;Laundos;LED;53.0;53.0;53.0;4821.0;13;1313;131308
2026;5;Porto;Póvoa de Varzim;AVer-o-Mar, Amorim e Terroso;Outros/Não definido;261.0;213.0;261.0;3925.0;13;1313;131313
2026;5;Porto;Póvoa de Varzim;Aguçadoura e Navais;Outros/Não definido;56.0;56.0;56.0;150.0;13;1313;131314
2026;5;Porto;Póvoa de Varzim;Póvoa de Varzim, Beiriz e Argivai;Iodeto Metálico;78.0;26.0;78.0;1820.0;13;1313;131315
2026;5;Porto;Santo Tirso;Água Longa;LED;469.0;469.0;469.0;13974.300003051758;13;1314;131402
2026;5;Porto;Santo Tirso;Monte Córdova;LED;1359.0;1357.0;1359.0;36370.90000152588;13;1314;131413
2026;5;Porto;Santo Tirso;Monte Córdova;Outros/Não definido;108.0;108.0;108.0;520.0;13;1314;131413
2026;5;Porto;Santo Tirso;Areias, Sequeiró, Lama e Palmeira;LED;1800.0;1798.0;1800.0;56096.10000228882;13;1314;131433
2026;5;Porto;Santo Tirso;Areias, Sequeiró, Lama e Palmeira;Outros/Não definido;31.0;31.0;31.0;392.0;13;1314;131433
2026;5;Porto;Santo Tirso;Lamelas e Guimarei;LED;556.0;554.0;556.0;16270.900001525879;13;1314;131436
2026;5;Porto;Santo Tirso;Lamelas e Guimarei;Mercúrio;2.0;2.0;2.0;160.0;13;1314;131436
2026;5;Porto;Santo Tirso;Lamelas e Guimarei;Sódio;179.0;179.0;179.0;13690.0;13;1314;131436
2026;5;Porto;Santo Tirso;St. Tirso, Couto (S. Cristina e S. Miguel) e Burgães;Iodeto Metálico;11.0;11.0;11.0;1020.0;13;1314;131437
2026;5;Porto;Santo Tirso;St. Tirso, Couto (S. Cristina e S. Miguel) e Burgães;LED;4428.0;4314.0;4428.0;165377.5;13;1314;131437
2026;5;Porto;Valongo;Alfena;Outros/Não definido;17.0;17.0;17.0;;13;1315;131501
2026;5;Porto;Valongo;Alfena;Sódio;53.0;36.0;53.0;6890.0;13;1315;131501
2026;5;Porto;Valongo;Ermesinde;Outros/Não definido;21.0;21.0;21.0;;13;1315;131503
2026;5;Porto;Valongo;Ermesinde;Sódio;88.0;66.0;88.0;12270.0;13;1315;131503
2026;5;Porto;Valongo;Valongo;Sódio;102.0;67.0;102.0;8940.0;13;1315;131505
2026;5;Porto;Valongo;Campo e Sobrado;Outros/Não definido;8.0;8.0;8.0;80.0;13;1315;131506
2026;5;Porto;Vila do Conde;Árvore;LED;1374.0;1275.0;1374.0;72636.40000915527;13;1316;131602
2026;5;Porto;Vila do Conde;Árvore;Outros/Não definido;37.0;37.0;37.0;;13;1316;131602
2026;5;Porto;Vila do Conde;Aveleda;Sódio;10.0;10.0;10.0;1500.0;13;1316;131603
2026;5;Porto;Vila do Conde;Vilar de Pinheiro;LED;772.0;743.0;772.0;27795.0;13;1316;131630
2026;5;Porto;Vila Nova de Gaia;Arcozelo;Sódio;69.0;64.0;69.0;7370.0;13;1317;131701
2026;5;Porto;Vila Nova de Gaia;Avintes;LED;2098.0;2058.0;2098.0;88002.40003967285;13;1317;131702
2026;5;Porto;Vila Nova de Gaia;Canelas;Sódio;29.0;28.0;29.0;4100.0;13;1317;131703
2026;5;Porto;Vila Nova de Gaia;Mafamude e Vilar do Paraíso;LED;4369.0;4212.0;4372.0;233803.49989318848;13;1317;131727
2026;5;Porto;Vila Nova de Gaia;Mafamude e Vilar do Paraíso;Outros/Não definido;530.0;499.0;530.0;300.0;13;1317;131727
2026;5;Porto;Vila Nova de Gaia;Sandim, Olival, Lever e Crestuma;Sódio;131.0;130.0;131.0;18220.0;13;1317;131729
2026;5;Porto;Vila Nova de Gaia;Santa Marinha e São Pedro da Afurada;Sódio;164.0;150.0;177.0;26670.0;13;1317;131730
2026;5;Porto;Trofa;Bougado (São Martinho e Santiago);LED;4200.0;4096.0;4200.0;219137.5000152588;13;1318;131810
2026;5;Porto;Trofa;Bougado (São Martinho e Santiago);Mercúrio;1.0;1.0;1.0;50.0;13;1318;131810
2026;5;Porto;Trofa;Coronado (São Romão e São Mamede);LED;1709.0;1677.0;1709.0;62972.0;13;1318;131811
2026;5;Santarém;Abrantes;Abrantes (São Vicente e São João) e Alferrarede;Iodeto Metálico;37.0;19.0;37.0;1410.0;14;1401;140120
2026;5;Santarém;Abrantes;Abrantes (São Vicente e São João) e Alferrarede;Sódio;1759.0;1682.0;1758.0;171810.0;14;1401;140120
2026;5;Santarém;Abrantes;São Miguel do Rio Torto e Rossio ao Sul do Tejo;Mercúrio;3.0;3.0;3.0;270.0;14;1401;140124
2026;5;Santarém;Abrantes;São Miguel do Rio Torto e Rossio ao Sul do Tejo;Outros/Não definido;44.0;38.0;38.0;1090.0;14;1401;140124
2026;5;Santarém;Alcanena;Moitas Venda;Outros/Não definido;7.0;7.0;7.0;;14;1402;140207
2026;5;Santarém;Alcanena;Moitas Venda;Sódio;4.0;4.0;4.0;310.0;14;1402;140207
2026;5;Santarém;Alcanena;Alcanena e Vila Moreira;Fluorescente;26.0;26.0;26.0;1820.0;14;1402;140211
2026;5;Santarém;Alcanena;Alcanena e Vila Moreira;Indução;1.0;1.0;1.0;50.0;14;1402;140211
2026;5;Santarém;Alcanena;Alcanena e Vila Moreira;Mercúrio;4.0;4.0;4.0;200.0;14;1402;140211
2026;5;Santarém;Almeirim;Almeirim;Iodeto Metálico;60.0;60.0;60.0;3230.0;14;1403;140301
2026;5;Santarém;Almeirim;Almeirim;Outros/Não definido;11.0;11.0;11.0;;14;1403;140301
2026;5;Santarém;Almeirim;Almeirim;Sódio;6.0;6.0;6.0;600.0;14;1403;140301
2026;5;Santarém;Almeirim;Fazendas de Almeirim;LED;2408.0;2399.0;2414.0;95903.30002593994;14;1403;140303
2026;5;Santarém;Almeirim;Fazendas de Almeirim;Mercúrio;1.0;1.0;1.0;50.0;14;1403;140303
2026;5;Santarém;Alpiarça;Alpiarça;Sódio;14.0;14.0;14.0;980.0;14;1404;140401
2026;5;Santarém;Benavente;Benavente;Outros/Não definido;110.0;106.0;106.0;583.0;14;1405;140501
2026;5;Santarém;Benavente;Samora Correia;Sódio;836.0;807.0;836.0;79000.0;14;1405;140502
2026;5;Santarém;Benavente;Barrosa;Outros/Não definido;14.0;14.0;14.0;100.0;14;1405;140504
2026;5;Santarém;Benavente;Barrosa;Sódio;103.0;103.0;103.0;9790.0;14;1405;140504
2026;5;Santarém;Cartaxo;Pontével;Iodeto Metálico;1.0;1.0;1.0;400.0;14;1406;140604
2026;5;Santarém;Cartaxo;Pontével;Mercúrio;1.0;1.0;1.0;50.0;14;1406;140604
2026;5;Santarém;Cartaxo;Pontével;Outros/Não definido;41.0;41.0;41.0;715.0;14;1406;140604
2026;5;Santarém;Cartaxo;Vila Chã de Ourique;Outros/Não definido;6.0;1.0;1.0;145.0;14;1406;140607
2026;5;Santarém;Cartaxo;Vale da Pedra;LED;657.0;655.0;655.0;23545.0;14;1406;140608
2026;5;Santarém;Cartaxo;Vale da Pedra;Sódio;2.0;2.0;2.0;140.0;14;1406;140608
2026;5;Santarém;Cartaxo;Cartaxo e Vale da Pinta;Sódio;35.0;33.0;35.0;3230.0;14;1406;140609
2026;5;Santarém;Chamusca;Chamusca e Pinheiro Grande;Mercúrio;21.0;21.0;21.0;1610.0;14;1407;140708
2026;5;Santarém;Chamusca;Chamusca e Pinheiro Grande;Sódio;572.0;548.0;572.0;41700.0;14;1407;140708
2026;5;Santarém;Constância;Montalvo;LED;558.0;540.0;564.0;27463.800003051758;14;1408;140802
2026;5;Santarém;Coruche;Couço;Outros/Não definido;92.0;14.0;14.0;7790.0;14;1409;140902
2026;5;Santarém;Coruche;Coruche, Fajarda e Erra;Fluorescente;167.0;166.0;167.0;11620.0;14;1409;140909
2026;5;Porto;Penafiel;Fonte Arcada;Mercúrio;12.0;12.0;12.0;960.0;13;1311;131112
2026;5;Porto;Penafiel;Fonte Arcada;Sódio;77.0;77.0;77.0;5790.0;13;1311;131112
2026;5;Porto;Penafiel;Galegos;LED;698.0;697.0;697.0;22505.80001449585;13;1311;131113
2026;5;Porto;Penafiel;Galegos;Mercúrio;7.0;7.0;7.0;560.0;13;1311;131113
2026;5;Porto;Penafiel;Galegos;Sódio;82.0;82.0;82.0;6910.0;13;1311;131113
2026;5;Porto;Penafiel;Irivo;Outros/Não definido;77.0;77.0;77.0;160.0;13;1311;131115
2026;5;Porto;Penafiel;Oldrões;Sódio;72.0;69.0;72.0;5030.0;13;1311;131121
2026;5;Porto;Penafiel;Paço de Sousa;Mercúrio;8.0;8.0;8.0;850.0;13;1311;131122
2026;5;Porto;Penafiel;Paço de Sousa;Outros/Não definido;34.0;34.0;34.0;406.0;13;1311;131122
2026;5;Porto;Penafiel;Rans;Outros/Não definido;1.0;1.0;1.0;15.0;13;1311;131128
2026;5;Porto;Penafiel;Recezinhos (São Martinho);Iodeto Metálico;2.0;2.0;2.0;300.0;13;1311;131133
2026;5;Porto;Penafiel;Recezinhos (São Martinho);LED;597.0;597.0;597.0;17854.40000152588;13;1311;131133
2026;5;Porto;Penafiel;Recezinhos (São Martinho);Mercúrio;40.0;40.0;40.0;3200.0;13;1311;131133
2026;5;Porto;Penafiel;Recezinhos (São Martinho);Outros/Não definido;7.0;7.0;7.0;;13;1311;131133
2026;5;Porto;Penafiel;Sebolido;Sódio;87.0;79.0;87.0;6010.0;13;1311;131134
2026;5;Porto;Penafiel;Valpedre;Sódio;41.0;41.0;41.0;2980.0;13;1311;131136
2026;5;Porto;Penafiel;Rio Mau;Sódio;41.0;40.0;41.0;2990.0;13;1311;131138
2026;5;Porto;Penafiel;Luzim e Vila Cova;Outros/Não definido;26.0;26.0;26.0;280.0;13;1311;131140
2026;5;Porto;Penafiel;Lagares e Figueira;Sódio;193.0;193.0;193.0;16170.0;13;1311;131142
2026;5;Porto;Penafiel;Termas de São Vicente;Outros/Não definido;15.0;15.0;15.0;300.0;13;1311;131143
2026;5;Porto;Penafiel;Termas de São Vicente;Sódio;329.0;328.0;329.0;25360.0;13;1311;131143
2026;5;Porto;Póvoa de Varzim;Balazar;LED;80.0;80.0;80.0;5280.0;13;1313;131305
2026;5;Porto;Santo Tirso;Agrela;LED;485.0;483.0;485.0;13949.0;13;1314;131401
2026;5;Porto;Santo Tirso;Agrela;Sódio;109.0;105.0;109.0;10100.0;13;1314;131401
2026;5;Porto;Santo Tirso;Reguenga;Sódio;10.0;10.0;10.0;940.0;13;1314;131418
2026;5;Porto;Santo Tirso;Roriz;LED;3.0;3.0;3.0;132.0;13;1314;131419
2026;5;Porto;Santo Tirso;Negrelos (São Tomé);LED;937.0;928.0;937.0;24890.5;13;1314;131430
2026;5;Porto;Santo Tirso;Vila Nova do Campo;Iodeto Metálico;5.0;5.0;5.0;750.0;13;1314;131434
2026;5;Porto;Santo Tirso;Vila Nova do Campo;Sódio;121.0;111.0;121.0;16000.0;13;1314;131434
2026;5;Porto;Santo Tirso;Carreira e Refojos de Riba de Ave;Outros/Não definido;15.0;15.0;15.0;47.0;13;1314;131435
2026;5;Porto;Santo Tirso;Carreira e Refojos de Riba de Ave;Sódio;194.0;194.0;194.0;15720.0;13;1314;131435
2026;5;Porto;Vila do Conde;Azurara;Sódio;27.0;25.0;27.0;3670.0;13;1316;131604
2026;5;Porto;Vila do Conde;Junqueira;LED;788.0;778.0;788.0;24023.0;13;1316;131612
2026;5;Porto;Vila do Conde;Labruge;Outros/Não definido;33.0;33.0;33.0;;13;1316;131613
2026;5;Porto;Vila do Conde;Mindelo;Outros/Não definido;70.0;70.0;70.0;;13;1316;131616
2026;5;Porto;Vila do Conde;Vila Chã;LED;1034.0;997.0;1034.0;50712.60001754761;13;1316;131627
2026;5;Porto;Vila do Conde;Fornelo e Vairão;LED;1166.0;1142.0;1166.0;36560.49998474121;13;1316;131632
2026;5;Porto;Vila do Conde;Malta e Canidelo;Sódio;1.0;1.0;1.0;70.0;13;1316;131633
2026;5;Porto;Vila do Conde;Rio Mau e Arcos;LED;1364.0;1352.0;1364.0;54146.0;13;1316;131635
2026;5;Porto;Vila do Conde;Touguinha e Touguinhó;Outros/Não definido;6.0;6.0;6.0;;13;1316;131636
2026;5;Porto;Vila Nova de Gaia;Madalena;Outros/Não definido;73.0;73.0;73.0;160.0;13;1317;131709
2026;5;Porto;Vila Nova de Gaia;Madalena;Sódio;32.0;32.0;32.0;4000.0;13;1317;131709
2026;5;Porto;Vila Nova de Gaia;Vilar de Andorinho;Sódio;9.0;9.0;9.0;1350.0;13;1317;131723
2026;5;Porto;Trofa;Covelas;Outros/Não definido;4.0;4.0;4.0;;13;1318;131806
2026;5;Porto;Trofa;Covelas;Sódio;181.0;180.0;181.0;15520.0;13;1318;131806
2026;5;Porto;Trofa;Muro;LED;612.0;606.0;612.0;25704.0;13;1318;131808
2026;5;Porto;Trofa;Muro;Mercúrio;1.0;1.0;1.0;100.0;13;1318;131808
2026;5;Porto;Trofa;Muro;Sódio;56.0;56.0;56.0;6010.0;13;1318;131808
2026;5;Porto;Trofa;Alvarelhos e Guidões;Sódio;127.0;125.0;127.0;10070.0;13;1318;131809
2026;5;Santarém;Abrantes;Bemposta;Outros/Não definido;42.0;36.0;48.0;1260.0;14;1401;140104
2026;5;Santarém;Abrantes;Bemposta;Sódio;62.0;57.0;62.0;5520.0;14;1401;140104
2026;5;Santarém;Abrantes;Martinchel;LED;708.0;708.0;708.0;31987.20012664795;14;1401;140105
2026;5;Santarém;Abrantes;Pego;Sódio;110.0;106.0;110.0;14420.0;14;1401;140107
2026;5;Santarém;Abrantes;Tramagal;Mercúrio;13.0;13.0;13.0;1300.0;14;1401;140115
2026;5;Santarém;Abrantes;Tramagal;Sódio;167.0;163.0;167.0;16770.0;14;1401;140115
2026;5;Santarém;Abrantes;Carvalhal;LED;609.0;609.0;609.0;24947.60009765625;14;1401;140119
2026;5;Santarém;Abrantes;Aldeia do Mato e Souto;LED;979.0;979.0;979.0;35694.80004119873;14;1401;140121
2026;5;Santarém;Abrantes;Aldeia do Mato e Souto;Sódio;5.0;5.0;5.0;500.0;14;1401;140121
2026;5;Santarém;Abrantes;Alvega e Concavada;Mercúrio;1.0;1.0;1.0;70.0;14;1401;140122
2026;5;Santarém;Abrantes;São Facundo e Vale de Mós;LED;770.0;770.0;770.0;31854.600273132324;14;1401;140123
2026;5;Santarém;Alcanena;Bugalhos;Iodeto Metálico;4.0;1.0;4.0;100.0;14;1402;140202
2026;5;Santarém;Alcanena;Bugalhos;Outros/Não definido;3.0;3.0;3.0;;14;1402;140202
2026;5;Santarém;Alcanena;Monsanto;LED;493.0;486.0;489.0;21860.80002593994;14;1402;140208
2026;5;Santarém;Alcanena;Monsanto;Outros/Não definido;4.0;4.0;4.0;;14;1402;140208
2026;5;Santarém;Alcanena;Serra de Santo António;Fluorescente;3.0;3.0;3.0;210.0;14;1402;140209
2026;5;Santarém;Almeirim;Benfica do Ribatejo;LED;1205.0;1204.0;1214.0;47763.800033569336;14;1403;140302
2026;5;Santarém;Almeirim;Benfica do Ribatejo;Outros/Não definido;6.0;6.0;6.0;;14;1403;140302
2026;5;Santarém;Almeirim;Raposa;LED;374.0;374.0;384.0;12325.0;14;1403;140304
2026;5;Santarém;Cartaxo;Valada;LED;440.0;440.0;440.0;14595.0;14;1406;140605
2026;5;Santarém;Cartaxo;Ereira e Lapa;Sódio;20.0;18.0;20.0;1820.0;14;1406;140610
2026;5;Santarém;Chamusca;Vale de Cavalos;Mercúrio;10.0;10.0;10.0;500.0;14;1407;140705
2026;5;Santarém;Chamusca;Vale de Cavalos;Sódio;78.0;74.0;78.0;5840.0;14;1407;140705
2026;5;Santarém;Chamusca;Carregueira;LED;924.0;924.0;924.0;48299.60001373291;14;1407;140707
2026;5;Santarém;Chamusca;Carregueira;Outros/Não definido;134.0;134.0;134.0;;14;1407;140707
2026;5;Santarém;Chamusca;Carregueira;Sódio;263.0;253.0;263.0;19255.0;14;1407;140707
2026;5;Santarém;Chamusca;Parreira e Chouto;LED;1028.0;1028.0;1028.0;41855.0;14;1407;140709
2026;5;Santarém;Constância;Constância;Fluorescente;12.0;12.0;12.0;600.0;14;1408;140801
2026;5;Santarém;Constância;Constância;LED;930.0;898.0;940.0;39187.0002746582;14;1408;140801
2026;5;Santarém;Constância;Constância;Mercúrio;3.0;3.0;3.0;150.0;14;1408;140801
2026;5;Santarém;Constância;Constância;Outros/Não definido;204.0;204.0;204.0;35.20000076293945;14;1408;140801
2026;5;Santarém;Constância;Constância;Sódio;8.0;8.0;8.0;850.0;14;1408;140801
2026;5;Santarém;Constância;Santa Margarida da Coutada;LED;906.0;906.0;906.0;47724.80010223389;14;1408;140803
2026;5;Santarém;Constância;Santa Margarida da Coutada;Outros/Não definido;31.0;31.0;31.0;;14;1408;140803
2026;5;Santarém;Constância;Santa Margarida da Coutada;Sódio;100.0;92.0;100.0;9710.0;14;1408;140803
2026;5;Santarém;Coruche;São José da Lamarosa;Outros/Não definido;121.0;121.0;121.0;9700.0;14;1409;140903
2026;5;Santarém;Coruche;Branca;LED;831.0;827.0;830.0;32431.0;14;1409;140905
2026;5;Santarém;Coruche;Branca;Outros/Não definido;7.0;7.0;7.0;145.0;14;1409;140905
2026;5;Santarém;Coruche;Biscainho;Outros/Não definido;12.0;12.0;12.0;;14;1409;140907
2026;5;Santarém;Coruche;Santana do Mato;Outros/Não definido;8.0;8.0;8.0;445.0;14;1409;140908
2026;5;Santarém;Coruche;Santana do Mato;Sódio;50.0;50.0;50.0;4970.0;14;1409;140908
2026;5;Santarém;Entroncamento;Nossa Senhora de Fátima;Fluorescente;2.0;2.0;2.0;140.0;14;1410;141002
2026;5;Santarém;Entroncamento;Nossa Senhora de Fátima;Iodeto Metálico;27.0;27.0;27.0;1890.0;14;1410;141002
2026;5;Santarém;Entroncamento;Nossa Senhora de Fátima;LED;3001.0;2978.0;3355.0;151919.0;14;1410;141002
2026;5;Santarém;Entroncamento;Nossa Senhora de Fátima;Sódio;1.0;1.0;1.0;70.0;14;1410;141002
2026;5;Santarém;Golegã;Azinhaga;LED;495.0;494.0;495.0;23290.0;14;1412;141201
2026;5;Santarém;Golegã;Azinhaga;Outros/Não definido;17.0;13.0;13.0;300.0;14;1412;141201
2026;5;Santarém;Golegã;Azinhaga;Sódio;7.0;4.0;7.0;450.0;14;1412;141201
2026;5;Santarém;Golegã;Golegã;LED;1134.0;1134.0;1192.0;52531.20000457764;14;1412;141202
2026;5;Santarém;Golegã;Golegã;Sódio;338.0;329.0;338.0;33500.0;14;1412;141202
2026;5;Santarém;Mação;Envendos;Outros/Não definido;18.0;18.0;18.0;305.0;14;1413;141305
2026;5;Santarém;Mação;Envendos;Sódio;23.0;23.0;23.0;1700.0;14;1413;141305
2026;5;Santarém;Rio Maior;Fráguas;LED;570.0;570.0;570.0;22846.0;14;1414;141405
2026;5;Santarém;Rio Maior;Rio Maior;LED;5208.0;5190.0;5185.0;233253.20000457764;14;1414;141408
2026;5;Santarém;Salvaterra de Magos;Muge;LED;727.0;724.0;808.0;27884.200008392334;14;1415;141503
2026;5;Santarém;Salvaterra de Magos;Muge;Sódio;23.0;23.0;23.0;2240.0;14;1415;141503
2026;5;Santarém;Salvaterra de Magos;Salvaterra de Magos e Foros de Salvaterra;Mercúrio;14.0;14.0;14.0;700.0;14;1415;141508
2026;5;Santarém;Santarém;Alcanede;Outros/Não definido;87.0;15.0;15.0;3289.0;14;1416;141604
2026;5;Santarém;Santarém;Amiais de Baixo;LED;548.0;547.0;547.0;20139.0;14;1416;141607
2026;5;Santarém;Santarém;Amiais de Baixo;Outros/Não definido;13.0;4.0;4.0;482.0;14;1416;141607
2026;5;Santarém;Santarém;Pernes;LED;491.0;491.0;491.0;19635.0;14;1416;141614
2026;5;Santarém;Santarém;Romeira e Várzea;Outros/Não definido;16.0;2.0;2.0;782.0;14;1416;141632
2026;5;Santarém;Santarém;União das freguesias da cidade de Santarém;Outros/Não definido;368.0;348.0;354.0;1363.0;14;1416;141633
2026;5;Santarém;Sardoal;Sardoal;Outros/Não definido;12.0;12.0;12.0;580.2000007629395;14;1417;141703
2026;5;Santarém;Sardoal;Sardoal;Sódio;112.0;112.0;112.0;13590.0;14;1417;141703
2026;5;Santarém;Sardoal;Valhascos;LED;262.0;262.0;262.0;10906.600051879883;14;1417;141704
2026;5;Santarém;Tomar;São João Baptista e Santa Maria dos Olivais;Sódio;8.0;8.0;8.0;800.0;14;1418;141821
2026;5;Santarém;Torres Novas;Riachos;Iodeto Metálico;18.0;18.0;18.0;1260.0;14;1419;141910
2026;5;Santarém;Torres Novas;Meia Via;LED;368.0;365.0;367.0;14079.400039672852;14;1419;141917
2026;5;Santarém;Torres Novas;Meia Via;Sódio;117.0;117.0;117.0;17370.0;14;1419;141917
2026;5;Santarém;Torres Novas;Torres Novas (Santa Maria, Salvador e Santiago);Mercúrio;28.0;28.0;28.0;1400.0;14;1419;141920
2026;5;Santarém;Torres Novas;Torres Novas (Santa Maria, Salvador e Santiago);Sódio;1423.0;1399.0;1449.0;169410.0;14;1419;141920
2026;5;Santarém;Torres Novas;Torres Novas (São Pedro), Lapas e Ribeira Branca;Mercúrio;26.0;26.0;26.0;1300.0;14;1419;141921
2026;5;Santarém;Torres Novas;Torres Novas (São Pedro), Lapas e Ribeira Branca;Outros/Não definido;101.0;98.0;101.0;4300.0;14;1419;141921
2026;5;Santarém;Torres Novas;Torres Novas (São Pedro), Lapas e Ribeira Branca;Sódio;1240.0;1180.0;1240.0;137220.0;14;1419;141921
2026;5;Santarém;Vila Nova da Barquinha;Vila Nova da Barquinha;Sódio;183.0;152.0;183.0;16990.0;14;1420;142006
2026;5;Santarém;Ourém;Atouguia;Sódio;431.0;418.0;418.0;31250.0;14;1421;142102
2026;5;Santarém;Ourém;Caxarias;Outros/Não definido;35.0;28.0;28.0;1096.0;14;1421;142104
2026;5;Santarém;Ourém;Caxarias;Sódio;423.0;406.0;409.0;32010.0;14;1421;142104
2026;5;Santarém;Ourém;Fátima;Iodeto Metálico;54.0;54.0;54.0;6420.0;14;1421;142106
2026;5;Santarém;Ourém;Fátima;Mercúrio;108.0;108.0;108.0;6000.0;14;1421;142106
2026;5;Santarém;Ourém;Nossa Senhora da Piedade;Iodeto Metálico;47.0;47.0;47.0;4570.0;14;1421;142115
2026;5;Santarém;Ourém;Nossa Senhora da Piedade;Mercúrio;88.0;82.0;88.0;5825.0;14;1421;142115
2026;5;Santarém;Ourém;Freixianda, Ribeira do Farrio e Formigais;Outros/Não definido;37.0;29.0;29.0;1020.0;14;1421;142119
2026;5;Setúbal;Alcácer do Sal;Santa Maria do Castelo e Santiago e Santa Susana;LED;3170.0;3137.0;3176.0;149025.801071167;15;1501;150107
2026;5;Setúbal;Alcácer do Sal;Santa Maria do Castelo e Santiago e Santa Susana;Mercúrio;9.0;8.0;9.0;835.0;15;1501;150107
2026;5;Setúbal;Alcácer do Sal;Santa Maria do Castelo e Santiago e Santa Susana;Outros/Não definido;98.0;98.0;98.0;1390.0;15;1501;150107
2026;5;Setúbal;Alcochete;Alcochete;Outros/Não definido;36.0;36.0;36.0;330.0;15;1502;150201
2026;5;Setúbal;Almada;Almada, Cova da Piedade, Pragal e Cacilhas;Outros/Não definido;819.0;749.0;821.0;11995.0;15;1503;150312
2026;5;Setúbal;Almada;Caparica e Trafaria;Iodeto Metálico;150.0;150.0;150.0;10500.0;15;1503;150313
2026;5;Setúbal;Almada;Caparica e Trafaria;Mercúrio;280.0;279.0;280.0;28255.0;15;1503;150313
2026;5;Setúbal;Almada;Caparica e Trafaria;Sódio;5220.0;5053.0;5220.0;476580.0;15;1503;150313
2026;5;Setúbal;Almada;Charneca de Caparica e Sobreda;Outros/Não definido;736.0;715.0;736.0;12758.0;15;1503;150314
2026;5;Setúbal;Barreiro;Alto do Seixalinho, Santo André e Verderena;LED;4285.0;4099.0;4415.0;173258.0;15;1504;150409
2026;5;Setúbal;Barreiro;Alto do Seixalinho, Santo André e Verderena;Outros/Não definido;181.0;181.0;209.0;1470.0;15;1504;150409
2026;5;Setúbal;Barreiro;Barreiro e Lavradio;Mercúrio;30.0;30.0;30.0;3165.0;15;1504;150410
2026;5;Setúbal;Barreiro;Palhais e Coina;LED;1346.0;1333.0;1346.0;42241.0;15;1504;150411
2026;5;Setúbal;Moita;Moita;Sódio;252.0;238.0;252.0;19160.0;15;1506;150603
2026;5;Setúbal;Montijo;Sarilhos Grandes;LED;60.0;60.0;60.0;2716.2000007629395;15;1507;150704
2026;5;Setúbal;Montijo;Sarilhos Grandes;Mercúrio;19.0;19.0;19.0;1100.0;15;1507;150704
2026;5;Setúbal;Montijo;Montijo e Afonsoeiro;LED;508.0;496.0;518.0;26583.900047302246;15;1507;150710
2026;5;Setúbal;Montijo;Montijo e Afonsoeiro;Sódio;6324.0;5880.0;6334.0;853620.0;15;1507;150710
2026;5;Setúbal;Montijo;Pegões;LED;243.0;243.0;243.0;6632.0;15;1507;150711
2026;5;Setúbal;Montijo;Pegões;Mercúrio;27.0;27.0;27.0;2925.0;15;1507;150711
2026;5;Setúbal;Montijo;Pegões;Sódio;1883.0;1871.0;1883.0;176380.0;15;1507;150711
2026;5;Setúbal;Palmela;Palmela;LED;6400.0;6415.0;6430.0;206551.80058288574;15;1508;150802
2026;5;Setúbal;Palmela;Palmela;Mercúrio;4.0;4.0;4.0;200.0;15;1508;150802
2026;5;Setúbal;Palmela;Palmela;Outros/Não definido;232.0;231.0;232.0;660.0;15;1508;150802
2026;5;Setúbal;Palmela;Pinhal Novo;Mercúrio;3.0;3.0;3.0;455.0;15;1508;150803
2026;5;Setúbal;Palmela;Pinhal Novo;Outros/Não definido;450.0;435.0;452.0;615.0;15;1508;150803
2026;5;Setúbal;Palmela;Pinhal Novo;Sódio;371.0;352.0;371.0;35250.0;15;1508;150803
2026;5;Setúbal;Palmela;Quinta do Anjo;Iodeto Metálico;1.0;1.0;1.0;100.0;15;1508;150804
2026;5;Setúbal;Palmela;Poceirão e Marateca;LED;4241.0;4235.0;4241.0;110669.8000793457;15;1508;150806
2026;5;Setúbal;Palmela;Poceirão e Marateca;Outros/Não definido;63.0;63.0;63.0;700.0;15;1508;150806
2026;5;Setúbal;Santiago do Cacém;Santo André;Mercúrio;66.0;66.0;66.0;3390.0;15;1509;150907
2026;5;Setúbal;Santiago do Cacém;Santo André;Outros/Não definido;324.0;324.0;324.0;;15;1509;150907
2026;5;Setúbal;Santiago do Cacém;Santiago do Cacém, S. Cruz e S. Bartolomeu da Serra;Outros/Não definido;119.0;106.0;112.0;80.0;15;1509;150912
2026;5;Setúbal;Santiago do Cacém;Santiago do Cacém, S. Cruz e S. Bartolomeu da Serra;Sódio;302.0;300.0;302.0;32470.0;15;1509;150912
2026;5;Setúbal;Seixal;Amora;LED;6271.0;5842.0;6288.0;244796.30033111572;15;1510;151002
2026;5;Setúbal;Seixal;Corroios;Iodeto Metálico;34.0;34.0;34.0;2380.0;15;1510;151005
2026;5;Setúbal;Seixal;Seixal, Arrentela e Aldeia de Paio Pires;Fluorescente;25.0;24.0;25.0;1850.0;15;1510;151007
2026;5;Santarém;Ferreira do Zêzere;Águas Belas;Outros/Não definido;43.0;43.0;43.0;270.0;14;1411;141101
2026;5;Santarém;Ferreira do Zêzere;Beco;Outros/Não definido;24.0;24.0;24.0;470.0;14;1411;141103
2026;5;Santarém;Ferreira do Zêzere;Ferreira do Zêzere;LED;1229.0;1204.0;1228.0;51259.300064086914;14;1411;141106
2026;5;Santarém;Ferreira do Zêzere;Nossa Senhora do Pranto;Mercúrio;13.0;13.0;13.0;650.0;14;1411;141110
2026;5;Santarém;Ferreira do Zêzere;Nossa Senhora do Pranto;Outros/Não definido;28.0;24.0;24.0;640.0;14;1411;141110
2026;5;Santarém;Ferreira do Zêzere;Areias e Pias;Mercúrio;51.0;51.0;51.0;2554.0;14;1411;141111
2026;5;Santarém;Ferreira do Zêzere;Areias e Pias;Outros/Não definido;26.0;25.0;25.0;190.0;14;1411;141111
2026;5;Santarém;Golegã;Pombalinho;LED;163.0;163.0;163.0;8442.0;14;1412;141203
2026;5;Santarém;Mação;Amêndoa;Mercúrio;7.0;7.0;7.0;350.0;14;1413;141302
2026;5;Santarém;Mação;Amêndoa;Outros/Não definido;32.0;32.0;32.0;180.0;14;1413;141302
2026;5;Santarém;Mação;Cardigos;Sódio;93.0;93.0;93.0;7650.0;14;1413;141303
2026;5;Santarém;Mação;Carvoeiro;LED;468.0;466.0;468.0;17710.800247192383;14;1413;141304
2026;5;Santarém;Mação;Carvoeiro;Sódio;41.0;41.0;41.0;3110.0;14;1413;141304
2026;5;Santarém;Mação;Mação, Penhascoso e Aboboreira;Outros/Não definido;145.0;143.0;145.0;1244.0;14;1413;141309
2026;5;Santarém;Rio Maior;Asseiceira;LED;654.0;651.0;653.0;26149.40000152588;14;1414;141410
2026;5;Santarém;Rio Maior;Asseiceira;Outros/Não definido;1.0;1.0;1.0;45.0;14;1414;141410
2026;5;Santarém;Rio Maior;São Sebastião;LED;384.0;384.0;384.0;16052.400001525879;14;1414;141411
2026;5;Santarém;Rio Maior;Marmeleira e Assentiz;Fluorescente;4.0;4.0;4.0;200.0;14;1414;141416
2026;5;Santarém;Rio Maior;São João da Ribeira e Ribeira de São João;LED;916.0;918.0;917.0;36028.00001525879;14;1414;141418
2026;5;Santarém;Salvaterra de Magos;Glória do Ribatejo e Granho;LED;1674.0;1667.0;1706.0;62088.0;14;1415;141507
2026;5;Santarém;Salvaterra de Magos;Glória do Ribatejo e Granho;Mercúrio;3.0;3.0;3.0;150.0;14;1415;141507
2026;5;Santarém;Santarém;Abrã;LED;686.0;681.0;684.0;25325.40000152588;14;1416;141602
2026;5;Santarém;Santarém;Abrã;Sódio;3.0;3.0;3.0;128.0;14;1416;141602
2026;5;Santarém;Santarém;Alcanhões;LED;453.0;453.0;453.0;19629.0;14;1416;141605
2026;5;Santarém;Santarém;Almoster;Outros/Não definido;7.0;6.0;6.0;189.0;14;1416;141606
2026;5;Santarém;Santarém;Moçarria;LED;583.0;583.0;583.0;24079.0;14;1416;141613
2026;5;Santarém;Santarém;Achete, Azoia de Baixo e Póvoa de Santarém;LED;1947.0;1941.0;1943.0;72677.0;14;1416;141629
2026;5;Santarém;Santarém;Achete, Azoia de Baixo e Póvoa de Santarém;Mercúrio;6.0;5.0;6.0;250.0;14;1416;141629
2026;5;Santarém;Santarém;Achete, Azoia de Baixo e Póvoa de Santarém;Outros/Não definido;22.0;12.0;12.0;332.0;14;1416;141629
2026;5;Santarém;Santarém;Casével e Vaqueiros;Outros/Não definido;9.0;9.0;9.0;420.0;14;1416;141631
2026;5;Santarém;Santarém;São Vicente do Paul e Vale de Figueira;LED;1689.0;1689.0;1689.0;67117.0;14;1416;141634
2026;5;Santarém;Santarém;São Vicente do Paul e Vale de Figueira;Mercúrio;1.0;1.0;1.0;50.0;14;1416;141634
2026;5;Santarém;Sardoal;Alcaravela;LED;647.0;647.0;647.0;26318.400260925293;14;1417;141701
2026;5;Santarém;Sardoal;Alcaravela;Mercúrio;4.0;4.0;4.0;200.0;14;1417;141701
2026;5;Santarém;Sardoal;Alcaravela;Outros/Não definido;37.0;37.0;37.0;365.0;14;1417;141701
2026;5;Santarém;Sardoal;Alcaravela;Sódio;3.0;3.0;3.0;240.0;14;1417;141701
2026;5;Santarém;Tomar;Carregueiros;LED;376.0;376.0;376.0;9400.0;14;1418;141804
2026;5;Santarém;Tomar;Olalhas;LED;935.0;935.0;935.0;23548.900005340576;14;1418;141808
2026;5;Santarém;Tomar;Sabacheira;LED;555.0;555.0;555.0;13944.400001525879;14;1418;141814
2026;5;Santarém;Tomar;Além da Ribeira e Pedreira;Outros/Não definido;6.0;6.0;6.0;45.0;14;1418;141817
2026;5;Santarém;Tomar;Casais e Alviobeira;Sódio;5.0;5.0;5.0;350.0;14;1418;141818
2026;5;Santarém;Tomar;Madalena e Beselga;LED;1512.0;1512.0;1512.0;38082.80001068115;14;1418;141819
2026;5;Santarém;Tomar;Madalena e Beselga;Sódio;1.0;1.0;1.0;70.0;14;1418;141819
2026;5;Santarém;Tomar;Serra e Junceira;Outros/Não definido;7.0;7.0;7.0;45.0;14;1418;141820
2026;5;Santarém;Tomar;Serra e Junceira;Sódio;1.0;1.0;1.0;70.0;14;1418;141820
2026;5;Santarém;Torres Novas;Assentiz;Mercúrio;11.0;11.0;11.0;550.0;14;1419;141902
2026;5;Santarém;Torres Novas;Assentiz;Outros/Não definido;49.0;49.0;49.0;905.0;14;1419;141902
2026;5;Santarém;Torres Novas;Chancelaria;Mercúrio;7.0;7.0;7.0;350.0;14;1419;141904
2026;5;Santarém;Torres Novas;Chancelaria;Outros/Não definido;19.0;19.0;19.0;295.0;14;1419;141904
2026;5;Santarém;Torres Novas;Pedrógão;Mercúrio;8.0;8.0;8.0;400.0;14;1419;141909
2026;5;Santarém;Torres Novas;Pedrógão;Sódio;99.0;97.0;99.0;8190.0;14;1419;141909
2026;5;Santarém;Torres Novas;Zibreira;Iodeto Metálico;1.0;1.0;1.0;70.0;14;1419;141916
2026;5;Santarém;Torres Novas;Zibreira;Outros/Não definido;7.0;7.0;7.0;270.0;14;1419;141916
2026;5;Santarém;Torres Novas;Brogueira, Parceiros de Igreja e Alcorochel;Mercúrio;4.0;4.0;4.0;200.0;14;1419;141918
2026;5;Santarém;Vila Nova da Barquinha;Atalaia;Outros/Não definido;23.0;23.0;23.0;225.0;14;1420;142001
2026;5;Santarém;Vila Nova da Barquinha;Praia do Ribatejo;Iodeto Metálico;2.0;2.0;2.0;140.0;14;1420;142002
2026;5;Santarém;Vila Nova da Barquinha;Praia do Ribatejo;LED;809.0;793.0;809.0;31110.00030517578;14;1420;142002
2026;5;Santarém;Vila Nova da Barquinha;Praia do Ribatejo;Outros/Não definido;35.0;35.0;35.0;;14;1420;142002
2026;5;Santarém;Vila Nova da Barquinha;Praia do Ribatejo;Sódio;36.0;21.0;36.0;2030.0;14;1420;142002
2026;5;Santarém;Vila Nova da Barquinha;Tancos;Outros/Não definido;1.0;1.0;1.0;;14;1420;142003
2026;5;Santarém;Ourém;Seiça;LED;874.0;874.0;874.0;33413.80029296875;14;1421;142113
2026;5;Santarém;Ourém;Seiça;Sódio;440.0;436.0;436.0;35420.0;14;1421;142113
2026;5;Santarém;Ourém;Urqueira;Sódio;308.0;306.0;308.0;22810.0;14;1421;142114
2026;5;Santarém;Ourém;Gondemaria e Olival;LED;1584.0;1583.0;1583.0;64081.900424957275;14;1421;142120
2026;5;Santarém;Ourém;Rio de Couros e Casal dos Bernardos;LED;1665.0;1656.0;1662.0;70277.00031280518;14;1421;142122
2026;5;Santarém;Ourém;Rio de Couros e Casal dos Bernardos;Mercúrio;36.0;34.0;34.0;1800.0;14;1421;142122
2026;5;Santarém;Ourém;Rio de Couros e Casal dos Bernardos;Sódio;384.0;382.0;382.0;28050.0;14;1421;142122
2026;5;Setúbal;Alcácer do Sal;São Martinho;LED;193.0;192.0;193.0;7298.400146484375;15;1501;150105
2026;5;Setúbal;Alcácer do Sal;Comporta;Outros/Não definido;67.0;67.0;67.0;;15;1501;150106
2026;5;Setúbal;Alcochete;Samouco;Sódio;11.0;8.0;11.0;980.0;15;1502;150202
2026;5;Setúbal;Alcochete;São Francisco;Outros/Não definido;1.0;1.0;1.0;80.0;15;1502;150203
2026;5;Setúbal;Almada;Costa da Caparica;LED;104.0;99.0;104.0;6540.600002288818;15;1503;150303
2026;5;Setúbal;Barreiro;Santo António da Charneca;LED;2575.0;2532.0;2575.0;99593.5;15;1504;150407
2026;5;Setúbal;Barreiro;Santo António da Charneca;Outros/Não definido;100.0;79.0;100.0;7298.0;15;1504;150407
2026;5;Setúbal;Grândola;Melides;Mercúrio;2.0;2.0;2.0;160.0;15;1505;150503
2026;5;Setúbal;Grândola;Melides;Outros/Não definido;332.0;332.0;332.0;118.0;15;1505;150503
2026;5;Setúbal;Grândola;Melides;Sódio;13.0;13.0;13.0;910.0;15;1505;150503
2026;5;Setúbal;Moita;Gaio-Rosário e Sarilhos Pequenos;Outros/Não definido;23.0;23.0;25.0;320.0;15;1506;150608
2026;5;Setúbal;Montijo;Canha;Sódio;717.0;711.0;717.0;72590.0;15;1507;150701
2026;5;Setúbal;Montijo;Atalaia e Alto Estanqueiro-Jardia;Outros/Não definido;188.0;188.0;188.0;1540.0;15;1507;150709
2026;5;Setúbal;Santiago do Cacém;Abela;LED;464.0;462.0;464.0;11791.0;15;1509;150901
2026;5;Setúbal;Santiago do Cacém;Alvalade;LED;729.0;706.0;729.0;27425.20009613037;15;1509;150902
2026;5;Setúbal;Santiago do Cacém;Ermidas-Sado;LED;781.0;770.0;777.0;30250.000205993652;15;1509;150904
2026;5;Setúbal;Santiago do Cacém;Ermidas-Sado;Outros/Não definido;8.0;8.0;8.0;420.0;15;1509;150904
2026;5;Setúbal;Santiago do Cacém;São Francisco da Serra;Outros/Não definido;28.0;28.0;28.0;225.0;15;1509;150910
2026;5;Setúbal;Santiago do Cacém;São Domingos e Vale de Água;LED;1141.0;1136.0;1141.0;34480.0;15;1509;150913
2026;5;Setúbal;Seixal;Seixal, Arrentela e Aldeia de Paio Pires;Iodeto Metálico;16.0;13.0;16.0;650.0;15;1510;151007
2026;5;Setúbal;Seixal;Seixal, Arrentela e Aldeia de Paio Pires;Mercúrio;35.0;35.0;35.0;2215.0;15;1510;151007
2026;5;Setúbal;Sesimbra;Sesimbra (Castelo);Mercúrio;43.0;43.0;43.0;3095.0;15;1511;151101
2026;5;Setúbal;Sesimbra;Sesimbra (Castelo);Sódio;1315.0;1315.0;1315.0;93270.0;15;1511;151101
2026;5;Setúbal;Sesimbra;Quinta do Conde;LED;5686.0;5604.0;5704.0;222966.90075683594;15;1511;151103
2026;5;Setúbal;Sesimbra;Quinta do Conde;Mercúrio;1.0;1.0;1.0;80.0;15;1511;151103
2026;5;Setúbal;Sesimbra;Quinta do Conde;Outros/Não definido;56.0;56.0;56.0;45.0;15;1511;151103
2026;5;Setúbal;Setúbal;Setúbal (São Sebastião);Outros/Não definido;634.0;611.0;674.0;18345.0;15;1512;151205
2026;5;Setúbal;Setúbal;Gâmbia-Pontes-Alto da Guerra;Outros/Não definido;135.0;135.0;135.0;240.0;15;1512;151207
2026;5;Setúbal;Setúbal;Sado;LED;1376.0;1365.0;1376.0;53468.93000793457;15;1512;151208
2026;5;Setúbal;Setúbal;Sado;Mercúrio;1.0;1.0;1.0;80.0;15;1512;151208
2026;5;Setúbal;Setúbal;Azeitão (São Lourenço e São Simão);Mercúrio;2.0;2.0;2.0;100.0;15;1512;151209
2026;5;Setúbal;Setúbal;S. Julião, N. S. da Anunciada e S. Maria da Graça;Indução;1.0;1.0;1.0;150.0;15;1512;151210
2026;5;Setúbal;Setúbal;S. Julião, N. S. da Anunciada e S. Maria da Graça;Mercúrio;44.0;25.0;44.0;1460.0;15;1512;151210
2026;5;Setúbal;Setúbal;S. Julião, N. S. da Anunciada e S. Maria da Graça;Sódio;1681.0;1600.0;1691.0;160130.0;15;1512;151210
2026;5;Setúbal;Sines;Sines;LED;4497.0;4159.0;4497.0;184794.30129241943;15;1513;151301
2026;5;Setúbal;Sines;Sines;Outros/Não definido;77.0;75.0;77.0;;15;1513;151301
2026;5;Viana do Castelo;Arcos de Valdevez;Arcos de Valdevez (Salvador), Vila Fonche e Parada;Outros/Não definido;130.0;130.0;130.0;990.0;16;1601;160154
2026;5;Viana do Castelo;Melgaço;Prado e Remoães;Mercúrio;16.0;16.0;16.0;915.0;16;1603;160322
2026;5;Viana do Castelo;Ponte de Lima;Anais;Outros/Não definido;67.0;67.0;67.0;1395.0;16;1607;160701
2026;5;Viana do Castelo;Ponte de Lima;Anais;Sódio;8.0;8.0;8.0;560.0;16;1607;160701
2026;5;Viana do Castelo;Ponte de Lima;Calheiros;Mercúrio;24.0;24.0;24.0;1260.0;16;1607;160713
2026;5;Viana do Castelo;Ponte de Lima;Feitosa;LED;131.0;125.0;132.0;5474.300006866455;16;1607;160719
2026;5;Viana do Castelo;Ponte de Lima;Feitosa;Mercúrio;16.0;16.0;16.0;860.0;16;1607;160719
2026;5;Setúbal;Sesimbra;Sesimbra (Santiago);Outros/Não definido;165.0;165.0;207.0;65.0;15;1511;151102
2026;5;Setúbal;Sines;Porto Covo;Sódio;70.0;70.0;70.0;9620.0;15;1513;151302
2026;5;Viana do Castelo;Arcos de Valdevez;Aboim das Choças;Mercúrio;5.0;5.0;5.0;250.0;16;1601;160101
2026;5;Viana do Castelo;Arcos de Valdevez;Aboim das Choças;Sódio;17.0;14.0;14.0;1450.0;16;1601;160101
2026;5;Viana do Castelo;Arcos de Valdevez;Aguiã;LED;324.0;324.0;324.0;10326.800010681152;16;1601;160102
2026;5;Viana do Castelo;Arcos de Valdevez;Aguiã;Sódio;53.0;50.0;53.0;3680.0;16;1601;160102
2026;5;Viana do Castelo;Arcos de Valdevez;Ázere;LED;152.0;152.0;152.0;4074.400001525879;16;1601;160104
2026;5;Viana do Castelo;Arcos de Valdevez;Cabreiro;Outros/Não definido;24.0;24.0;24.0;855.0;16;1601;160106
2026;5;Viana do Castelo;Arcos de Valdevez;Cabreiro;Sódio;62.0;62.0;62.0;4340.0;16;1601;160106
2026;5;Viana do Castelo;Arcos de Valdevez;Cendufe;Outros/Não definido;3.0;3.0;3.0;45.0;16;1601;160108
2026;5;Viana do Castelo;Arcos de Valdevez;Gavieira;LED;439.0;439.0;439.0;17921.0;16;1601;160113
2026;5;Viana do Castelo;Arcos de Valdevez;Gavieira;Outros/Não definido;20.0;20.0;20.0;180.0;16;1601;160113
2026;5;Viana do Castelo;Arcos de Valdevez;Gavieira;Sódio;2.0;2.0;2.0;300.0;16;1601;160113
2026;5;Viana do Castelo;Arcos de Valdevez;Gondoriz;Outros/Não definido;35.0;35.0;35.0;900.0;16;1601;160115
2026;5;Viana do Castelo;Arcos de Valdevez;Monte Redondo;LED;171.0;171.0;171.0;6978.0;16;1601;160122
2026;5;Viana do Castelo;Arcos de Valdevez;Paçô;LED;322.0;314.0;322.0;17216.90000152588;16;1601;160124
2026;5;Viana do Castelo;Arcos de Valdevez;Paçô;Outros/Não definido;62.0;60.0;60.0;686.0;16;1601;160124
2026;5;Viana do Castelo;Arcos de Valdevez;Padroso;LED;162.0;162.0;162.0;4482.0;16;1601;160125
2026;5;Viana do Castelo;Arcos de Valdevez;Padroso;Mercúrio;1.0;1.0;1.0;50.0;16;1601;160125
2026;5;Viana do Castelo;Arcos de Valdevez;Padroso;Outros/Não definido;4.0;4.0;4.0;180.0;16;1601;160125
2026;5;Viana do Castelo;Arcos de Valdevez;Prozelo;Mercúrio;9.0;9.0;9.0;450.0;16;1601;160128
2026;5;Viana do Castelo;Arcos de Valdevez;Rio de Moinhos;Outros/Não definido;7.0;7.0;7.0;270.0;16;1601;160131
2026;5;Viana do Castelo;Arcos de Valdevez;Sabadim;LED;272.0;272.0;272.0;8895.0;16;1601;160133
2026;5;Viana do Castelo;Arcos de Valdevez;Sabadim;Outros/Não definido;11.0;11.0;11.0;495.0;16;1601;160133
2026;5;Viana do Castelo;Arcos de Valdevez;Jolda (São Paio);LED;216.0;216.0;216.0;8193.600002288818;16;1601;160142
2026;5;Viana do Castelo;Arcos de Valdevez;Jolda (São Paio);Mercúrio;10.0;10.0;10.0;500.0;16;1601;160142
2026;5;Viana do Castelo;Arcos de Valdevez;Senharei;Sódio;5.0;5.0;5.0;430.0;16;1601;160144
2026;5;Viana do Castelo;Arcos de Valdevez;Sistelo;LED;106.0;106.0;106.0;2972.0000076293945;16;1601;160145
2026;5;Viana do Castelo;Arcos de Valdevez;Alvora e Loureda;LED;339.0;339.0;339.0;12112.0;16;1601;160152
2026;5;Viana do Castelo;Arcos de Valdevez;Alvora e Loureda;Mercúrio;20.0;20.0;20.0;1000.0;16;1601;160152
2026;5;Viana do Castelo;Arcos de Valdevez;Alvora e Loureda;Sódio;49.0;49.0;49.0;4290.0;16;1601;160152
2026;5;Viana do Castelo;Arcos de Valdevez;Arcos de Valdevez (São Paio) e Giela;Mercúrio;6.0;6.0;6.0;300.0;16;1601;160153
2026;5;Viana do Castelo;Arcos de Valdevez;Eiras e Mei;Sódio;30.0;30.0;30.0;2100.0;16;1601;160155
2026;5;Viana do Castelo;Arcos de Valdevez;Grade e Carralcova;Mercúrio;31.0;30.0;31.0;1500.0;16;1601;160156
2026;5;Viana do Castelo;Arcos de Valdevez;Grade e Carralcova;Sódio;70.0;66.0;70.0;4810.0;16;1601;160156
2026;5;Viana do Castelo;Arcos de Valdevez;Guilhadeses e Santar;LED;493.0;493.0;493.0;15557.0;16;1601;160157
2026;5;Viana do Castelo;Arcos de Valdevez;Jolda (Madalena) e Rio Cabrão;Outros/Não definido;3.0;3.0;3.0;45.0;16;1601;160158
2026;5;Viana do Castelo;Arcos de Valdevez;Jolda (Madalena) e Rio Cabrão;Sódio;93.0;87.0;93.0;6890.0;16;1601;160158
2026;5;Viana do Castelo;Arcos de Valdevez;Padreiro (Salvador e Santa Cristina);LED;387.0;387.0;387.0;16227.0;16;1601;160159
2026;5;Viana do Castelo;Arcos de Valdevez;Padreiro (Salvador e Santa Cristina);Sódio;141.0;132.0;141.0;20710.0;16;1601;160159
2026;5;Viana do Castelo;Arcos de Valdevez;Portela e Extremo;LED;78.0;78.0;78.0;1922.0;16;1601;160160
2026;5;Viana do Castelo;Arcos de Valdevez;São Jorge e Ermelo;Outros/Não definido;2.0;2.0;2.0;45.0;16;1601;160161
2026;5;Viana do Castelo;Arcos de Valdevez;Souto e Tabaçô;Mercúrio;7.0;7.0;7.0;350.0;16;1601;160162
2026;5;Viana do Castelo;Arcos de Valdevez;Távora (Santa Maria e São Vicente);LED;649.0;649.0;649.0;25520.300003051758;16;1601;160163
2026;5;Viana do Castelo;Arcos de Valdevez;Vilela, São Cosme e São Damião e Sá;Mercúrio;10.0;10.0;10.0;500.0;16;1601;160164
2026;5;Viana do Castelo;Arcos de Valdevez;Vilela, São Cosme e São Damião e Sá;Sódio;59.0;57.0;59.0;5480.0;16;1601;160164
2026;5;Viana do Castelo;Caminha;Âncora;Sódio;128.0;123.0;128.0;11790.0;16;1602;160201
2026;5;Viana do Castelo;Caminha;Argela;LED;215.0;215.0;215.0;7532.0;16;1602;160205
2026;5;Viana do Castelo;Caminha;Argela;Outros/Não definido;3.0;3.0;3.0;135.0;16;1602;160205
2026;5;Viana do Castelo;Caminha;Argela;Sódio;20.0;20.0;20.0;1400.0;16;1602;160205
2026;5;Viana do Castelo;Caminha;Dem;Outros/Não definido;9.0;9.0;9.0;315.0;16;1602;160209
2026;5;Viana do Castelo;Caminha;Lanhelas;Outros/Não definido;4.0;4.0;4.0;45.0;16;1602;160211
2026;5;Viana do Castelo;Caminha;Riba de Âncora;LED;354.0;354.0;354.0;12898.0;16;1602;160214
2026;5;Viana do Castelo;Caminha;Seixas;LED;522.0;522.0;522.0;17616.100017547607;16;1602;160215
2026;5;Viana do Castelo;Caminha;Seixas;Mercúrio;24.0;24.0;24.0;1230.0;16;1602;160215
2026;5;Viana do Castelo;Caminha;Seixas;Sódio;306.0;306.0;306.0;24840.0;16;1602;160215
2026;5;Viana do Castelo;Caminha;Vila Praia de Âncora;Mercúrio;9.0;9.0;9.0;470.0;16;1602;160217
2026;5;Viana do Castelo;Caminha;Vilar de Mouros;Outros/Não definido;2.0;2.0;2.0;45.0;16;1602;160218
2026;5;Viana do Castelo;Caminha;Vile;LED;132.0;130.0;132.0;3908.0;16;1602;160220
2026;5;Viana do Castelo;Caminha;Vile;Mercúrio;1.0;1.0;1.0;50.0;16;1602;160220
2026;5;Viana do Castelo;Caminha;Vile;Sódio;30.0;30.0;30.0;2200.0;16;1602;160220
2026;5;Viana do Castelo;Caminha;Arga (Baixo, Cima e São João);Outros/Não definido;9.0;9.0;9.0;405.0;16;1602;160221
2026;5;Viana do Castelo;Caminha;Gondar e Orbacém;Sódio;37.0;37.0;37.0;2730.0;16;1602;160223
2026;5;Viana do Castelo;Melgaço;Alvaredo;Sódio;3.0;3.0;3.0;290.0;16;1603;160301
2026;5;Viana do Castelo;Melgaço;Cousso;Iodeto Metálico;1.0;1.0;1.0;70.0;16;1603;160304
2026;5;Viana do Castelo;Melgaço;Cousso;Outros/Não definido;13.0;13.0;13.0;115.0;16;1603;160304
2026;5;Viana do Castelo;Melgaço;Fiães;LED;181.0;181.0;181.0;6414.0;16;1603;160307
2026;5;Viana do Castelo;Melgaço;Fiães;Mercúrio;2.0;2.0;2.0;100.0;16;1603;160307
2026;5;Viana do Castelo;Melgaço;Fiães;Sódio;14.0;14.0;14.0;980.0;16;1603;160307
2026;5;Viana do Castelo;Melgaço;Gave;Sódio;8.0;8.0;8.0;680.0;16;1603;160308
2026;5;Viana do Castelo;Melgaço;Paderne;Outros/Não definido;56.0;56.0;56.0;610.0;16;1603;160311
2026;5;Viana do Castelo;Melgaço;Penso;LED;296.0;294.0;296.0;8602.0;16;1603;160313
2026;5;Viana do Castelo;Melgaço;Penso;Outros/Não definido;12.0;12.0;12.0;180.0;16;1603;160313
2026;5;Viana do Castelo;Melgaço;São Paio;LED;336.0;334.0;338.0;9525.5;16;1603;160317
2026;5;Viana do Castelo;Melgaço;São Paio;Mercúrio;29.0;29.0;29.0;1480.0;16;1603;160317
2026;5;Viana do Castelo;Melgaço;Castro Laboreiro e Lamas de Mouro;LED;555.0;555.0;555.0;14038.0;16;1603;160319
2026;5;Viana do Castelo;Melgaço;Castro Laboreiro e Lamas de Mouro;Outros/Não definido;121.0;121.0;121.0;900.0;16;1603;160319
2026;5;Viana do Castelo;Melgaço;Chaviães e Paços;Iodeto Metálico;4.0;4.0;4.0;1350.0;16;1603;160320
2026;5;Viana do Castelo;Melgaço;Chaviães e Paços;LED;445.0;445.0;445.0;11725.5;16;1603;160320
2026;5;Viana do Castelo;Melgaço;Chaviães e Paços;Mercúrio;44.0;44.0;44.0;2200.0;16;1603;160320
2026;5;Viana do Castelo;Melgaço;Chaviães e Paços;Outros/Não definido;30.0;30.0;30.0;681.0;16;1603;160320
2026;5;Viana do Castelo;Melgaço;Parada do Monte e Cubalhão;LED;430.0;428.0;430.0;12324.0;16;1603;160321
2026;5;Viana do Castelo;Melgaço;Parada do Monte e Cubalhão;Outros/Não definido;43.0;38.0;38.0;585.0;16;1603;160321
2026;5;Viana do Castelo;Melgaço;Vila e Roussas;Mercúrio;66.0;66.0;66.0;6495.0;16;1603;160323
2026;5;Viana do Castelo;Melgaço;Vila e Roussas;Sódio;366.0;364.0;366.0;46750.0;16;1603;160323
2026;5;Viana do Castelo;Monção;Abedim;Sódio;7.0;7.0;7.0;490.0;16;1604;160401
2026;5;Viana do Castelo;Monção;Barroças e Taias;Mercúrio;4.0;4.0;4.0;200.0;16;1604;160405
2026;5;Viana do Castelo;Monção;Barroças e Taias;Outros/Não definido;1.0;1.0;1.0;45.0;16;1604;160405
2026;5;Viana do Castelo;Monção;Bela;LED;201.0;201.0;201.0;8466.100002288818;16;1604;160406
2026;5;Viana do Castelo;Monção;Cambeses;LED;243.0;239.0;243.0;8760.0;16;1604;160407
2026;5;Viana do Castelo;Monção;Longos Vales;LED;284.0;284.0;284.0;12067.0;16;1604;160411
2026;5;Viana do Castelo;Monção;Longos Vales;Mercúrio;49.0;49.0;49.0;2450.0;16;1604;160411
2026;5;Viana do Castelo;Monção;Merufe;Outros/Não definido;43.0;43.0;43.0;495.0;16;1604;160415
2026;5;Viana do Castelo;Monção;Merufe;Sódio;24.0;24.0;24.0;1680.0;16;1604;160415
2026;5;Viana do Castelo;Monção;Moreira;LED;369.0;369.0;369.0;11580.900016784668;16;1604;160418
2026;5;Viana do Castelo;Monção;Pias;Iodeto Metálico;2.0;2.0;2.0;140.0;16;1604;160420
2026;5;Viana do Castelo;Monção;Pias;LED;480.0;478.0;480.0;18825.0;16;1604;160420
2026;5;Viana do Castelo;Monção;Pias;Mercúrio;1.0;1.0;1.0;50.0;16;1604;160420
2026;5;Viana do Castelo;Monção;Pias;Sódio;22.0;22.0;22.0;1620.0;16;1604;160420
2026;5;Viana do Castelo;Monção;Pinheiros;Mercúrio;1.0;1.0;1.0;50.0;16;1604;160421
2026;5;Viana do Castelo;Monção;Pinheiros;Outros/Não definido;27.0;27.0;27.0;900.0;16;1604;160421
2026;5;Viana do Castelo;Monção;Portela;Sódio;14.0;14.0;14.0;980.0;16;1604;160423
2026;5;Viana do Castelo;Monção;Riba de Mouro;Sódio;264.0;264.0;264.0;19320.0;16;1604;160424
2026;5;Viana do Castelo;Monção;Segude;Iodeto Metálico;4.0;4.0;4.0;440.0;16;1604;160427
2026;5;Viana do Castelo;Monção;Segude;Mercúrio;76.0;76.0;76.0;3800.0;16;1604;160427
2026;5;Viana do Castelo;Monção;Tangil;Outros/Não definido;66.0;66.0;66.0;1755.0;16;1604;160428
2026;5;Viana do Castelo;Monção;Ceivães e Badim;Outros/Não definido;27.0;27.0;27.0;585.0;16;1604;160435
2026;5;Viana do Castelo;Monção;Mazedo e Cortes;Iodeto Metálico;2.0;2.0;2.0;800.0;16;1604;160436
2026;5;Viana do Castelo;Monção;Mazedo e Cortes;Outros/Não definido;175.0;154.0;175.0;2455.0;16;1604;160436
2026;5;Viana do Castelo;Monção;Mazedo e Cortes;Sódio;424.0;408.0;424.0;50520.0;16;1604;160436
2026;5;Viana do Castelo;Monção;Messegães, Valadares e Sá;Outros/Não definido;10.0;10.0;10.0;270.0;16;1604;160437
2026;5;Viana do Castelo;Monção;Monção e Troviscoso;Mercúrio;95.0;95.0;95.0;5950.0;16;1604;160438
2026;5;Viana do Castelo;Monção;Monção e Troviscoso;Outros/Não definido;90.0;90.0;90.0;855.0;16;1604;160438
2026;5;Viana do Castelo;Monção;Troporiz e Lapela;LED;380.0;378.0;380.0;19209.0;16;1604;160440
2026;5;Viana do Castelo;Monção;Troporiz e Lapela;Outros/Não definido;23.0;23.0;23.0;360.0;16;1604;160440
2026;5;Viana do Castelo;Monção;Troporiz e Lapela;Sódio;27.0;27.0;27.0;2150.0;16;1604;160440
2026;5;Viana do Castelo;Paredes de Coura;Agualonga;Outros/Não definido;3.0;3.0;3.0;;16;1605;160501
2026;5;Viana do Castelo;Paredes de Coura;Castanheira;Mercúrio;1.0;1.0;1.0;50.0;16;1605;160503
2026;5;Viana do Castelo;Paredes de Coura;Castanheira;Outros/Não definido;4.0;4.0;4.0;90.0;16;1605;160503
2026;5;Viana do Castelo;Paredes de Coura;Cunha;Outros/Não definido;17.0;17.0;17.0;315.0;16;1605;160507
2026;5;Viana do Castelo;Paredes de Coura;Mozelos;LED;309.0;309.0;309.0;13785.0;16;1605;160513
2026;5;Viana do Castelo;Paredes de Coura;Mozelos;Outros/Não definido;2.0;2.0;2.0;;16;1605;160513
2026;5;Viana do Castelo;Paredes de Coura;Padornelo;Mercúrio;2.0;2.0;2.0;100.0;16;1605;160514
2026;5;Viana do Castelo;Paredes de Coura;Padornelo;Outros/Não definido;3.0;3.0;3.0;90.0;16;1605;160514
2026;5;Viana do Castelo;Paredes de Coura;Parada;LED;178.0;178.0;178.0;8890.0;16;1605;160515
2026;5;Viana do Castelo;Paredes de Coura;Romarigães;Outros/Não definido;11.0;11.0;11.0;180.0;16;1605;160519
2026;5;Viana do Castelo;Paredes de Coura;Bico e Cristelo;Outros/Não definido;13.0;13.0;13.0;90.0;16;1605;160522
2026;5;Viana do Castelo;Paredes de Coura;Cossourado e Linhares;LED;452.0;452.0;452.0;21775.0;16;1605;160523
2026;5;Viana do Castelo;Paredes de Coura;Formariz e Ferreira;LED;947.0;947.0;947.0;46993.0;16;1605;160524
2026;5;Viana do Castelo;Paredes de Coura;Formariz e Ferreira;Mercúrio;1.0;1.0;1.0;50.0;16;1605;160524
2026;5;Viana do Castelo;Paredes de Coura;Insalde e Porreiras;Outros/Não definido;11.0;11.0;11.0;;16;1605;160525
2026;5;Viana do Castelo;Paredes de Coura;Paredes de Coura e Resende;Outros/Não definido;317.0;317.0;317.0;315.0;16;1605;160526
2026;5;Viana do Castelo;Ponte de Lima;Arcozelo;Outros/Não definido;201.0;199.0;201.0;5310.0;16;1607;160704
2026;5;Viana do Castelo;Ponte de Lima;Arcozelo;Sódio;460.0;416.0;460.0;36570.0;16;1607;160704
2026;5;Viana do Castelo;Ponte de Lima;Beiral do Lima;Mercúrio;5.0;5.0;5.0;450.0;16;1607;160707
2026;5;Viana do Castelo;Ponte de Lima;Beiral do Lima;Outros/Não definido;28.0;28.0;28.0;180.0;16;1607;160707
2026;5;Viana do Castelo;Ponte de Lima;Beiral do Lima;Sódio;45.0;45.0;45.0;3170.0;16;1607;160707
2026;5;Viana do Castelo;Ponte de Lima;Bertiandos;LED;87.0;87.0;87.0;2789.0;16;1607;160708
2026;5;Viana do Castelo;Ponte de Lima;Bertiandos;Mercúrio;2.0;2.0;2.0;100.0;16;1607;160708
2026;5;Viana do Castelo;Ponte de Lima;Boalhosa;Outros/Não definido;2.0;2.0;2.0;;16;1607;160709
2026;5;Viana do Castelo;Ponte de Lima;Brandara;Mercúrio;10.0;10.0;10.0;500.0;16;1607;160710
2026;5;Viana do Castelo;Ponte de Lima;Brandara;Outros/Não definido;44.0;44.0;44.0;900.0;16;1607;160710
2026;5;Viana do Castelo;Ponte de Lima;Brandara;Sódio;36.0;36.0;36.0;2730.0;16;1607;160710
2026;5;Viana do Castelo;Ponte de Lima;Calvelo;LED;145.0;143.0;155.0;5750.0;16;1607;160714
2026;5;Viana do Castelo;Ponte de Lima;Calvelo;Outros/Não definido;47.0;47.0;47.0;315.0;16;1607;160714
2026;5;Viana do Castelo;Ponte de Lima;Correlhã;LED;518.0;515.0;518.0;18406.000049591064;16;1607;160716
2026;5;Viana do Castelo;Ponte de Lima;Correlhã;Mercúrio;49.0;49.0;49.0;2630.0;16;1607;160716
2026;5;Viana do Castelo;Ponte de Lima;Correlhã;Outros/Não definido;38.0;27.0;38.0;135.0;16;1607;160716
2026;5;Viana do Castelo;Ponte de Lima;Correlhã;Sódio;119.0;116.0;119.0;8800.0;16;1607;160716
2026;5;Viana do Castelo;Ponte de Lima;Facha;Outros/Não definido;23.0;23.0;23.0;1035.0;16;1607;160718
2026;5;Viana do Castelo;Ponte de Lima;Facha;Sódio;41.0;41.0;41.0;2870.0;16;1607;160718
2026;5;Viana do Castelo;Ponte de Lima;Fontão;Mercúrio;41.0;41.0;41.0;2140.0;16;1607;160721
2026;5;Viana do Castelo;Ponte de Lima;Fontão;Outros/Não definido;62.0;62.0;62.0;780.0;16;1607;160721
2026;5;Viana do Castelo;Ponte de Lima;Friastelas;Mercúrio;23.0;23.0;23.0;1270.0;16;1607;160724
2026;5;Viana do Castelo;Ponte de Lima;Gandra;Iodeto Metálico;2.0;1.0;2.0;70.0;16;1607;160726
2026;5;Viana do Castelo;Ponte de Lima;Gandra;Mercúrio;17.0;17.0;17.0;940.0;16;1607;160726
2026;5;Viana do Castelo;Valença;Fontoura;LED;358.0;358.0;358.0;15036.200012207031;16;1608;160805
2026;5;Viana do Castelo;Valença;São Pedro da Torre;Outros/Não definido;43.0;43.0;43.0;1215.0;16;1608;160812
2026;5;Viana do Castelo;Valença;Gandra e Taião;Outros/Não definido;51.0;51.0;51.0;1710.0;16;1608;160817
2026;5;Viana do Castelo;Valença;Valença, Cristelo Covo e Arão;Iodeto Metálico;245.0;180.0;245.0;15160.0;16;1608;160820
2026;5;Viana do Castelo;Valença;Valença, Cristelo Covo e Arão;LED;1746.0;1639.0;1752.0;77584.10011672974;16;1608;160820
2026;5;Viana do Castelo;Valença;Valença, Cristelo Covo e Arão;Mercúrio;9.0;9.0;9.0;600.0;16;1608;160820
2026;5;Viana do Castelo;Valença;Valença, Cristelo Covo e Arão;Outros/Não definido;202.0;199.0;202.0;345.0;16;1608;160820
2026;5;Viana do Castelo;Valença;Valença, Cristelo Covo e Arão;Sódio;356.0;338.0;356.0;36020.0;16;1608;160820
2026;5;Viana do Castelo;Viana do Castelo;Anha;LED;943.0;851.0;943.0;33219.2000579834;16;1609;160904
2026;5;Viana do Castelo;Viana do Castelo;Anha;Outros/Não definido;1.0;1.0;1.0;;16;1609;160904
2026;5;Viana do Castelo;Viana do Castelo;Anha;Sódio;65.0;65.0;65.0;5110.0;16;1609;160904
2026;5;Viana do Castelo;Viana do Castelo;Castelo do Neiva;LED;906.0;882.0;906.0;36222.70000076294;16;1609;160910
2026;5;Viana do Castelo;Viana do Castelo;Darque;Iodeto Metálico;50.0;50.0;50.0;3500.0;16;1609;160911
2026;5;Viana do Castelo;Viana do Castelo;Darque;LED;1007.0;981.0;1045.0;48056.90002822876;16;1609;160911
2026;5;Viana do Castelo;Viana do Castelo;Darque;Outros/Não definido;74.0;74.0;74.0;405.0;16;1609;160911
2026;5;Viana do Castelo;Viana do Castelo;Darque;Sódio;1079.0;993.0;1079.0;98660.0;16;1609;160911
2026;5;Viana do Castelo;Viana do Castelo;São Romão de Neiva;LED;638.0;619.0;638.0;21541.299980163574;16;1609;160923
2026;5;Viana do Castelo;Viana do Castelo;São Romão de Neiva;Sódio;283.0;267.0;283.0;35530.0;16;1609;160923
2026;5;Viana do Castelo;Viana do Castelo;Vila de Punhe;Mercúrio;2.0;2.0;2.0;100.0;16;1609;160938
2026;5;Viana do Castelo;Viana do Castelo;Vila de Punhe;Sódio;217.0;214.0;217.0;15670.0;16;1609;160938
2026;5;Viana do Castelo;Viana do Castelo;Geraz do Lima (S. Maria, S. Leocádia, Moreira), Deão;Mercúrio;10.0;10.0;10.0;760.0;16;1609;160943
2026;5;Viana do Castelo;Viana do Castelo;Santa Maria Maior e Monserrate e Meadela;LED;2827.0;2654.0;2839.0;115027.10014724731;16;1609;160948
2026;5;Viana do Castelo;Viana do Castelo;Santa Maria Maior e Monserrate e Meadela;Mercúrio;237.0;237.0;237.0;15730.0;16;1609;160948
2026;5;Viana do Castelo;Vila Nova de Cerveira;Cornes;LED;312.0;312.0;312.0;11470.800018310547;16;1610;161003
2026;5;Viana do Castelo;Vila Nova de Cerveira;Cornes;Mercúrio;4.0;4.0;4.0;200.0;16;1610;161003
2026;5;Viana do Castelo;Vila Nova de Cerveira;Vila Nova de Cerveira e Lovelhe;LED;700.0;662.0;700.0;32492.300003051758;16;1610;161019
2026;5;Vila Real;Boticas;Boticas e Granja;LED;1061.0;1047.0;1061.0;49135.0;17;1702;170219
2026;5;Vila Real;Boticas;Boticas e Granja;Sódio;76.0;74.0;76.0;9160.0;17;1702;170219
2026;5;Vila Real;Chaves;Santa Maria Maior;Fluorescente;11.0;11.0;11.0;550.0;17;1703;170350
2026;5;Vila Real;Chaves;Santa Maria Maior;Outros/Não definido;131.0;131.0;145.0;80.0;17;1703;170350
2026;5;Vila Real;Chaves;Santa Maria Maior;Sódio;642.0;586.0;642.0;74610.0;17;1703;170350
2026;5;Vila Real;Chaves;Madalena e Samaiões;Outros/Não definido;16.0;16.0;16.0;90.0;17;1703;170354
2026;5;Vila Real;Chaves;Madalena e Samaiões;Sódio;58.0;46.0;58.0;3460.0;17;1703;170354
2026;5;Vila Real;Chaves;Santa Cruz/Trindade e Sanjurge;Sódio;160.0;146.0;156.0;19450.0;17;1703;170358
2026;5;Viana do Castelo;Ponte de Lima;Gemieira;Outros/Não definido;20.0;20.0;20.0;225.0;16;1607;160727
2026;5;Viana do Castelo;Ponte de Lima;Gondufe;Mercúrio;31.0;31.0;31.0;1745.0;16;1607;160728
2026;5;Viana do Castelo;Ponte de Lima;Labruja;Sódio;66.0;60.0;66.0;4360.0;16;1607;160729
2026;5;Viana do Castelo;Ponte de Lima;Refóios do Lima;Sódio;185.0;178.0;185.0;15120.0;16;1607;160737
2026;5;Viana do Castelo;Ponte de Lima;Ribeira;LED;447.0;445.0;445.0;16546.5;16;1607;160739
2026;5;Viana do Castelo;Ponte de Lima;Ribeira;Mercúrio;50.0;50.0;50.0;3130.0;16;1607;160739
2026;5;Viana do Castelo;Ponte de Lima;Ribeira;Sódio;189.0;186.0;189.0;16810.0;16;1607;160739
2026;5;Viana do Castelo;Ponte de Lima;Santa Cruz do Lima;LED;106.0;106.0;106.0;3043.400001525879;16;1607;160743
2026;5;Viana do Castelo;Ponte de Lima;Santa Cruz do Lima;Outros/Não definido;2.0;2.0;2.0;;16;1607;160743
2026;5;Viana do Castelo;Ponte de Lima;Santa Cruz do Lima;Sódio;60.0;60.0;60.0;4370.0;16;1607;160743
2026;5;Viana do Castelo;Ponte de Lima;Rebordões (Santa Maria);Mercúrio;14.0;14.0;14.0;790.0;16;1607;160744
2026;5;Viana do Castelo;Ponte de Lima;Seara;Mercúrio;4.0;4.0;4.0;230.0;16;1607;160745
2026;5;Viana do Castelo;Ponte de Lima;Serdedelo;Outros/Não definido;47.0;47.0;47.0;2140.0;16;1607;160746
2026;5;Viana do Castelo;Ponte de Lima;Rebordões (Souto);Mercúrio;23.0;23.0;23.0;1180.0;16;1607;160747
2026;5;Viana do Castelo;Ponte de Lima;Rebordões (Souto);Outros/Não definido;22.0;22.0;22.0;565.0;16;1607;160747
2026;5;Viana do Castelo;Ponte de Lima;Vitorino das Donas;Sódio;117.0;117.0;117.0;8250.0;16;1607;160750
2026;5;Viana do Castelo;Ponte de Lima;Arca e Ponte de Lima;Iodeto Metálico;15.0;15.0;15.0;1750.0;16;1607;160752
2026;5;Viana do Castelo;Ponte de Lima;Arca e Ponte de Lima;Sódio;1106.0;997.0;1106.0;111150.0;16;1607;160752
2026;5;Viana do Castelo;Ponte de Lima;Ardegão, Freixo e Mato;LED;643.0;643.0;709.0;29744.0;16;1607;160753
2026;5;Viana do Castelo;Ponte de Lima;Ardegão, Freixo e Mato;Mercúrio;22.0;22.0;22.0;1160.0;16;1607;160753
2026;5;Viana do Castelo;Ponte de Lima;Associação de freguesias do Vale do Neiva;Outros/Não definido;23.0;23.0;23.0;810.0;16;1607;160754
2026;5;Viana do Castelo;Ponte de Lima;Associação de freguesias do Vale do Neiva;Sódio;153.0;153.0;153.0;10850.0;16;1607;160754
2026;5;Viana do Castelo;Ponte de Lima;Cabaços e Fojo Lobal;LED;300.0;300.0;300.0;13562.400001525879;16;1607;160756
2026;5;Viana do Castelo;Ponte de Lima;Cabaços e Fojo Lobal;Sódio;100.0;100.0;100.0;7160.0;16;1607;160756
2026;5;Viana do Castelo;Ponte de Lima;Cabração e Moreira do Lima;Mercúrio;22.0;22.0;22.0;1100.0;16;1607;160757
2026;5;Viana do Castelo;Ponte de Lima;Cabração e Moreira do Lima;Outros/Não definido;56.0;56.0;56.0;945.0;16;1607;160757
2026;5;Viana do Castelo;Ponte de Lima;Cabração e Moreira do Lima;Sódio;117.0;117.0;117.0;8630.0;16;1607;160757
2026;5;Viana do Castelo;Ponte de Lima;Fornelos e Queijada;Sódio;173.0;173.0;173.0;12540.0;16;1607;160758
2026;5;Viana do Castelo;Valença;Boivão;LED;159.0;159.0;159.0;4081.0;16;1608;160802
2026;5;Viana do Castelo;Valença;Boivão;Mercúrio;3.0;3.0;3.0;150.0;16;1608;160802
2026;5;Viana do Castelo;Valença;Cerdal;Mercúrio;2.0;2.0;2.0;120.0;16;1608;160803
2026;5;Viana do Castelo;Valença;Cerdal;Sódio;14.0;14.0;14.0;1060.0;16;1608;160803
2026;5;Viana do Castelo;Valença;Friestas;Mercúrio;1.0;1.0;1.0;50.0;16;1608;160806
2026;5;Viana do Castelo;Valença;Friestas;Outros/Não definido;29.0;29.0;29.0;585.0;16;1608;160806
2026;5;Viana do Castelo;Valença;Ganfei;Outros/Não definido;166.0;166.0;166.0;810.0;16;1608;160808
2026;5;Viana do Castelo;Valença;Ganfei;Sódio;67.0;66.0;67.0;6590.0;16;1608;160808
2026;5;Viana do Castelo;Valença;Verdoejo;LED;286.0;286.0;286.0;9700.0;16;1608;160816
2026;5;Viana do Castelo;Valença;São Julião e Silva;Mercúrio;1.0;1.0;1.0;50.0;16;1608;160819
2026;5;Viana do Castelo;Valença;São Julião e Silva;Outros/Não definido;43.0;43.0;43.0;1530.0;16;1608;160819
2026;5;Viana do Castelo;Valença;São Julião e Silva;Sódio;8.0;8.0;8.0;720.0;16;1608;160819
2026;5;Viana do Castelo;Viana do Castelo;Areosa;Sódio;766.0;762.0;766.0;73750.0;16;1609;160905
2026;5;Viana do Castelo;Viana do Castelo;Carreço;LED;796.0;779.0;796.0;30899.200038909912;16;1609;160908
2026;5;Viana do Castelo;Viana do Castelo;Freixieiro de Soutelo;LED;316.0;316.0;316.0;10369.0;16;1609;160914
2026;5;Viana do Castelo;Viana do Castelo;Lanheses;LED;670.0;655.0;670.0;24847.40000152588;16;1609;160915
2026;5;Viana do Castelo;Viana do Castelo;Montaria;Outros/Não definido;1.0;1.0;1.0;;16;1609;160920
2026;5;Viana do Castelo;Viana do Castelo;Montaria;Sódio;91.0;91.0;91.0;6590.0;16;1609;160920
2026;5;Viana do Castelo;Viana do Castelo;Perre;Outros/Não definido;20.0;20.0;20.0;;16;1609;160926
2026;5;Viana do Castelo;Viana do Castelo;Perre;Sódio;405.0;391.0;407.0;28170.0;16;1609;160926
2026;5;Viana do Castelo;Viana do Castelo;Vila Franca;Mercúrio;4.0;4.0;4.0;200.0;16;1609;160935
2026;5;Viana do Castelo;Viana do Castelo;Vila Franca;Sódio;158.0;156.0;158.0;12180.0;16;1609;160935
2026;5;Viana do Castelo;Viana do Castelo;Barroselas e Carvoeiro;Sódio;698.0;669.0;698.0;52810.0;16;1609;160941
2026;5;Viana do Castelo;Viana do Castelo;Cardielos e Serreleis;LED;707.0;705.0;707.0;23200.0;16;1609;160942
2026;5;Viana do Castelo;Viana do Castelo;Mazarefes e Vila Fria;LED;711.0;700.0;713.0;27122.800010681152;16;1609;160944
2026;5;Viana do Castelo;Viana do Castelo;Mazarefes e Vila Fria;Outros/Não definido;34.0;29.0;34.0;54.0;16;1609;160944
2026;5;Viana do Castelo;Viana do Castelo;Mazarefes e Vila Fria;Sódio;472.0;444.0;472.0;39570.0;16;1609;160944
2026;5;Viana do Castelo;Viana do Castelo;Subportela, Deocriste e Portela Susã;LED;770.0;770.0;770.0;28030.400024414062;16;1609;160946
2026;5;Viana do Castelo;Viana do Castelo;Subportela, Deocriste e Portela Susã;Mercúrio;63.0;49.0;63.0;2900.0;16;1609;160946
2026;5;Viana do Castelo;Viana do Castelo;Torre e Vila Mou;Mercúrio;5.0;5.0;5.0;250.0;16;1609;160947
2026;5;Viana do Castelo;Vila Nova de Cerveira;Covas;Sódio;22.0;20.0;22.0;1340.0;16;1610;161004
2026;5;Viana do Castelo;Vila Nova de Cerveira;Gondarém;LED;526.0;526.0;526.0;15791.0;16;1610;161006
2026;5;Viana do Castelo;Vila Nova de Cerveira;Gondarém;Sódio;50.0;50.0;50.0;4490.0;16;1610;161006
2026;5;Viana do Castelo;Vila Nova de Cerveira;Loivo;LED;445.0;445.0;445.0;14497.0;16;1610;161007
2026;5;Viana do Castelo;Vila Nova de Cerveira;Loivo;Outros/Não definido;6.0;6.0;6.0;45.0;16;1610;161007
2026;5;Viana do Castelo;Vila Nova de Cerveira;Mentrestido;LED;265.0;265.0;265.0;8602.0;16;1610;161009
2026;5;Viana do Castelo;Vila Nova de Cerveira;Sapardos;LED;287.0;287.0;287.0;9076.0;16;1610;161012
2026;5;Viana do Castelo;Vila Nova de Cerveira;Sapardos;Outros/Não definido;2.0;2.0;2.0;90.0;16;1610;161012
2026;5;Viana do Castelo;Vila Nova de Cerveira;Sopo;Sódio;24.0;24.0;24.0;1680.0;16;1610;161013
2026;5;Viana do Castelo;Vila Nova de Cerveira;Campos e Vila Meã;LED;653.0;634.0;653.0;25125.600036621094;16;1610;161016
2026;5;Viana do Castelo;Vila Nova de Cerveira;Campos e Vila Meã;Mercúrio;63.0;63.0;63.0;3150.0;16;1610;161016
2026;5;Viana do Castelo;Vila Nova de Cerveira;Candemil e Gondar;LED;298.0;298.0;298.0;9968.0;16;1610;161017
2026;5;Viana do Castelo;Vila Nova de Cerveira;Candemil e Gondar;Mercúrio;7.0;7.0;7.0;350.0;16;1610;161017
2026;5;Viana do Castelo;Vila Nova de Cerveira;Candemil e Gondar;Sódio;28.0;28.0;28.0;2210.0;16;1610;161017
2026;5;Viana do Castelo;Vila Nova de Cerveira;Reboreda e Nogueira;Outros/Não definido;9.0;9.0;9.0;45.0;16;1610;161018
2026;5;Vila Real;Boticas;Covas do Barroso;Outros/Não definido;3.0;3.0;3.0;135.0;17;1702;170208
2026;5;Vila Real;Boticas;Dornelas;LED;336.0;336.0;336.0;10427.0;17;1702;170210
2026;5;Vila Real;Boticas;Pinho;Outros/Não definido;3.0;3.0;3.0;135.0;17;1702;170213
2026;5;Vila Real;Boticas;Sapiãos;Outros/Não definido;2.0;2.0;2.0;90.0;17;1702;170215
2026;5;Vila Real;Boticas;Alturas do Barroso e Cerdedo;Sódio;6.0;4.0;6.0;310.0;17;1702;170217
2026;5;Vila Real;Boticas;Codessoso, Curros e Fiães do Tâmega;Outros/Não definido;1.0;1.0;1.0;45.0;17;1702;170220
2026;5;Viana do Castelo;Ponte da Barca;Azias;LED;263.0;263.0;263.0;8317.400005340576;16;1606;160601
2026;5;Viana do Castelo;Ponte da Barca;Azias;Outros/Não definido;16.0;16.0;16.0;640.0;16;1606;160601
2026;5;Viana do Castelo;Ponte da Barca;Azias;Sódio;55.0;55.0;55.0;3750.0;16;1606;160601
2026;5;Viana do Castelo;Ponte da Barca;Cuide de Vila Verde;LED;204.0;204.0;204.0;6693.400001525879;16;1606;160606
2026;5;Viana do Castelo;Ponte da Barca;Cuide de Vila Verde;Sódio;72.0;72.0;72.0;5050.0;16;1606;160606
2026;5;Viana do Castelo;Ponte da Barca;Lavradas;Sódio;112.0;112.0;112.0;10420.0;16;1606;160611
2026;5;Viana do Castelo;Ponte da Barca;Nogueira;LED;251.0;251.0;251.0;9974.0;16;1606;160613
2026;5;Viana do Castelo;Ponte da Barca;Nogueira;Sódio;29.0;29.0;29.0;1750.0;16;1606;160613
2026;5;Viana do Castelo;Ponte da Barca;Sampriz;Outros/Não definido;14.0;14.0;14.0;505.0;16;1606;160619
2026;5;Viana do Castelo;Ponte da Barca;Vade (São Pedro);LED;175.0;175.0;175.0;7253.400085449219;16;1606;160623
2026;5;Viana do Castelo;Ponte da Barca;Vade (São Pedro);Outros/Não definido;4.0;4.0;4.0;90.0;16;1606;160623
2026;5;Viana do Castelo;Ponte da Barca;Vade (São Tomé);LED;171.0;171.0;171.0;5658.0;16;1606;160624
2026;5;Viana do Castelo;Ponte da Barca;Vade (São Tomé);Outros/Não definido;9.0;9.0;9.0;;16;1606;160624
2026;5;Viana do Castelo;Ponte da Barca;Crasto, Ruivos e Grovelas;LED;626.0;626.0;626.0;21855.400047302246;16;1606;160626
2026;5;Viana do Castelo;Ponte da Barca;Crasto, Ruivos e Grovelas;Mercúrio;3.0;3.0;3.0;150.0;16;1606;160626
2026;5;Viana do Castelo;Ponte da Barca;Crasto, Ruivos e Grovelas;Sódio;19.0;19.0;19.0;1290.0;16;1606;160626
2026;5;Viana do Castelo;Ponte da Barca;Entre Ambos-os-Rios, Ermida e Germil;LED;457.0;457.0;457.0;15470.0;16;1606;160627
2026;5;Viana do Castelo;Ponte da Barca;Entre Ambos-os-Rios, Ermida e Germil;Mercúrio;2.0;2.0;2.0;140.0;16;1606;160627
2026;5;Viana do Castelo;Ponte da Barca;Entre Ambos-os-Rios, Ermida e Germil;Outros/Não definido;19.0;19.0;19.0;540.0;16;1606;160627
2026;5;Viana do Castelo;Ponte da Barca;Entre Ambos-os-Rios, Ermida e Germil;Sódio;116.0;116.0;116.0;8220.0;16;1606;160627
2026;5;Viana do Castelo;Ponte da Barca;Touvedo (São Lourenço e Salvador);Sódio;86.0;86.0;86.0;6130.0;16;1606;160629
2026;5;Viana do Castelo;Ponte da Barca;Vila Chã (São João Baptista e Santiago);Sódio;123.0;123.0;123.0;8690.0;16;1606;160630
2026;5;Vila Real;Alijó;Alijó;LED;1108.0;1105.0;1108.0;45407.7000579834;17;1701;170101
2026;5;Vila Real;Alijó;Alijó;Sódio;15.0;15.0;15.0;1570.0;17;1701;170101
2026;5;Vila Real;Alijó;Sanfins do Douro;LED;767.0;767.0;767.0;23183.0;17;1701;170112
2026;5;Vila Real;Alijó;Santa Eugénia;LED;185.0;185.0;185.0;6670.0;17;1701;170113
2026;5;Vila Real;Alijó;Santa Eugénia;Outros/Não definido;7.0;7.0;7.0;180.0;17;1701;170113
2026;5;Vila Real;Alijó;São Mamede de Ribatua;Outros/Não definido;1.0;1.0;1.0;;17;1701;170114
2026;5;Vila Real;Alijó;São Mamede de Ribatua;Sódio;3.0;3.0;3.0;210.0;17;1701;170114
2026;5;Vila Real;Alijó;Vila Chã;LED;527.0;527.0;527.0;22175.0;17;1701;170116
2026;5;Vila Real;Alijó;Vila Chã;Outros/Não definido;15.0;15.0;15.0;;17;1701;170116
2026;5;Vila Real;Alijó;Vilar de Maçada;Sódio;7.0;7.0;7.0;520.0;17;1701;170118
2026;5;Vila Real;Alijó;Carlão e Amieiro;LED;459.0;459.0;459.0;14250.699981689453;17;1701;170120
2026;5;Vila Real;Alijó;Castedo e Cotas;Sódio;1.0;1.0;1.0;70.0;17;1701;170121
2026;5;Vila Real;Alijó;Pópulo e Ribalonga;LED;522.0;522.0;522.0;21007.600009918213;17;1701;170122
2026;5;Vila Real;Alijó;Vale Mendiz, Casal Loivos, Vilarinho Cotas;LED;361.0;361.0;361.0;16540.099933624268;17;1701;170123
2026;5;Vila Real;Alijó;Vale Mendiz, Casal Loivos, Vilarinho Cotas;Sódio;8.0;4.0;8.0;400.0;17;1701;170123
2026;5;Vila Real;Boticas;Vilar e Viveiro;LED;393.0;393.0;393.0;11096.0;17;1702;170221
2026;5;Vila Real;Chaves;Águas Frias;Outros/Não definido;5.0;5.0;5.0;45.0;17;1703;170301
2026;5;Vila Real;Chaves;Anelhe;LED;341.0;341.0;341.0;10505.0;17;1703;170302
2026;5;Vila Real;Chaves;Anelhe;Outros/Não definido;1.0;1.0;1.0;;17;1703;170302
2026;5;Vila Real;Chaves;Anelhe;Sódio;3.0;3.0;3.0;210.0;17;1703;170302
2026;5;Vila Real;Chaves;Bustelo;Sódio;2.0;2.0;2.0;140.0;17;1703;170305
2026;5;Vila Real;Chaves;Curalha;LED;302.0;302.0;302.0;11870.0;17;1703;170310
2026;5;Vila Real;Chaves;Ervededo;Outros/Não definido;44.0;44.0;44.0;2355.0;17;1703;170312
2026;5;Vila Real;Chaves;Moreiras;Sódio;8.0;8.0;8.0;590.0;17;1703;170317
2026;5;Vila Real;Chaves;Oura;LED;306.0;281.0;306.0;10501.0;17;1703;170320
2026;5;Vila Real;Chaves;Oura;Mercúrio;13.0;13.0;13.0;1010.0;17;1703;170320
2026;5;Vila Real;Chaves;Santo António de Monforte;Outros/Não definido;9.0;9.0;9.0;270.0;17;1703;170330
2026;5;Vila Real;Chaves;São Vicente;LED;296.0;296.0;296.0;9081.0;17;1703;170334
2026;5;Vila Real;Chaves;Tronco;Outros/Não definido;5.0;5.0;5.0;;17;1703;170340
2026;5;Vila Real;Chaves;Vila Verde da Raia;LED;556.0;553.0;561.0;19971.0;17;1703;170343
2026;5;Vila Real;Chaves;Vila Verde da Raia;Outros/Não definido;4.0;4.0;4.0;180.0;17;1703;170343
2026;5;Vila Real;Chaves;Vilar de Nantes;Outros/Não definido;5.0;3.0;5.0;;17;1703;170344
2026;5;Vila Real;Chaves;Vilar de Nantes;Sódio;109.0;103.0;109.0;8560.0;17;1703;170344
2026;5;Vila Real;Chaves;Vilarelho da Raia;Outros/Não definido;4.0;4.0;4.0;70.0;17;1703;170345
2026;5;Vila Real;Chaves;Vilela do Tâmega;LED;334.0;334.0;334.0;13078.0;17;1703;170349
2026;5;Vila Real;Chaves;Eiras, São Julião de Montenegro e Cela;LED;648.0;648.0;648.0;24936.0;17;1703;170355
2026;5;Vila Real;Chaves;Calvão e Soutelinho da Raia;LED;359.0;358.0;359.0;12013.0;17;1703;170356
2026;5;Vila Real;Chaves;Calvão e Soutelinho da Raia;Outros/Não definido;9.0;9.0;9.0;270.0;17;1703;170356
2026;5;Vila Real;Chaves;Loivos e Póvoa de Agrações;LED;525.0;517.0;525.0;15679.0;17;1703;170357
2026;5;Vila Real;Chaves;Soutelo e Seara Velha;Outros/Não definido;3.0;3.0;3.0;90.0;17;1703;170359
2026;5;Vila Real;Chaves;Soutelo e Seara Velha;Sódio;1.0;1.0;1.0;70.0;17;1703;170359
2026;5;Vila Real;Chaves;Travancas e Roriz;LED;510.0;510.0;510.0;18619.800003051758;17;1703;170360
2026;5;Vila Real;Montalegre;Montalegre e Padroso;LED;1788.0;1683.0;1788.0;99151.0;17;1706;170638
2026;5;Vila Real;Murça;Murça;Outros/Não definido;30.0;30.0;30.0;;17;1707;170705
2026;5;Vila Real;Peso da Régua;Poiares e Canelas;Sódio;58.0;55.0;58.0;5140.0;17;1708;170816
2026;5;Vila Real;Sabrosa;Celeirós;Outros/Não definido;47.0;47.0;47.0;2700.0;17;1710;171001
2026;5;Vila Real;Sabrosa;Celeirós;Sódio;31.0;31.0;31.0;2170.0;17;1710;171001
2026;5;Vila Real;Santa Marta de Penaguião;Lobrigos (S. Miguel e S. João Baptista) e Sanhoane;Sódio;109.0;95.0;109.0;18310.0;17;1711;171111
2026;5;Vila Real;Vila Pouca de Aguiar;Bornes de Aguiar;Outros/Não definido;20.0;20.0;20.0;405.0;17;1713;171303
2026;5;Vila Real;Vila Pouca de Aguiar;Vila Pouca de Aguiar;Outros/Não definido;171.0;171.0;171.0;720.0;17;1713;171314
2026;5;Vila Real;Vila Pouca de Aguiar;Vila Pouca de Aguiar;Sódio;201.0;192.0;201.0;22790.0;17;1713;171314
2026;5;Vila Real;Vila Pouca de Aguiar;Sabroso de Aguiar;Sódio;14.0;14.0;14.0;980.0;17;1713;171317
2026;5;Vila Real;Vila Real;Folhadela;Outros/Não definido;33.0;33.0;33.0;630.0;17;1714;171409
2026;5;Vila Real;Vila Real;Folhadela;Sódio;683.0;677.0;683.0;52950.0;17;1714;171409
2026;5;Vila Real;Vila Real;Vila Real;Iodeto Metálico;33.0;33.0;33.0;3900.0;17;1714;171438
2026;5;Viseu;Armamar;Armamar;Outros/Não definido;74.0;72.0;73.0;1215.0;18;1801;180120
2026;5;Viseu;Armamar;Armamar;Sódio;68.0;55.0;68.0;5370.0;18;1801;180120
2026;5;Viseu;Castro daire;Castro Daire;Outros/Não definido;22.0;22.0;22.0;315.0;18;1803;180304
2026;5;Vila Real;Chaves;Vidago, Arcossó, Selhariz, Vilarinho Paranheiras;LED;1499.0;1390.0;1499.0;55331.10000228882;17;1703;170361
2026;5;Vila Real;Chaves;Vidago, Arcossó, Selhariz, Vilarinho Paranheiras;Outros/Não definido;13.0;7.0;7.0;;17;1703;170361
2026;5;Vila Real;Mesão Frio;Barqueiros;LED;380.0;380.0;380.0;14017.5;17;1704;170401
2026;5;Vila Real;Mesão Frio;Barqueiros;Sódio;11.0;11.0;11.0;2750.0;17;1704;170401
2026;5;Vila Real;Mesão Frio;Oliveira;Sódio;35.0;33.0;33.0;2450.0;17;1704;170403
2026;5;Vila Real;Mesão Frio;Mesão Frio (Santo André);LED;1003.0;991.0;1003.0;37076.90002441406;17;1704;170408
2026;5;Vila Real;Mesão Frio;Mesão Frio (Santo André);Sódio;78.0;67.0;78.0;8050.0;17;1704;170408
2026;5;Vila Real;Montalegre;Cabril;LED;443.0;443.0;443.0;14413.0;17;1706;170601
2026;5;Vila Real;Montalegre;Cabril;Outros/Não definido;2.0;2.0;2.0;;17;1706;170601
2026;5;Vila Real;Montalegre;Chã;Sódio;111.0;111.0;111.0;9990.0;17;1706;170604
2026;5;Vila Real;Montalegre;Covelo do Gerês;Sódio;102.0;102.0;102.0;7140.0;17;1706;170607
2026;5;Vila Real;Montalegre;Ferral;Outros/Não definido;4.0;4.0;4.0;;17;1706;170609
2026;5;Vila Real;Montalegre;Negrões;LED;220.0;216.0;218.0;7960.0;17;1706;170618
2026;5;Vila Real;Montalegre;Outeiro;LED;145.0;145.0;145.0;4341.0;17;1706;170619
2026;5;Vila Real;Montalegre;Outeiro;Sódio;1.0;1.0;1.0;70.0;17;1706;170619
2026;5;Vila Real;Montalegre;Salto;LED;1146.0;1127.0;1146.0;38876.40000152588;17;1706;170626
2026;5;Vila Real;Montalegre;Santo André;LED;172.0;172.0;172.0;5052.0;17;1706;170627
2026;5;Vila Real;Montalegre;Solveira;Outros/Não definido;1.0;1.0;1.0;;17;1706;170631
2026;5;Vila Real;Montalegre;Meixedo e Padornelos;LED;332.0;332.0;332.0;10340.0;17;1706;170637
2026;5;Vila Real;Montalegre;Venda Nova e Pondras;LED;466.0;461.0;465.0;12945.400001525879;17;1706;170641
2026;5;Vila Real;Montalegre;Vilar de Perdizes e Meixide;LED;489.0;489.0;489.0;15359.0;17;1706;170643
2026;5;Vila Real;Montalegre;Vilar de Perdizes e Meixide;Outros/Não definido;3.0;3.0;3.0;;17;1706;170643
2026;5;Vila Real;Montalegre;Vilar de Perdizes e Meixide;Sódio;10.0;10.0;10.0;1500.0;17;1706;170643
2026;5;Vila Real;Murça;Fiolhoso;Outros/Não definido;13.0;13.0;13.0;225.0;17;1707;170703
2026;5;Vila Real;Murça;Carva e Vilares;LED;465.0;465.0;465.0;15965.400001525879;17;1707;170710
2026;5;Vila Real;Peso da Régua;Fontelas;Sódio;5.0;4.0;4.0;350.0;17;1708;170802
2026;5;Vila Real;Peso da Régua;Loureiro;Outros/Não definido;20.0;20.0;20.0;257.0;17;1708;170805
2026;5;Vila Real;Peso da Régua;Vilarinho dos Freires;Outros/Não definido;37.0;37.0;37.0;680.4000015258789;17;1708;170810
2026;5;Vila Real;Peso da Régua;Galafura e Covelinhas;Outros/Não definido;19.0;19.0;19.0;;17;1708;170813
2026;5;Vila Real;Peso da Régua;Galafura e Covelinhas;Sódio;5.0;5.0;5.0;350.0;17;1708;170813
2026;5;Vila Real;Peso da Régua;Moura Morta e Vinhós;LED;686.0;686.0;686.0;23665.40000152588;17;1708;170814
2026;5;Vila Real;Peso da Régua;Peso da Régua e Godim;Sódio;473.0;473.0;473.0;55230.0;17;1708;170815
2026;5;Vila Real;Sabrosa;Covas do Douro;LED;315.0;315.0;315.0;9948.0;17;1710;171002
2026;5;Vila Real;Sabrosa;Covas do Douro;Outros/Não definido;8.0;8.0;8.0;135.0;17;1710;171002
2026;5;Vila Real;Sabrosa;Gouvinhas;Outros/Não definido;8.0;8.0;8.0;430.0;17;1710;171004
2026;5;Vila Real;Sabrosa;Parada de Pinhão;LED;150.0;150.0;150.0;5449.0;17;1710;171005
2026;5;Vila Real;Sabrosa;Parada de Pinhão;Sódio;15.0;15.0;15.0;1230.0;17;1710;171005
2026;5;Vila Real;Sabrosa;Paços;LED;490.0;485.0;490.0;18086.0;17;1710;171007
2026;5;Vila Real;Sabrosa;Paços;Mercúrio;3.0;3.0;3.0;240.0;17;1710;171007
2026;5;Vila Real;Sabrosa;Sabrosa;Sódio;68.0;65.0;68.0;5190.0;17;1710;171009
2026;5;Vila Real;Sabrosa;São Lourenço de Ribapinhão;LED;335.0;335.0;335.0;12581.50002670288;17;1710;171011
2026;5;Vila Real;Sabrosa;Souto Maior;LED;290.0;290.0;290.0;8930.0;17;1710;171013
2026;5;Vila Real;Sabrosa;Souto Maior;Mercúrio;2.0;2.0;2.0;150.0;17;1710;171013
2026;5;Vila Real;Sabrosa;Souto Maior;Outros/Não definido;10.0;10.0;10.0;;17;1710;171013
2026;5;Vila Real;Sabrosa;Torre do Pinhão;LED;252.0;252.0;252.0;7796.0;17;1710;171014
2026;5;Vila Real;Sabrosa;Vilarinho de São Romão;Mercúrio;1.0;1.0;1.0;80.0;17;1710;171015
2026;5;Vila Real;Sabrosa;Vilarinho de São Romão;Outros/Não definido;2.0;2.0;2.0;90.0;17;1710;171015
2026;5;Vila Real;Sabrosa;Provesende, Gouvães Douro, S. Cristóvão Douro;LED;324.0;324.0;324.0;9983.0;17;1710;171016
2026;5;Vila Real;Sabrosa;São Martinho de Antas e Paradela de Guiães;LED;596.0;596.0;596.0;24461.200004577637;17;1710;171017
2026;5;Vila Real;Santa Marta de Penaguião;Alvações do Corgo;Outros/Não definido;15.0;15.0;15.0;45.0;17;1711;171101
2026;5;Vila Real;Santa Marta de Penaguião;Alvações do Corgo;Sódio;3.0;3.0;3.0;450.0;17;1711;171101
2026;5;Vila Real;Santa Marta de Penaguião;Medrões;LED;334.0;332.0;334.0;11767.900005340576;17;1711;171106
2026;5;Vila Real;Santa Marta de Penaguião;Medrões;Sódio;1.0;1.0;1.0;70.0;17;1711;171106
2026;5;Vila Real;Santa Marta de Penaguião;Sever;LED;418.0;410.0;418.0;15744.0;17;1711;171110
2026;5;Vila Real;Santa Marta de Penaguião;Louredo e Fornelos;LED;503.0;500.0;503.0;18305.40003967285;17;1711;171112
2026;5;Vila Real;Vila Pouca de Aguiar;Alfarela de Jales;LED;281.0;281.0;281.0;7864.200000762939;17;1713;171302
2026;5;Vila Real;Vila Pouca de Aguiar;Alfarela de Jales;Sódio;8.0;8.0;8.0;560.0;17;1713;171302
2026;5;Vila Real;Vila Pouca de Aguiar;Bragado;LED;465.0;465.0;465.0;14161.0;17;1713;171304
2026;5;Vila Real;Vila Pouca de Aguiar;Bragado;Outros/Não definido;2.0;2.0;2.0;90.0;17;1713;171304
2026;5;Vila Real;Vila Pouca de Aguiar;Capeludos;LED;532.0;523.0;523.0;21447.0;17;1713;171305
2026;5;Vila Real;Vila Pouca de Aguiar;Telões;LED;1110.0;1102.0;1109.0;38887.40005493164;17;1713;171311
2026;5;Vila Real;Vila Pouca de Aguiar;Tresminas;LED;423.0;420.0;423.0;11344.0;17;1713;171312
2026;5;Vila Real;Vila Pouca de Aguiar;Tresminas;Outros/Não definido;9.0;9.0;9.0;205.0;17;1713;171312
2026;5;Vila Real;Vila Pouca de Aguiar;Tresminas;Sódio;56.0;56.0;56.0;4070.0;17;1713;171312
2026;5;Vila Real;Vila Pouca de Aguiar;Vreia de Bornes;Sódio;1.0;1.0;1.0;70.0;17;1713;171315
2026;5;Vila Real;Vila Pouca de Aguiar;Pensalvos e Parada de Monteiros;LED;275.0;275.0;275.0;9825.0;17;1713;171320
2026;5;Vila Real;Vila Real;Andrães;Outros/Não definido;22.0;22.0;22.0;630.0;17;1714;171403
2026;5;Vila Real;Vila Real;Arroios;LED;202.0;202.0;202.0;6625.0;17;1714;171404
2026;5;Vila Real;Vila Real;Arroios;Outros/Não definido;9.0;9.0;9.0;78.0;17;1714;171404
2026;5;Vila Real;Vila Real;Campeã;LED;143.0;143.0;143.0;2381.0;17;1714;171406
2026;5;Vila Real;Vila Real;Campeã;Outros/Não definido;580.0;580.0;580.0;420.0;17;1714;171406
2026;5;Vila Real;Vila Real;Guiães;Outros/Não definido;4.0;4.0;4.0;;17;1714;171410
2026;5;Vila Real;Vila Real;Guiães;Sódio;343.0;343.0;343.0;24910.0;17;1714;171410
2026;5;Vila Real;Vila Real;Mateus;LED;567.0;567.0;567.0;27045.0;17;1714;171415
2026;5;Vila Real;Vila Real;Mondrões;LED;235.0;235.0;235.0;11002.0;17;1714;171416
2026;5;Vila Real;Vila Real;Mondrões;Outros/Não definido;365.0;365.0;365.0;697.0;17;1714;171416
2026;5;Vila Real;Vila Real;Parada de Cunhos;Sódio;4.0;4.0;4.0;280.0;17;1714;171420
2026;5;Vila Real;Vila Real;Torgueda;Outros/Não definido;114.0;111.0;114.0;3082.0;17;1714;171426
2026;5;Vila Real;Vila Real;Torgueda;Sódio;33.0;33.0;33.0;3210.0;17;1714;171426
2026;5;Vila Real;Vila Real;Vila Marim;LED;108.0;108.0;108.0;3468.0;17;1714;171429
2026;5;Vila Real;Vila Real;Adoufe e Vilarinho de Samardã;Outros/Não definido;1206.0;1206.0;1206.0;1347.0;17;1714;171431
2026;5;Vila Real;Vila Real;Borbela e Lamas de Olo;LED;387.0;387.0;387.0;16523.60001373291;17;1714;171432
2026;5;Vila Real;Vila Real;Mouçós e Lamares;LED;349.0;349.0;349.0;8236.0;17;1714;171434
2026;5;Vila Real;Vila Real;Mouçós e Lamares;Sódio;1353.0;1348.0;1353.0;94870.0;17;1714;171434
2026;5;Vila Real;Vila Real;Nogueira e Ermida;LED;336.0;336.0;336.0;24452.0;17;1714;171435
2026;5;Vila Real;Vila Real;Pena, Quintã e Vila Cova;Sódio;273.0;273.0;273.0;19170.0;17;1714;171436
2026;5;Vila Real;Vila Real;São Tomé do Castelo e Justes;Outros/Não definido;26.0;26.0;26.0;675.0;17;1714;171437
2026;5;Vila Real;Vila Real;São Tomé do Castelo e Justes;Sódio;732.0;728.0;732.0;50960.0;17;1714;171437
2026;5;Viseu;Armamar;Aldeias;Outros/Não definido;14.0;14.0;14.0;45.0;18;1801;180101
2026;5;Viseu;Armamar;Aldeias;Sódio;4.0;4.0;4.0;280.0;18;1801;180101
2026;5;Viseu;Armamar;Cimbres;LED;208.0;208.0;208.0;8067.0;18;1801;180104
2026;5;Viseu;Armamar;Cimbres;Sódio;7.0;7.0;7.0;490.0;18;1801;180104
2026;5;Viseu;Armamar;Folgosa;Outros/Não definido;7.0;7.0;7.0;135.0;18;1801;180106
2026;5;Viseu;Armamar;Folgosa;Sódio;23.0;20.0;23.0;1560.0;18;1801;180106
2026;5;Vila Real;Mondim de Basto;Bilhó;LED;427.0;427.0;427.0;15599.0;17;1705;170502
2026;5;Vila Real;Mondim de Basto;Campanhó e Paradança;Mercúrio;1.0;1.0;1.0;50.0;17;1705;170509
2026;5;Vila Real;Mondim de Basto;Ermelo e Pardelhas;Outros/Não definido;5.0;5.0;5.0;180.0;17;1705;170510
2026;5;Vila Real;Ribeira de Pena;Canedo;Outros/Não definido;7.0;7.0;7.0;90.0;17;1709;170902
2026;5;Vila Real;Ribeira de Pena;Santa Marinha;Mercúrio;2.0;2.0;2.0;160.0;17;1709;170906
2026;5;Vila Real;Ribeira de Pena;Santa Marinha;Outros/Não definido;28.0;28.0;28.0;450.0;17;1709;170906
2026;5;Vila Real;Ribeira de Pena;Cerva e Limões;LED;1629.0;1629.0;1629.0;55524.60001754761;17;1709;170908
2026;5;Vila Real;Ribeira de Pena;Cerva e Limões;Outros/Não definido;107.0;107.0;107.0;2705.0;17;1709;170908
2026;5;Vila Real;Ribeira de Pena;Salvador e Santo Aleixo de Além-Tâmega;Iodeto Metálico;5.0;5.0;5.0;500.0;17;1709;170909
2026;5;Vila Real;Ribeira de Pena;Salvador e Santo Aleixo de Além-Tâmega;Sódio;152.0;151.0;152.0;15830.0;17;1709;170909
2026;5;Vila Real;Valpaços;Água Revés e Crasto;LED;292.0;290.0;292.0;7291.0;17;1712;171201
2026;5;Vila Real;Valpaços;Água Revés e Crasto;Outros/Não definido;5.0;5.0;5.0;165.0;17;1712;171201
2026;5;Vila Real;Valpaços;Algeriz;Sódio;29.0;28.0;28.0;2030.0;17;1712;171203
2026;5;Vila Real;Valpaços;Bouçoães;LED;423.0;423.0;423.0;11211.0;17;1712;171205
2026;5;Vila Real;Valpaços;Canaveses;LED;141.0;141.0;141.0;2653.0;17;1712;171206
2026;5;Vila Real;Valpaços;Canaveses;Outros/Não definido;29.0;29.0;29.0;125.0;17;1712;171206
2026;5;Vila Real;Valpaços;Canaveses;Sódio;9.0;9.0;9.0;1350.0;17;1712;171206
2026;5;Vila Real;Valpaços;Ervões;Sódio;2.0;2.0;2.0;140.0;17;1712;171209
2026;5;Vila Real;Valpaços;Fornos do Pinhal;LED;201.0;201.0;201.0;8174.700088500977;17;1712;171211
2026;5;Vila Real;Valpaços;Padrela e Tazem;Outros/Não definido;7.0;7.0;7.0;175.0;17;1712;171215
2026;5;Vila Real;Valpaços;Possacos;LED;275.0;275.0;275.0;11087.0;17;1712;171216
2026;5;Vila Real;Valpaços;Rio Torto;Sódio;77.0;73.0;77.0;6370.0;17;1712;171217
2026;5;Vila Real;Valpaços;Santa Maria de Emeres;Outros/Não definido;1.0;1.0;1.0;45.0;17;1712;171219
2026;5;Vila Real;Valpaços;Santiago da Ribeira de Alhariz;LED;683.0;683.0;683.0;15481.0;17;1712;171221
2026;5;Vila Real;Valpaços;São João da Corveira;Sódio;15.0;15.0;15.0;1410.0;17;1712;171222
2026;5;Vila Real;Valpaços;Serapicos;Outros/Não definido;1.0;1.0;1.0;45.0;17;1712;171224
2026;5;Vila Real;Valpaços;Serapicos;Sódio;11.0;11.0;11.0;770.0;17;1712;171224
2026;5;Vila Real;Valpaços;Vassal;Outros/Não definido;2.0;2.0;2.0;25.0;17;1712;171229
2026;5;Vila Real;Valpaços;Lebução, Fiães e Nozelos;LED;636.0;636.0;636.0;18991.0;17;1712;171233
2026;5;Vila Real;Valpaços;Sonim e Barreiros;LED;414.0;413.0;414.0;11714.200004577637;17;1712;171234
2026;5;Vila Real;Valpaços;Tinhela e Alvarelhos;Outros/Não definido;2.0;2.0;2.0;25.0;17;1712;171235
2026;5;Vila Real;Valpaços;Valpaços e Sanfins;Iodeto Metálico;48.0;48.0;48.0;6100.0;17;1712;171236
2026;5;Viseu;Armamar;Santa Cruz;Outros/Não definido;8.0;8.0;8.0;;18;1801;180111
2026;5;Viseu;Armamar;São Martinho das Chãs;LED;366.0;366.0;366.0;9576.000003814697;18;1801;180115
2026;5;Viseu;Armamar;São Martinho das Chãs;Mercúrio;1.0;1.0;1.0;80.0;18;1801;180115
2026;5;Viseu;Armamar;Vacalar;Outros/Não definido;4.0;4.0;4.0;90.0;18;1801;180118
2026;5;Viseu;Armamar;Aricera e Goujoim;LED;217.0;217.0;217.0;7525.0;18;1801;180121
2026;5;Viseu;Armamar;Vila Seca e Santo Adrião;LED;339.0;335.0;335.0;6967.600006103516;18;1801;180123
2026;5;Viseu;Armamar;Vila Seca e Santo Adrião;Outros/Não definido;16.0;16.0;16.0;180.0;18;1801;180123
2026;5;Viseu;Castro daire;Almofala;Sódio;82.0;76.0;82.0;6120.0;18;1803;180301
2026;5;Viseu;Castro daire;Cujó;LED;228.0;228.0;228.0;8313.0;18;1803;180305
2026;5;Viseu;Castro daire;Gosende;LED;470.0;470.0;470.0;16929.0;18;1803;180309
2026;5;Viseu;Castro daire;Mões;LED;1494.0;1491.0;1494.0;53734.0;18;1803;180312
2026;5;Viseu;Castro daire;Moledo;Outros/Não definido;7.0;7.0;7.0;135.0;18;1803;180313
2026;5;Viseu;Castro daire;Monteiras;Outros/Não definido;4.0;4.0;4.0;;18;1803;180314
2026;5;Viseu;Castro daire;Pinheiro;Outros/Não definido;2.0;2.0;2.0;;18;1803;180319
2026;5;Viseu;Castro daire;Mamouros, Alva e Ribolhos;LED;1064.0;1054.0;1064.0;38646.49997711182;18;1803;180323
2026;5;Viseu;Castro daire;Mamouros, Alva e Ribolhos;Mercúrio;2.0;2.0;2.0;175.0;18;1803;180323
2026;5;Viseu;Castro daire;Mamouros, Alva e Ribolhos;Sódio;241.0;237.0;241.0;25230.0;18;1803;180323
2026;5;Viseu;Castro daire;Reriz e Gafanhão;LED;702.0;701.0;702.0;25290.0;18;1803;180327
2026;5;Viseu;Castro daire;Reriz e Gafanhão;Outros/Não definido;14.0;4.0;4.0;90.0;18;1803;180327
2026;5;Viseu;Lamego;Avões;LED;286.0;286.0;286.0;10044.400016784668;18;1805;180502
2026;5;Viseu;Lamego;Britiande;LED;479.0;479.0;479.0;17932.800003051758;18;1805;180504
2026;5;Viseu;Lamego;Britiande;Mercúrio;12.0;12.0;12.0;960.0;18;1805;180504
2026;5;Viseu;Lamego;Britiande;Outros/Não definido;3.0;3.0;3.0;45.0;18;1805;180504
2026;5;Viseu;Lamego;Britiande;Sódio;3.0;3.0;3.0;210.0;18;1805;180504
2026;5;Viseu;Lamego;Lalim;LED;361.0;361.0;361.0;12905.20000076294;18;1805;180510
2026;5;Viseu;Lamego;Lazarim;LED;307.0;307.0;307.0;8820.0;18;1805;180511
2026;5;Viseu;Lamego;Lazarim;Outros/Não definido;4.0;4.0;4.0;90.0;18;1805;180511
2026;5;Viseu;Lamego;Penude;Mercúrio;1.0;1.0;1.0;80.0;18;1805;180517
2026;5;Viseu;Lamego;Samodães;Outros/Não definido;4.0;4.0;4.0;180.0;18;1805;180519
2026;5;Viseu;Lamego;Sande;Outros/Não definido;20.0;20.0;20.0;90.0;18;1805;180520
2026;5;Viseu;Lamego;Sande;Sódio;2.0;2.0;2.0;140.0;18;1805;180520
2026;5;Viseu;Lamego;Vila Nova de Souto d'El-Rei;LED;412.0;411.0;412.0;13841.0;18;1805;180524
2026;5;Viseu;Lamego;Lamego (Almacave e Sé);LED;3914.0;3631.0;3915.0;167526.00019454956;18;1805;180525
2026;5;Viseu;Lamego;Lamego (Almacave e Sé);Mercúrio;5.0;5.0;5.0;490.0;18;1805;180525
2026;5;Viseu;Lamego;Lamego (Almacave e Sé);Outros/Não definido;201.0;203.0;203.0;5194.0;18;1805;180525
2026;5;Viseu;Lamego;Lamego (Almacave e Sé);Sódio;275.0;229.0;285.0;32190.0;18;1805;180525
2026;5;Viseu;Mangualde;Santiago de Cassurrães e Póvoa de Cervães;Sódio;364.0;364.0;364.0;25740.0;18;1806;180621
2026;5;Viseu;Moimenta da Beira;Arcozelos;Mercúrio;1.0;1.0;1.0;50.0;18;1807;180703
2026;5;Viseu;Moimenta da Beira;Arcozelos;Outros/Não definido;6.0;6.0;6.0;180.0;18;1807;180703
2026;5;Viseu;Moimenta da Beira;Arcozelos;Sódio;5.0;5.0;5.0;530.0;18;1807;180703
2026;5;Viseu;Moimenta da Beira;Moimenta da Beira;Sódio;154.0;146.0;154.0;16380.0;18;1807;180710
2026;5;Viseu;Nelas;Canas de Senhorim;Iodeto Metálico;22.0;22.0;22.0;1870.0;18;1809;180901
2026;5;Viseu;Nelas;Canas de Senhorim;Outros/Não definido;54.0;30.0;30.0;314.0;18;1809;180901
2026;5;Viseu;Nelas;Nelas;Outros/Não definido;22.0;17.0;17.0;;18;1809;180903
2026;5;Viseu;Nelas;Nelas;Sódio;761.0;732.0;761.0;68110.0;18;1809;180903
2026;5;Viseu;Penalva do Castelo;Ínsua;Sódio;254.0;243.0;254.0;22682.0;18;1811;181105
2026;5;Viseu;Resende;Resende;Mercúrio;219.0;215.0;219.0;16210.0;18;1813;181311
2026;5;Viseu;Resende;Resende;Outros/Não definido;50.0;40.0;46.0;405.0;18;1813;181311
2026;5;Viseu;Santa Comba Dão;Ovoa e Vimieiro;LED;1116.0;1115.0;1116.0;45259.100006103516;18;1814;181410
2026;5;Viseu;Santa Comba Dão;Ovoa e Vimieiro;Sódio;125.0;115.0;125.0;8520.0;18;1814;181410
2026;5;Viseu;Santa Comba Dão;Santa Comba Dão e Couto do Mosteiro;Outros/Não definido;47.0;40.0;40.0;295.0;18;1814;181411
2026;5;Viseu;Santa Comba Dão;Santa Comba Dão e Couto do Mosteiro;Sódio;684.0;663.0;684.0;62320.0;18;1814;181411
2026;5;Viseu;São Pedro do Sul;São Pedro do Sul, Várzea e Baiões;Mercúrio;232.0;232.0;232.0;12065.0;18;1816;181623
2026;5;Viseu;Sátão;Sátão;Outros/Não definido;35.0;24.0;24.0;135.0;18;1817;181710
2026;5;Viseu;Lamego;Bigorne, Magueija e Pretarouca;Sódio;2.0;2.0;2.0;140.0;18;1805;180526
2026;5;Viseu;Lamego;Cepões, Meijinhos e Melcões;LED;705.0;703.0;705.0;22197.0;18;1805;180527
2026;5;Viseu;Lamego;Parada do Bispo e Valdigem;Outros/Não definido;4.0;4.0;4.0;;18;1805;180528
2026;5;Viseu;Mangualde;Alcafache;Mercúrio;15.0;15.0;15.0;750.0;18;1806;180602
2026;5;Viseu;Mangualde;Cunha Baixa;Outros/Não definido;23.0;21.0;21.0;;18;1806;180605
2026;5;Viseu;Mangualde;Cunha Baixa;Sódio;260.0;252.0;260.0;21340.0;18;1806;180605
2026;5;Viseu;Mangualde;Fornos de Maceira Dão;LED;985.0;984.0;984.0;31909.40000152588;18;1806;180607
2026;5;Viseu;Mangualde;Fornos de Maceira Dão;Mercúrio;1.0;1.0;1.0;50.0;18;1806;180607
2026;5;Viseu;Mangualde;Freixiosa;Sódio;61.0;61.0;61.0;4760.0;18;1806;180608
2026;5;Viseu;Mangualde;Quintela de Azurara;Mercúrio;10.0;10.0;10.0;755.0;18;1806;180614
2026;5;Viseu;Mangualde;Quintela de Azurara;Outros/Não definido;13.0;13.0;13.0;270.0;18;1806;180614
2026;5;Viseu;Mangualde;Mangualde, Mesquitela e Cunha Alta;Mercúrio;44.0;43.0;44.0;3515.0;18;1806;180619
2026;5;Viseu;Mangualde;Moimenta de Maceira Dão e Lobelhe do Mato;Mercúrio;7.0;7.0;7.0;350.0;18;1806;180620
2026;5;Viseu;Mangualde;Moimenta de Maceira Dão e Lobelhe do Mato;Outros/Não definido;2.0;2.0;2.0;45.0;18;1806;180620
2026;5;Viseu;Mangualde;Tavares (Chãs, Várzea e Travanca);LED;801.0;801.0;801.0;25658.0;18;1806;180622
2026;5;Viseu;Moimenta da Beira;Alvite;Outros/Não definido;77.0;77.0;77.0;315.0;18;1807;180702
2026;5;Viseu;Moimenta da Beira;Baldos;LED;151.0;151.0;151.0;5844.0;18;1807;180705
2026;5;Viseu;Moimenta da Beira;Cabaços;LED;278.0;278.0;278.0;11097.0;18;1807;180706
2026;5;Viseu;Moimenta da Beira;Caria;LED;531.0;531.0;531.0;21096.0;18;1807;180707
2026;5;Viseu;Moimenta da Beira;Leomil;Sódio;46.0;45.0;46.0;4340.0;18;1807;180709
2026;5;Viseu;Moimenta da Beira;Vila da Rua;Sódio;6.0;6.0;6.0;600.0;18;1807;180716
2026;5;Viseu;Moimenta da Beira;Sarzedo;Outros/Não definido;4.0;4.0;4.0;90.0;18;1807;180717
2026;5;Viseu;Moimenta da Beira;Sever;LED;343.0;343.0;343.0;14278.200065612793;18;1807;180719
2026;5;Viseu;Moimenta da Beira;Sever;Outros/Não definido;20.0;20.0;20.0;115.0;18;1807;180719
2026;5;Viseu;Moimenta da Beira;Vilar;LED;316.0;316.0;316.0;12831.0;18;1807;180720
2026;5;Viseu;Moimenta da Beira;Paradinha e Nagosa;Sódio;8.0;8.0;8.0;800.0;18;1807;180721
2026;5;Viseu;Moimenta da Beira;Pêra Velha, Aldeia de Nacomba e Ariz;Sódio;4.0;4.0;4.0;280.0;18;1807;180722
2026;5;Viseu;Moimenta da Beira;Peva e Segões;Outros/Não definido;4.0;4.0;4.0;;18;1807;180723
2026;5;Viseu;Nelas;Senhorim;LED;975.0;973.0;975.0;31004.0;18;1809;180905
2026;5;Viseu;Nelas;Senhorim;Outros/Não definido;11.0;10.0;10.0;;18;1809;180905
2026;5;Viseu;Nelas;Vilar Seco;Sódio;62.0;61.0;62.0;4350.0;18;1809;180906
2026;5;Viseu;Nelas;Carvalhal Redondo e Aguieira;Outros/Não definido;11.0;3.0;3.0;90.0;18;1809;180910
2026;5;Viseu;Nelas;Santar e Moreira;Sódio;318.0;316.0;318.0;24790.0;18;1809;180911
2026;5;Viseu;Penalva do Castelo;Esmolfe;Sódio;9.0;9.0;9.0;630.0;18;1811;181103
2026;5;Viseu;Penalva do Castelo;Pindo;LED;1425.0;1423.0;1425.0;48378.1999130249;18;1811;181109
2026;5;Viseu;Penalva do Castelo;Real;Mercúrio;1.0;1.0;1.0;50.0;18;1811;181110
2026;5;Viseu;Penalva do Castelo;Real;Sódio;1.0;1.0;1.0;70.0;18;1811;181110
2026;5;Viseu;Penalva do Castelo;Sezures;Iodeto Metálico;8.0;8.0;8.0;560.0;18;1811;181111
2026;5;Viseu;Penalva do Castelo;Sezures;Sódio;65.0;63.0;65.0;4530.0;18;1811;181111
2026;5;Viseu;Penalva do Castelo;Antas e Matela;Outros/Não definido;2.0;2.0;2.0;;18;1811;181114
2026;5;Viseu;Penalva do Castelo;Vila Cova do Covelo/Mareco;LED;366.0;366.0;366.0;12074.0;18;1811;181115
2026;5;Viseu;Penalva do Castelo;Vila Cova do Covelo/Mareco;Sódio;36.0;36.0;36.0;2670.0;18;1811;181115
2026;5;Viseu;Resende;Barrô;Fluorescente;8.0;4.0;8.0;200.0;18;1813;181302
2026;5;Viseu;Resende;Barrô;LED;632.0;629.0;632.0;17175.000003814697;18;1813;181302
2026;5;Viseu;Resende;Paus;Fluorescente;14.0;10.0;14.0;500.0;18;1813;181310
2026;5;Viseu;Resende;São Cipriano;LED;371.0;371.0;371.0;10049.699996948242;18;1813;181312
2026;5;Viseu;Resende;São Cipriano;Sódio;14.0;14.0;14.0;980.0;18;1813;181312
2026;5;Viseu;Resende;São João de Fontoura;Fluorescente;1.0;1.0;1.0;50.0;18;1813;181313
2026;5;Viseu;Resende;São João de Fontoura;Mercúrio;33.0;31.0;33.0;2380.0;18;1813;181313
2026;5;Viseu;Resende;Anreade e São Romão de Aregos;Outros/Não definido;7.0;6.0;6.0;;18;1813;181316
2026;5;Viseu;Resende;Felgueiras e Feirão;Outros/Não definido;10.0;10.0;10.0;90.0;18;1813;181317
2026;5;Viseu;Resende;Ovadas e Panchorra;Mercúrio;102.0;102.0;102.0;7620.0;18;1813;181319
2026;5;Viseu;Santa Comba Dão;São Joaninho;LED;653.0;649.0;653.0;22195.800003051758;18;1814;181405
2026;5;Viseu;Santa Comba Dão;São Joaninho;Outros/Não definido;4.0;4.0;4.0;135.0;18;1814;181405
2026;5;Viseu;Santa Comba Dão;São Joaninho;Sódio;92.0;86.0;92.0;7550.0;18;1814;181405
2026;5;Viseu;Carregal do Sal;Cabanas de Viriato;Sódio;7.0;7.0;9.0;420.0;18;1802;180202
2026;5;Viseu;Cinfães;Espadanedo;Mercúrio;24.0;24.0;24.0;1750.0;18;1804;180404
2026;5;Viseu;Cinfães;Espadanedo;Sódio;9.0;9.0;9.0;630.0;18;1804;180404
2026;5;Viseu;Cinfães;Fornelos;LED;523.0;528.0;528.0;16263.400001525879;18;1804;180406
2026;5;Viseu;Cinfães;Fornelos;Mercúrio;131.0;130.0;131.0;9550.0;18;1804;180406
2026;5;Viseu;Cinfães;Nespereira;Mercúrio;159.0;159.0;159.0;11600.0;18;1804;180409
2026;5;Viseu;Cinfães;Nespereira;Sódio;76.0;73.0;76.0;5528.0;18;1804;180409
2026;5;Viseu;Cinfães;Santiago de Piães;Mercúrio;32.0;28.0;32.0;2210.0;18;1804;180412
2026;5;Viseu;Cinfães;Santiago de Piães;Outros/Não definido;9.0;9.0;9.0;135.0;18;1804;180412
2026;5;Viseu;Cinfães;São Cristóvão de Nogueira;LED;853.0;853.0;853.0;29819.0;18;1804;180413
2026;5;Viseu;Cinfães;Tarouquela;Mercúrio;42.0;42.0;42.0;3000.0;18;1804;180415
2026;5;Viseu;Mortágua;Sobral;Outros/Não definido;5.0;5.0;5.0;180.0;18;1808;180808
2026;5;Viseu;Mortágua;Trezói;LED;358.0;358.0;358.0;10894.0;18;1808;180809
2026;5;Viseu;Mortágua;Mortágua, Vale de Remígio, Cortegaça e Almaça;Sódio;16.0;16.0;16.0;2290.0;18;1808;180811
2026;5;Viseu;Oliveira de Frades;Arcozelo das Maias;LED;1024.0;1022.0;1022.0;38078.59972381592;18;1810;181002
2026;5;Viseu;Oliveira de Frades;Arcozelo das Maias;Mercúrio;9.0;9.0;9.0;480.0;18;1810;181002
2026;5;Viseu;Oliveira de Frades;Pinheiro;LED;895.0;895.0;895.0;34361.5;18;1810;181005
2026;5;Viseu;Oliveira de Frades;Ribeiradio;Outros/Não definido;7.0;6.0;6.0;;18;1810;181007
2026;5;Viseu;Oliveira de Frades;São João da Serra;Mercúrio;5.0;5.0;5.0;250.0;18;1810;181008
2026;5;Viseu;Oliveira de Frades;São João da Serra;Outros/Não definido;7.0;7.0;7.0;;18;1810;181008
2026;5;Viseu;Oliveira de Frades;São Vicente de Lafões;Mercúrio;2.0;2.0;2.0;100.0;18;1810;181009
2026;5;Viseu;Oliveira de Frades;São Vicente de Lafões;Outros/Não definido;19.0;19.0;19.0;630.0;18;1810;181009
2026;5;Viseu;Oliveira de Frades;Arca e Varzielas;LED;631.0;631.0;631.0;25099.0;18;1810;181013
2026;5;Viseu;Oliveira de Frades;Arca e Varzielas;Sódio;14.0;14.0;14.0;980.0;18;1810;181013
2026;5;Viseu;Oliveira de Frades;Destriz e Reigoso;LED;531.0;531.0;531.0;20221.300003051758;18;1810;181014
2026;5;Viseu;Oliveira de Frades;Destriz e Reigoso;Outros/Não definido;24.0;18.0;18.0;315.0;18;1810;181014
2026;5;Viseu;Oliveira de Frades;Oliveira de Frades, Souto de Lafões e Sejães;Sódio;511.0;506.0;511.0;43750.0;18;1810;181015
2026;5;Viseu;Penedono;Beselga;LED;269.0;266.0;269.0;8542.400001525879;18;1812;181202
2026;5;Viseu;Penedono;Beselga;Mercúrio;16.0;16.0;16.0;800.0;18;1812;181202
2026;5;Viseu;Penedono;Castainço;LED;188.0;188.0;188.0;7050.0;18;1812;181203
2026;5;Viseu;Penedono;Castainço;Outros/Não definido;6.0;6.0;6.0;;18;1812;181203
2026;5;Viseu;Penedono;Castainço;Sódio;14.0;14.0;14.0;1010.0;18;1812;181203
2026;5;Viseu;Penedono;Penela da Beira;LED;382.0;377.0;382.0;13618.0;18;1812;181207
2026;5;Viseu;Penedono;Póvoa de Penela;Outros/Não definido;47.0;47.0;47.0;45.0;18;1812;181208
2026;5;Viseu;Penedono;Souto;LED;286.0;286.0;286.0;10360.0;18;1812;181209
2026;5;Viseu;Penedono;Antas e Ourozinho;Sódio;2.0;2.0;2.0;200.0;18;1812;181210
2026;5;Viseu;Penedono;Penedono e Granja;LED;1146.0;1120.0;1144.0;42330.799993515015;18;1812;181211
2026;5;Viseu;Penedono;Penedono e Granja;Sódio;55.0;55.0;55.0;4470.0;18;1812;181211
2026;5;Viseu;São João da Pesqueira;Ervedosa do Douro;LED;568.0;568.0;568.0;17288.600009918213;18;1815;181502
2026;5;Viseu;São João da Pesqueira;Ervedosa do Douro;Mercúrio;2.0;2.0;2.0;205.0;18;1815;181502
2026;5;Viseu;São João da Pesqueira;Nagozelo do Douro;LED;15.0;15.0;15.0;404.0;18;1815;181504
2026;5;Viseu;São João da Pesqueira;Nagozelo do Douro;Sódio;115.0;115.0;115.0;8560.0;18;1815;181504
2026;5;Viseu;São João da Pesqueira;Paredes da Beira;Outros/Não definido;14.0;14.0;14.0;180.0;18;1815;181505
2026;5;Viseu;São João da Pesqueira;Paredes da Beira;Sódio;1.0;1.0;1.0;70.0;18;1815;181505
2026;5;Viseu;São João da Pesqueira;Riodades;LED;447.0;442.0;442.0;28779.800453186035;18;1815;181507
2026;5;Viseu;São João da Pesqueira;Soutelo do Douro;Mercúrio;1.0;1.0;1.0;80.0;18;1815;181509
2026;5;Viseu;São João da Pesqueira;Vale de Figueira;Outros/Não definido;13.0;13.0;13.0;225.0;18;1815;181511
2026;5;Viseu;São João da Pesqueira;Valongo dos Azeites;LED;173.0;167.0;173.0;4014.0;18;1815;181512
2026;5;Viseu;São João da Pesqueira;Valongo dos Azeites;Mercúrio;2.0;2.0;2.0;160.0;18;1815;181512
2026;5;Viseu;São João da Pesqueira;São João da Pesqueira e Várzea de Trevões;LED;1295.0;1269.0;1295.0;51448.60005569458;18;1815;181515
2026;5;Viseu;São João da Pesqueira;Trevões e Espinhosa;Outros/Não definido;27.0;27.0;27.0;1035.0;18;1815;181516
2026;5;Viseu;São João da Pesqueira;Vilarouco e Pereiros;Outros/Não definido;179.0;179.0;179.0;;18;1815;181517
2026;5;Viseu;São João da Pesqueira;Vilarouco e Pereiros;Sódio;14.0;14.0;14.0;1700.0;18;1815;181517
2026;5;Viseu;São Pedro do Sul;Pindelo dos Milagres;LED;421.0;420.0;421.0;18361.900005340576;18;1816;181608
2026;5;Viseu;São Pedro do Sul;Pindelo dos Milagres;Sódio;23.0;23.0;23.0;2410.0;18;1816;181608
2026;5;Viseu;São Pedro do Sul;Pinho;Sódio;79.0;79.0;79.0;5510.0;18;1816;181609
2026;5;Viseu;São Pedro do Sul;São Félix;Sódio;49.0;49.0;49.0;3430.0;18;1816;181612
2026;5;Viseu;São Pedro do Sul;Serrazes;Sódio;151.0;151.0;151.0;10470.0;18;1816;181615
2026;5;Viseu;São Pedro do Sul;Sul;LED;1087.0;1087.0;1089.0;33793.5;18;1816;181616
2026;5;Viseu;São Pedro do Sul;Valadares;LED;704.0;704.0;704.0;23827.0;18;1816;181617
2026;5;Viseu;São Pedro do Sul;Vila Maior;Mercúrio;14.0;14.0;14.0;700.0;18;1816;181619
2026;5;Viseu;São Pedro do Sul;Carvalhais e Candal;Sódio;70.0;70.0;72.0;4910.0;18;1816;181620
2026;5;Viseu;São Pedro do Sul;Santa Cruz da Trapa e São Cristóvão de Lafões;LED;1062.0;1061.0;1062.0;35827.20000076294;18;1816;181621
2026;5;Viseu;São Pedro do Sul;Santa Cruz da Trapa e São Cristóvão de Lafões;Mercúrio;29.0;29.0;29.0;1750.0;18;1816;181621
2026;5;Viseu;São Pedro do Sul;São Martinho das Moitas e Covas do Rio;LED;670.0;670.0;670.0;26412.0;18;1816;181622
2026;5;Viseu;São Pedro do Sul;São Martinho das Moitas e Covas do Rio;Outros/Não definido;2.0;2.0;2.0;90.0;18;1816;181622
2026;5;Viseu;São Pedro do Sul;São Martinho das Moitas e Covas do Rio;Sódio;24.0;24.0;24.0;1680.0;18;1816;181622
2026;5;Viseu;Sátão;Rio de Moinhos;Outros/Não definido;2.0;2.0;2.0;45.0;18;1817;181707
2026;5;Viseu;Tabuaço;Tabuaço;LED;550.0;547.0;547.0;23304.80001449585;18;1819;181914
2026;5;Viseu;Tarouca;Tarouca e Dálvares;LED;1994.0;1972.0;1994.0;66715.80009460449;18;1820;182013
2026;5;Viseu;Viseu;Abraveses;Mercúrio;5.0;5.0;5.0;290.0;18;1823;182301
2026;5;Viseu;Viseu;Abraveses;Outros/Não definido;57.0;52.0;56.0;70.0;18;1823;182301
2026;5;Viseu;Viseu;Abraveses;Sódio;598.0;585.0;598.0;48710.0;18;1823;182301
2026;5;Viseu;Viseu;Rio de Loba;LED;2193.0;2155.0;2188.0;130888.20022201538;18;1823;182323
2026;5;Viseu;Viseu;Rio de Loba;Mercúrio;1.0;1.0;1.0;50.0;18;1823;182323
2026;5;Viseu;Viseu;Rio de Loba;Outros/Não definido;18.0;14.0;14.0;;18;1823;182323
2026;5;Viseu;Viseu;Fail e Vila Chã de Sá;LED;880.0;877.0;880.0;39475.80000305176;18;1823;182338
2026;5;Viseu;Viseu;Viseu;Fluorescente;16.0;16.0;16.0;800.0;18;1823;182341
2026;5;Viseu;Viseu;Viseu;Mercúrio;10.0;10.0;10.0;700.0;18;1823;182341
2026;5;Viseu;Vouzela;Fataunços e Figueiredo das Donas;Outros/Não definido;7.0;7.0;7.0;45.0;18;1824;182414
2026;5;Viseu;Vouzela;Vouzela e Paços de Vilharigues;LED;1295.0;1277.0;1295.0;24268.0;18;1824;182415
2026;5;Viseu;Tabuaço;Adorigo;LED;228.0;228.0;228.0;8391.0;18;1819;181901
2026;5;Viseu;Tabuaço;Granja do Tedo;Outros/Não definido;79.0;79.0;79.0;;18;1819;181906
2026;5;Viseu;Tabuaço;Longa;LED;142.0;142.0;142.0;8371.0;18;1819;181908
2026;5;Viseu;Tabuaço;Longa;Mercúrio;31.0;31.0;31.0;2480.0;18;1819;181908
2026;5;Viseu;Tabuaço;Longa;Sódio;15.0;15.0;15.0;1410.0;18;1819;181908
2026;5;Viseu;Tabuaço;Sendim;LED;504.0;504.0;504.0;25483.400062561035;18;1819;181913
2026;5;Viseu;Tabuaço;Valença do Douro;Outros/Não definido;1.0;1.0;1.0;45.0;18;1819;181917
2026;5;Viseu;Tabuaço;Pinheiros e Vale de Figueira;Sódio;8.0;8.0;8.0;620.0;18;1819;181920
2026;5;Viseu;Tabuaço;Távora e Pereiro;Sódio;8.0;8.0;8.0;560.0;18;1819;181921
2026;5;Viseu;Tarouca;Mondim da Beira;Outros/Não definido;1.0;1.0;1.0;45.0;18;1820;182004
2026;5;Viseu;Tarouca;Mondim da Beira;Sódio;1.0;1.0;1.0;150.0;18;1820;182004
2026;5;Viseu;Tarouca;Salzedas;LED;414.0;414.0;414.0;14960.40013885498;18;1820;182005
2026;5;Viseu;Tarouca;Salzedas;Outros/Não definido;3.0;3.0;3.0;45.0;18;1820;182005
2026;5;Viseu;Tarouca;São João de Tarouca;Outros/Não definido;3.0;3.0;3.0;135.0;18;1820;182006
2026;5;Viseu;Tarouca;São João de Tarouca;Sódio;2.0;2.0;2.0;200.0;18;1820;182006
2026;5;Viseu;Tarouca;Várzea da Serra;LED;304.0;304.0;304.0;10086.0;18;1820;182009
2026;5;Viseu;Tarouca;Gouviães e Ucanha;Mercúrio;2.0;2.0;2.0;160.0;18;1820;182011
2026;5;Viseu;Tarouca;Gouviães e Ucanha;Outros/Não definido;13.0;13.0;13.0;90.0;18;1820;182011
2026;5;Viseu;Tarouca;Gouviães e Ucanha;Sódio;66.0;66.0;66.0;4830.0;18;1820;182011
2026;5;Viseu;Tarouca;Granja Nova e Vila Chã da Beira;Outros/Não definido;12.0;12.0;12.0;495.0;18;1820;182012
2026;5;Viseu;Tarouca;Granja Nova e Vila Chã da Beira;Sódio;117.0;115.0;117.0;8630.0;18;1820;182012
2026;5;Viseu;Tondela;Dardavaz;Mercúrio;3.0;3.0;3.0;150.0;18;1821;182106
2026;5;Viseu;Tondela;Dardavaz;Outros/Não definido;24.0;23.0;23.0;;18;1821;182106
2026;5;Viseu;Tondela;Ferreirós do Dão;LED;212.0;205.0;212.0;11653.100090026855;18;1821;182107
2026;5;Viseu;Tondela;Ferreirós do Dão;Outros/Não definido;2.0;2.0;2.0;;18;1821;182107
2026;5;Viseu;Tondela;Lajeosa do Dão;Outros/Não definido;11.0;9.0;11.0;350.0;18;1821;182109
2026;5;Viseu;Tondela;Lobão da Beira;Mercúrio;25.0;25.0;25.0;1250.0;18;1821;182110
2026;5;Viseu;Tondela;Parada de Gonta;LED;362.0;362.0;362.0;12514.499946594238;18;1821;182116
2026;5;Viseu;Tondela;Parada de Gonta;Outros/Não definido;3.0;3.0;3.0;45.0;18;1821;182116
2026;5;Viseu;Tondela;Parada de Gonta;Sódio;9.0;7.0;9.0;520.0;18;1821;182116
2026;5;Viseu;Tondela;Santiago de Besteiros;LED;866.0;859.0;866.0;32863.29999542236;18;1821;182118
2026;5;Viseu;Tondela;Tonda;LED;527.0;525.0;527.0;19154.0;18;1821;182122
2026;5;Viseu;Tondela;Tonda;Sódio;66.0;66.0;66.0;4780.0;18;1821;182122
2026;5;Viseu;Tondela;Barreiro de Besteiros e Tourigo;Outros/Não definido;5.0;5.0;5.0;90.0;18;1821;182127
2026;5;Viseu;Tondela;Caparrosa e Silvares;Mercúrio;26.0;26.0;26.0;1360.0;18;1821;182128
2026;5;Viseu;Tondela;Mouraz e Vila Nova da Rainha;LED;1109.0;1102.0;1109.0;45605.799922943115;18;1821;182129
2026;5;Viseu;Tondela;Mouraz e Vila Nova da Rainha;Mercúrio;56.0;56.0;56.0;2850.0;18;1821;182129
2026;5;Viseu;Tondela;São João do Monte e Mosteirinho;Sódio;32.0;32.0;32.0;2200.0;18;1821;182130
2026;5;Viseu;Tondela;São Miguel do Outeiro e Sabugosa;Outros/Não definido;6.0;5.0;5.0;39.0;18;1821;182131
2026;5;Viseu;Tondela;São Miguel do Outeiro e Sabugosa;Sódio;22.0;20.0;22.0;1220.0;18;1821;182131
2026;5;Viseu;Tondela;Vilar de Besteiros e Mosteiro de Fráguas;Mercúrio;4.0;4.0;4.0;200.0;18;1821;182133
2026;5;Viseu;Tondela;Vilar de Besteiros e Mosteiro de Fráguas;Outros/Não definido;6.0;4.0;4.0;45.0;18;1821;182133
2026;5;Viseu;Viseu;Bodiosa;Fluorescente;8.0;5.0;10.0;600.0;18;1823;182304
2026;5;Viseu;Viseu;Campo;Sódio;261.0;255.0;260.0;21760.0;18;1823;182306
2026;5;Viseu;Viseu;Cavernães;Mercúrio;93.0;93.0;93.0;4650.0;18;1823;182307
2026;5;Viseu;Viseu;Cavernães;Outros/Não definido;17.0;17.0;17.0;150.0;18;1823;182307
2026;5;Viseu;Viseu;Cota;LED;986.0;984.0;986.0;30994.70001602173;18;1823;182310
2026;5;Viseu;Viseu;Cota;Mercúrio;2.0;2.0;2.0;100.0;18;1823;182310
2026;5;Viseu;Viseu;Mundão;Fluorescente;1.0;1.0;1.0;50.0;18;1823;182318
2026;5;Viseu;Viseu;Mundão;Outros/Não definido;30.0;29.0;29.0;2746.0;18;1823;182318
2026;5;Viseu;Viseu;Orgens;LED;1293.0;1280.0;1287.0;63592.30004310608;18;1823;182319
2026;5;Viseu;Viseu;Orgens;Sódio;106.0;104.0;106.0;14989.0;18;1823;182319
2026;5;Viseu;Viseu;Povolide;Mercúrio;10.0;10.0;10.0;500.0;18;1823;182320
2026;5;Viseu;Viseu;Ranhados;LED;1677.0;1468.0;1682.0;112428.00020217896;18;1823;182321
2026;5;Viseu;Viseu;Ranhados;Mercúrio;3.0;3.0;3.0;150.0;18;1823;182321
2026;5;Viseu;Viseu;Ranhados;Outros/Não definido;16.0;16.0;16.0;45.0;18;1823;182321
2026;5;Viseu;Viseu;Ribafeita;LED;757.0;747.0;747.0;24936.29995727539;18;1823;182322
2026;5;Viseu;Viseu;Santos Evos;LED;933.0;929.0;929.0;32372.0;18;1823;182325
2026;5;Viseu;Viseu;Santos Evos;Sódio;15.0;15.0;15.0;1370.0;18;1823;182325
2026;5;Viseu;Viseu;São João de Lourosa;Mercúrio;26.0;26.0;26.0;2125.0;18;1823;182327
2026;5;Viseu;Viseu;São João de Lourosa;Outros/Não definido;69.0;34.0;34.0;45.0;18;1823;182327
2026;5;Viseu;Viseu;São Pedro de France;LED;822.0;822.0;822.0;26995.60004425049;18;1823;182329
2026;5;Viseu;Viseu;Barreiros e Cepões;Outros/Não definido;12.0;12.0;12.0;40.0;18;1823;182335
2026;5;Viseu;Viseu;Barreiros e Cepões;Sódio;133.0;133.0;133.0;9530.0;18;1823;182335
2026;5;Viseu;Viseu;Boa Aldeia, Farminhão e Torredeita;LED;1483.0;1479.0;1483.0;47055.69999694824;18;1823;182336
2026;5;Viseu;Viseu;Coutos de Viseu;LED;1162.0;1157.0;1162.0;39734.40000152588;18;1823;182337
2026;5;Viseu;Viseu;Repeses e São Salvador;Mercúrio;1.0;1.0;1.0;50.0;18;1823;182339
2026;5;Viseu;Viseu;Repeses e São Salvador;Outros/Não definido;21.0;14.0;14.0;;18;1823;182339
2026;5;Viseu;Viseu;São Cipriano e Vil de Souto;LED;1244.0;1229.0;1240.0;42197.10001373291;18;1823;182340
2026;5;Viseu;Viseu;São Cipriano e Vil de Souto;Outros/Não definido;21.0;19.0;21.0;135.0;18;1823;182340
2026;5;Viseu;Vouzela;Fornelo do Monte;LED;299.0;299.0;299.0;6958.0;18;1824;182407
2026;5;Viseu;Vouzela;Queirã;LED;1030.0;1030.0;1030.0;19251.0;18;1824;182409
2026;5;Viseu;Vouzela;Queirã;Outros/Não definido;29.0;21.0;21.0;90.0;18;1824;182409
2026;5;Viseu;Vouzela;São Miguel do Mato;LED;797.0;797.0;797.0;16492.0;18;1824;182410
2026;5;Viseu;Vouzela;Cambra e Carvalhal de Vermilhas;LED;1273.0;1273.0;1273.0;28467.0;18;1824;182413
2026;5;Viseu;Sernancelhe;Vila da Ponte;LED;349.0;349.0;349.0;12425.800010681152;18;1818;181817
2026;5;Viseu;Sernancelhe;Ferreirim  e Macieira;LED;544.0;544.0;544.0;19768.40000152588;18;1818;181818
2026;5;Viseu;Sernancelhe;Penso e Freixinho;LED;428.0;428.0;428.0;14933.600006103516;18;1818;181820
2026;5;Viseu;Sernancelhe;Penso e Freixinho;Outros/Não definido;3.0;3.0;3.0;;18;1818;181820
2026;5;Viseu;Vila Nova de Paiva;Pendilhe;Sódio;45.0;42.0;45.0;4880.0;18;1822;182203
2026;5;Viseu;Vila Nova de Paiva;Queiriga;Mercúrio;8.0;7.0;8.0;350.0;18;1822;182204
2026;5;Viseu;Vila Nova de Paiva;Queiriga;Sódio;8.0;8.0;8.0;800.0;18;1822;182204
2026;5;Viseu;Vila Nova de Paiva;Touro;LED;886.0;886.0;886.0;28865.0;18;1822;182205
2026;5;Viseu;Vila Nova de Paiva;Vila Cova à Coelheira;LED;819.0;817.0;819.0;23087.0;18;1822;182206
2026;5;Viseu;Vila Nova de Paiva;Vila Cova à Coelheira;Outros/Não definido;15.0;15.0;15.0;405.0;18;1822;182206
2026;5;Viseu;Vila Nova de Paiva;Vila Nova de Paiva, Alhais e Fráguas;Outros/Não definido;16.0;16.0;16.0;45.0;18;1822;182208
2026;5;Aveiro;Águeda;Aguada de Cima;LED;1765.0;1759.0;1829.0;65604.20021820068;01;0101;010103
2026;5;Aveiro;Águeda;Fermentelos;Outros/Não definido;53.0;53.0;53.0;;01;0101;010109
2026;5;Aveiro;Águeda;Fermentelos;Sódio;41.0;41.0;41.0;3190.0;01;0101;010109
2026;5;Aveiro;Águeda;Macinhata do Vouga;LED;1606.0;1606.0;1606.0;61327.20004272461;01;0101;010112
2026;5;Aveiro;Águeda;Macinhata do Vouga;Mercúrio;1.0;1.0;1.0;50.0;01;0101;010112
2026;5;Aveiro;Águeda;Belazaima do Chão, Castanheira do Vouga e Agadão;Outros/Não definido;34.0;34.0;34.0;100.0;01;0101;010123
2026;5;Aveiro;Águeda;Travassô e Óis da Ribeira;LED;977.0;971.0;977.0;38871.600006103516;01;0101;010125
2026;5;Aveiro;Águeda;Travassô e Óis da Ribeira;Sódio;279.0;237.0;279.0;25640.0;01;0101;010125
2026;5;Aveiro;Águeda;Trofa, Segadães e Lamas do Vouga;LED;1737.0;1721.0;1737.0;65555.8006477356;01;0101;010126
2026;5;Aveiro;Águeda;Trofa, Segadães e Lamas do Vouga;Sódio;105.0;93.0;105.0;10440.0;01;0101;010126
2026;5;Aveiro;Águeda;Préstimo e Macieira de Alcoba;Mercúrio;4.0;4.0;4.0;230.0;01;0101;010127
2026;5;Aveiro;Albergaria-a-Velha;Alquerubim;Fluorescente;9.0;9.0;9.0;900.0;01;0102;010202
2026;5;Aveiro;Albergaria-a-Velha;Branca;Outros/Não definido;31.0;31.0;31.0;115.0;01;0102;010204
2026;5;Aveiro;Albergaria-a-Velha;Albergaria-a-Velha e Valmaior;Fluorescente;10.0;10.0;10.0;500.0;01;0102;010209
2026;5;Aveiro;Albergaria-a-Velha;Albergaria-a-Velha e Valmaior;LED;3763.0;3651.0;3779.0;160839.30041503906;01;0102;010209
2026;5;Aveiro;Albergaria-a-Velha;Albergaria-a-Velha e Valmaior;Sódio;146.0;132.0;146.0;13950.0;01;0102;010209
2026;5;Aveiro;Anadia;Avelãs de Cima;Sódio;3.0;3.0;3.0;270.0;01;0103;010305
2026;5;Aveiro;Anadia;São Lourenço do Bairro;LED;999.0;987.0;999.0;43013.50014877319;01;0103;010310
2026;5;Aveiro;Anadia;São Lourenço do Bairro;Outros/Não definido;9.0;9.0;9.0;;01;0103;010310
2026;5;Aveiro;Anadia;Arcos e Mogofores;Outros/Não definido;111.0;108.0;119.0;154.4000015258789;01;0103;010317
2026;5;Aveiro;Anadia;Tamengos, Aguim e Óis do Bairro;LED;1923.0;1718.0;1935.0;76485.40007781982;01;0103;010318
2026;5;Aveiro;Anadia;Tamengos, Aguim e Óis do Bairro;Mercúrio;11.0;5.0;11.0;400.0;01;0103;010318
2026;5;Aveiro;Arouca;Arouca e Burgo;Mercúrio;1.0;1.0;1.0;50.0;01;0104;010421
2026;5;Aveiro;Arouca;Arouca e Burgo;Sódio;153.0;150.0;153.0;18210.0;01;0104;010421
2026;5;Aveiro;Aveiro;Santa Joana;LED;1472.0;1443.0;1472.0;66140.80004119873;01;0105;010513
2026;5;Aveiro;Aveiro;Santa Joana;Sódio;149.0;145.0;148.0;16470.0;01;0105;010513
2026;5;Aveiro;Aveiro;Eixo e Eirol;Outros/Não definido;63.0;36.0;63.0;;01;0105;010515
2026;5;Aveiro;Aveiro;Requeixo, Nossa Senhora de Fátima e Nariz;LED;1938.0;1938.0;1940.0;85538.00003051758;01;0105;010516
2026;5;Aveiro;Aveiro;Requeixo, Nossa Senhora de Fátima e Nariz;Sódio;28.0;28.0;28.0;2300.0;01;0105;010516
2026;5;Aveiro;Aveiro;Glória e Vera Cruz;Iodeto Metálico;75.0;44.0;75.0;2200.0;01;0105;010517
2026;5;Aveiro;Estarreja;Avanca;Sódio;205.0;176.0;205.0;13730.0;01;0108;010801
2026;5;Aveiro;Santa Maria da Feira;Argoncilhe;Outros/Não definido;201.0;182.0;201.0;8660.0;01;0109;010901
2026;5;Aveiro;Santa Maria da Feira;Argoncilhe;Sódio;490.0;465.0;490.0;39010.0;01;0109;010901
2026;5;Aveiro;Santa Maria da Feira;Arrifana;Outros/Não definido;14.0;14.0;14.0;520.0;01;0109;010902
2026;5;Aveiro;Santa Maria da Feira;Fornos;LED;553.0;535.0;553.0;23322.90000152588;01;0109;010908
2026;5;Aveiro;Santa Maria da Feira;Mozelos;Outros/Não definido;48.0;45.0;48.0;624.0;01;0109;010916
2026;5;Aveiro;Santa Maria da Feira;São Paio de Oleiros;LED;629.0;608.0;629.0;25273.800006866455;01;0109;010918
2026;5;Aveiro;Santa Maria da Feira;Rio Meão;Outros/Não definido;134.0;132.0;134.0;280.0;01;0109;010921
2026;5;Aveiro;Santa Maria da Feira;Romariz;Outros/Não definido;11.0;11.0;11.0;120.0;01;0109;010922
2026;5;Aveiro;Santa Maria da Feira;Romariz;Sódio;250.0;248.0;250.0;19470.0;01;0109;010922
2026;5;Aveiro;Santa Maria da Feira;Santa Maria de Lamas;LED;751.0;742.0;751.0;30421.0;01;0109;010925
2026;5;Aveiro;Santa Maria da Feira;São João de Ver;Sódio;363.0;349.0;363.0;27720.0;01;0109;010926
2026;5;Aveiro;Santa Maria da Feira;Caldas de São Jorge e de Pigeiros;Outros/Não definido;26.0;26.0;26.0;;01;0109;010932
2026;5;Aveiro;Santa Maria da Feira;Santa Maria da Feira, Travanca, Sanfins e Espargo;Fluorescente;3.0;3.0;3.0;150.0;01;0109;010935
2026;5;Aveiro;Santa Maria da Feira;Santa Maria da Feira, Travanca, Sanfins e Espargo;Sódio;1573.0;1480.0;1579.0;154620.0;01;0109;010935
2026;5;Aveiro;Santa Maria da Feira;São Miguel de Souto e Mosteirô;LED;1652.0;1634.0;1652.0;67811.5;01;0109;010936
2026;5;Aveiro;Santa Maria da Feira;São Miguel de Souto e Mosteirô;Outros/Não definido;25.0;25.0;25.0;255.0;01;0109;010936
2026;5;Aveiro;Ílhavo;Gafanha da Encarnação;LED;1610.0;1577.0;1610.0;56376.19994354248;01;0110;011005
2026;5;Aveiro;Ílhavo;Gafanha do Carmo;Sódio;22.0;22.0;22.0;1900.0;01;0110;011007
2026;5;Aveiro;Ílhavo;Ílhavo (São Salvador);LED;4257.0;3996.0;4283.0;185480.4997215271;01;0110;011008
2026;5;Aveiro;Ílhavo;Ílhavo (São Salvador);Outros/Não definido;623.0;589.0;649.0;4704.0;01;0110;011008
2026;5;Aveiro;Murtosa;Bunheiro;Mercúrio;2.0;2.0;2.0;130.0;01;0112;011201
2026;5;Aveiro;Murtosa;Bunheiro;Outros/Não definido;8.0;8.0;8.0;250.0;01;0112;011201
2026;5;Aveiro;Murtosa;Bunheiro;Sódio;144.0;144.0;144.0;19720.0;01;0112;011201
2026;5;Aveiro;Oliveira de Azeméis;Carregosa;LED;1183.0;1155.0;1182.0;42145.80000305176;01;0113;011301
2026;5;Aveiro;Oliveira de Azeméis;Carregosa;Outros/Não definido;78.0;74.0;78.0;;01;0113;011301
2026;5;Aveiro;Oliveira de Azeméis;Carregosa;Sódio;19.0;18.0;19.0;1290.0;01;0113;011301
2026;5;Aveiro;Oliveira de Azeméis;Cesar;Mercúrio;30.0;30.0;30.0;2445.0;01;0113;011302
2026;5;Aveiro;Oliveira de Azeméis;Fajões;Outros/Não definido;28.0;28.0;28.0;45.0;01;0113;011303
2026;5;Aveiro;Oliveira de Azeméis;Fajões;Sódio;186.0;150.0;186.0;10740.0;01;0113;011303
2026;5;Aveiro;Oliveira de Azeméis;São Roque;LED;1218.0;1197.0;1218.0;54939.600284576416;01;0113;011318
2026;5;Aveiro;Oliveira de Azeméis;São Roque;Sódio;95.0;95.0;95.0;8630.0;01;0113;011318
2026;5;Aveiro;Oliveira de Azeméis;Vila de Cucujães;Outros/Não definido;76.0;68.0;76.0;;01;0113;011319
2026;5;Aveiro;Oliveira de Azeméis;Vila de Cucujães;Sódio;329.0;320.0;329.0;29410.0;01;0113;011319
2026;5;Aveiro;Oliveira de Azeméis;Nogueira do Cravo e Pindelo;LED;1512.0;1504.0;1512.0;73730.7001914978;01;0113;011320
2026;5;Aveiro;Oliveira de Azeméis;O. Azeméis, Riba-Ul, Ul, Macinhata da Seixa, Madail;LED;4872.0;4720.0;4872.0;261758.10021591187;01;0113;011321
2026;5;Aveiro;Oliveira de Azeméis;Pinheiro da Bemposta, Travanca e Palmaz;Mercúrio;23.0;21.0;23.0;1725.0;01;0113;011322
2026;5;Aveiro;Ovar;Cortegaça;Sódio;71.0;43.0;71.0;4950.0;01;0115;011502
2026;5;Aveiro;Ovar;Válega;LED;2201.0;2196.0;2201.0;94293.7001876831;01;0115;011507
2026;5;Aveiro;Sever do Vouga;Sever do Vouga;LED;1372.0;1369.0;1372.0;64983.70030212402;01;0117;011706
2026;5;Aveiro;Sever do Vouga;Talhadas;LED;1098.0;1095.0;1098.0;44529.00019073486;01;0117;011708
2026;5;Aveiro;Albergaria-a-Velha;São João de Loure e Frossos;Fluorescente;10.0;10.0;10.0;500.0;01;0102;010210
2026;5;Aveiro;Albergaria-a-Velha;São João de Loure e Frossos;LED;1176.0;1168.0;1176.0;50207.600105285645;01;0102;010210
2026;5;Aveiro;Anadia;Avelãs de Caminho;LED;516.0;514.0;516.0;23553.900016784668;01;0103;010304
2026;5;Aveiro;Anadia;Avelãs de Caminho;Mercúrio;2.0;2.0;2.0;100.0;01;0103;010304
2026;5;Aveiro;Anadia;Avelãs de Caminho;Outros/Não definido;9.0;9.0;9.0;;01;0103;010304
2026;5;Aveiro;Anadia;Moita;LED;1172.0;1162.0;1172.0;54964.00004577637;01;0103;010307
2026;5;Aveiro;Anadia;Moita;Mercúrio;10.0;10.0;10.0;590.0;01;0103;010307
2026;5;Aveiro;Anadia;Sangalhos;LED;1732.0;1690.0;1729.0;71173.50018310547;01;0103;010309
2026;5;Aveiro;Anadia;Vila Nova de Monsarros;Outros/Não definido;25.0;25.0;25.0;;01;0103;010312
2026;5;Aveiro;Anadia;Vilarinho do Bairro;LED;1717.0;1602.0;1716.0;62465.20000457764;01;0103;010313
2026;5;Aveiro;Anadia;Vilarinho do Bairro;Mercúrio;9.0;9.0;9.0;675.0;01;0103;010313
2026;5;Aveiro;Anadia;Vilarinho do Bairro;Outros/Não definido;21.0;18.0;21.0;;01;0103;010313
2026;5;Aveiro;Anadia;Vilarinho do Bairro;Sódio;66.0;65.0;66.0;5980.0;01;0103;010313
2026;5;Aveiro;Anadia;Amoreira da Gândara, Paredes do Bairro e Ancas;Outros/Não definido;53.0;51.0;53.0;;01;0103;010316
2026;5;Aveiro;Arouca;Escariz;Outros/Não definido;78.0;62.0;78.0;;01;0104;010409
2026;5;Aveiro;Arouca;Escariz;Sódio;272.0;264.0;272.0;31810.0;01;0104;010409
2026;5;Aveiro;Arouca;Fermedo;LED;625.0;619.0;625.0;22871.600009918213;01;0104;010411
2026;5;Aveiro;Arouca;Fermedo;Mercúrio;7.0;7.0;7.0;560.0;01;0104;010411
2026;5;Aveiro;Arouca;Moldes;Indução;1.0;1.0;1.0;50.0;01;0104;010414
2026;5;Aveiro;Arouca;Moldes;Outros/Não definido;9.0;9.0;9.0;;01;0104;010414
2026;5;Aveiro;Arouca;Rossas;Sódio;231.0;231.0;231.0;17090.0;01;0104;010415
2026;5;Aveiro;Arouca;Santa Eulália;Outros/Não definido;2.0;2.0;2.0;;01;0104;010416
2026;5;Aveiro;Arouca;São Miguel do Mato;Sódio;68.0;59.0;68.0;5230.0;01;0104;010417
2026;5;Aveiro;Arouca;Tropeço;LED;631.0;631.0;631.0;25932.0;01;0104;010418
2026;5;Aveiro;Arouca;Tropeço;Sódio;12.0;12.0;12.0;840.0;01;0104;010418
2026;5;Aveiro;Arouca;Canelas e Espiunca;Outros/Não definido;1.0;1.0;1.0;;01;0104;010423
2026;5;Aveiro;Aveiro;Aradas;Mercúrio;1.0;1.0;1.0;50.0;01;0105;010501
2026;5;Aveiro;Aveiro;Aradas;Outros/Não definido;155.0;126.0;155.0;;01;0105;010501
2026;5;Aveiro;Aveiro;Cacia;LED;1766.0;1760.0;1766.0;81597.80010986328;01;0105;010502
2026;5;Aveiro;Aveiro;Cacia;Mercúrio;1.0;1.0;1.0;80.0;01;0105;010502
2026;5;Aveiro;Aveiro;Cacia;Outros/Não definido;19.0;18.0;19.0;;01;0105;010502
2026;5;Aveiro;Aveiro;Cacia;Sódio;40.0;38.0;40.0;3690.0;01;0105;010502
2026;5;Aveiro;Aveiro;São Bernardo;Outros/Não definido;27.0;27.0;27.0;;01;0105;010510
2026;5;Aveiro;Aveiro;São Bernardo;Sódio;96.0;86.0;96.0;7890.0;01;0105;010510
2026;5;Aveiro;Aveiro;São Jacinto;Outros/Não definido;10.0;10.0;10.0;;01;0105;010511
2026;5;Aveiro;Espinho;Anta e Guetim;LED;2476.0;2426.0;2476.0;115166.30002593994;01;0107;010706
2026;5;Aveiro;Espinho;Anta e Guetim;Outros/Não definido;149.0;149.0;149.0;900.0;01;0107;010706
2026;5;Aveiro;Espinho;Anta e Guetim;Sódio;119.0;119.0;119.0;14650.0;01;0107;010706
2026;5;Aveiro;Estarreja;Pardilhó;Outros/Não definido;12.0;12.0;12.0;250.0;01;0108;010805
2026;5;Aveiro;Estarreja;Salreu;Sódio;4.0;4.0;4.0;280.0;01;0108;010806
2026;5;Aveiro;Estarreja;Canelas e Fermelã;LED;1245.0;1237.0;1245.0;57679.00026702881;01;0108;010809
2026;5;Aveiro;Santa Maria da Feira;Escapães;LED;956.0;935.0;956.0;39109.400188446045;01;0109;010904
2026;5;Aveiro;Santa Maria da Feira;Escapães;Outros/Não definido;20.0;20.0;20.0;;01;0109;010904
2026;5;Aveiro;Santa Maria da Feira;Fiães;LED;1291.0;1277.0;1291.0;54217.700008392334;01;0109;010907
2026;5;Aveiro;Santa Maria da Feira;Nogueira da Regedoura;Fluorescente;1.0;1.0;1.0;50.0;01;0109;010917
2026;5;Aveiro;Santa Maria da Feira;Sanguedo;Sódio;240.0;240.0;240.0;18340.0;01;0109;010924
2026;5;Aveiro;Ílhavo;Gafanha da Nazaré;Iodeto Metálico;4.0;2.0;4.0;300.0;01;0110;011006
2026;5;Aveiro;Ílhavo;Gafanha da Nazaré;LED;3115.0;2947.0;3115.0;109868.19966125488;01;0110;011006
2026;5;Aveiro;Ílhavo;Gafanha da Nazaré;Mercúrio;11.0;11.0;11.0;550.0;01;0110;011006
2026;5;Aveiro;Ílhavo;Gafanha da Nazaré;Sódio;226.0;217.0;226.0;26320.0;01;0110;011006
2026;5;Aveiro;Murtosa;Monte;Outros/Não definido;9.0;9.0;9.0;270.0;01;0112;011202
2026;5;Aveiro;Murtosa;Murtosa;LED;1529.0;1482.0;1531.0;68285.10001373291;01;0112;011203
2026;5;Aveiro;Murtosa;Torreira;LED;2108.0;1974.0;2122.0;103008.80032348633;01;0112;011204
2026;5;Aveiro;Oliveira de Azeméis;Macieira de Sarnes;LED;508.0;503.0;508.0;23809.20000076294;01;0113;011305
2026;5;Aveiro;Oliveira de Azeméis;Macieira de Sarnes;Outros/Não definido;1.0;1.0;1.0;;01;0113;011305
2026;5;Aveiro;Oliveira de Azeméis;Macieira de Sarnes;Sódio;23.0;23.0;23.0;2300.0;01;0113;011305
2026;5;Aveiro;Oliveira de Azeméis;Ossela;LED;1014.0;1011.0;1014.0;45321.800048828125;01;0113;011310
2026;5;Aveiro;Oliveira do Bairro;Oliveira do Bairro;Outros/Não definido;198.0;189.0;210.0;;01;0114;011404
2026;5;Aveiro;Oliveira do Bairro;Bustos, Troviscal e Mamarrosa;Mercúrio;24.0;24.0;24.0;1470.0;01;0114;011407
2026;5;Aveiro;Ovar;Ovar, S. João, Arada e S. Vicente de Pereira Jusã;Mercúrio;6.0;6.0;6.0;480.0;01;0115;011509
2026;5;Aveiro;Ovar;Ovar, S. João, Arada e S. Vicente de Pereira Jusã;Outros/Não definido;608.0;607.0;608.0;4376.0;01;0115;011509
2026;5;Aveiro;Ovar;Ovar, S. João, Arada e S. Vicente de Pereira Jusã;Sódio;633.0;604.0;639.0;57970.0;01;0115;011509
2026;5;Aveiro;Sever do Vouga;Couto de Esteves;Outros/Não definido;16.0;16.0;16.0;62.0;01;0117;011702
2026;5;Aveiro;Sever do Vouga;Pessegueiro do Vouga;Sódio;9.0;9.0;9.0;630.0;01;0117;011704
2026;5;Aveiro;Sever do Vouga;Cedrim e Paradela;Outros/Não definido;74.0;75.0;75.0;121.0;01;0117;011710
2026;5;Aveiro;Vagos;Calvão;LED;825.0;825.0;825.0;24489.199829101562;01;0118;011801
2026;5;Aveiro;Vagos;Calvão;Outros/Não definido;112.0;112.0;112.0;133.5;01;0118;011801
2026;5;Aveiro;Vagos;Gafanha da Boa Hora;LED;1534.0;1445.0;1554.0;80275.59941864014;01;0118;011804
2026;5;Aveiro;Vagos;Gafanha da Boa Hora;Sódio;127.0;116.0;127.0;10280.0;01;0118;011804
2026;5;Aveiro;Castelo de Paiva;Fornos;Fluorescente;12.0;12.0;12.0;600.0;01;0106;010602
2026;5;Aveiro;Castelo de Paiva;Fornos;Mercúrio;3.0;3.0;3.0;240.0;01;0106;010602
2026;5;Aveiro;Castelo de Paiva;Fornos;Sódio;171.0;167.0;171.0;12570.0;01;0106;010602
2026;5;Aveiro;Castelo de Paiva;Real;Iodeto Metálico;6.0;6.0;6.0;600.0;01;0106;010606
2026;5;Aveiro;Castelo de Paiva;Santa Maria de Sardoura;Mercúrio;16.0;16.0;16.0;1280.0;01;0106;010607
2026;5;Aveiro;Castelo de Paiva;Santa Maria de Sardoura;Sódio;213.0;213.0;213.0;19260.0;01;0106;010607
2026;5;Aveiro;Castelo de Paiva;São Martinho de Sardoura;LED;705.0;701.0;705.0;23148.5;01;0106;010608
2026;5;Aveiro;Castelo de Paiva;Raiva, Pedorido e Paraíso;LED;2248.0;2246.0;2248.0;79981.50001335144;01;0106;010610
2026;5;Aveiro;Castelo de Paiva;Raiva, Pedorido e Paraíso;Sódio;556.0;539.0;556.0;44680.0;01;0106;010610
2026;5;Aveiro;Castelo de Paiva;Sobrado e Bairros;Fluorescente;20.0;20.0;20.0;1000.0;01;0106;010611
2026;5;Aveiro;Mealhada;Barcouço;LED;727.0;725.0;727.0;22056.80004119873;01;0111;011102
2026;5;Aveiro;Mealhada;Casal Comba;LED;1251.0;1243.0;1251.0;53238.40005493164;01;0111;011103
2026;5;Aveiro;Mealhada;Casal Comba;Outros/Não definido;11.0;11.0;11.0;180.0;01;0111;011103
2026;5;Aveiro;Mealhada;Luso;LED;939.0;933.0;939.0;33321.70002365112;01;0111;011104
2026;5;Aveiro;Mealhada;Luso;Mercúrio;43.0;41.0;43.0;3800.0;01;0111;011104
2026;5;Aveiro;Mealhada;Luso;Sódio;252.0;230.0;252.0;22940.0;01;0111;011104
2026;5;Aveiro;Mealhada;Vacariça;LED;687.0;687.0;687.0;19716.0;01;0111;011107
2026;5;Aveiro;Mealhada;Vacariça;Sódio;105.0;105.0;105.0;5910.0;01;0111;011107
2026;5;Aveiro;Mealhada;Mealhada, Ventosa do Bairro e Antes;Mercúrio;5.0;5.0;5.0;250.0;01;0111;011109
2026;5;Aveiro;São João da Madeira;São João da Madeira;LED;4048.0;3140.0;4048.0;279952.30001068115;01;0116;011601
2026;5;Aveiro;Vagos;Santo André de Vagos;Fluorescente;4.0;4.0;4.0;200.0;01;0118;011810
2026;5;Aveiro;Vagos;Santo André de Vagos;LED;762.0;762.0;762.0;30815.799907684326;01;0118;011810
2026;5;Aveiro;Vagos;Fonte de Angeão e Covão do Lobo;LED;1270.0;1257.0;1265.0;49340.19971847534;01;0118;011812
2026;5;Aveiro;Vagos;Vagos e Santo António;Mercúrio;15.0;15.0;15.0;750.0;01;0118;011814
2026;5;Aveiro;Vagos;Vagos e Santo António;Sódio;175.0;165.0;181.0;13970.0;01;0118;011814
2026;5;Aveiro;Vale de Cambra;Vila Chã, Codal e Vila Cova de Perrinho;LED;1964.0;1842.0;1964.0;89246.20000457764;01;0119;011910
2026;5;Aveiro;Vale de Cambra;Vila Chã, Codal e Vila Cova de Perrinho;Sódio;34.0;34.0;34.0;2520.0;01;0119;011910
2026;5;Beja;Almodôvar;Almodôvar e Graça dos Padrões;LED;1706.0;1698.0;1702.0;54382.4000453949;02;0202;020209
2026;5;Beja;Beja;Nossa Senhora das Neves;Outros/Não definido;8.0;8.0;8.0;;02;0205;020506
2026;5;Beja;Beja;Beja (Santiago Maior e São João Baptista);LED;3010.0;2889.0;3010.0;153633.50058174133;02;0205;020521
2026;5;Beja;Beja;Beja (Santiago Maior e São João Baptista);Sódio;249.0;252.0;249.0;25390.0;02;0205;020521
2026;5;Beja;Castro Verde;Castro Verde e Casével;Outros/Não definido;168.0;135.0;168.0;;02;0206;020606
2026;5;Beja;Castro Verde;Castro Verde e Casével;Sódio;397.0;397.0;397.0;32410.0;02;0206;020606
2026;5;Beja;Odemira;Boavista dos Pinheiros;Outros/Não definido;7.0;7.0;7.0;;02;0211;021116
2026;5;Beja;Ourique;Ourique;Iodeto Metálico;10.0;10.0;10.0;1000.0;02;0212;021203
2026;5;Beja;Serpa;Vila Nova de São Bento e Vale de Vargo;LED;1032.0;1011.0;1023.0;30327.0;02;0213;021309
2026;5;Beja;Serpa;Vila Nova de São Bento e Vale de Vargo;Outros/Não definido;49.0;35.0;49.0;90.0;02;0213;021309
2026;5;Braga;Barcelos;Alvelos;Mercúrio;2.0;2.0;2.0;160.0;03;0302;030208
2026;5;Braga;Barcelos;Arcozelo;Fluorescente;17.0;17.0;17.0;1190.0;03;0302;030209
2026;5;Braga;Barcelos;Arcozelo;LED;1107.0;1037.0;1121.0;55830.90000152588;03;0302;030209
2026;5;Braga;Barcelos;Arcozelo;Outros/Não definido;266.0;244.0;266.0;295.0;03;0302;030209
2026;5;Braga;Barcelos;Carvalhal;LED;285.0;285.0;285.0;10785.600002288818;03;0302;030220
2026;5;Braga;Barcelos;Carvalhal;Outros/Não definido;56.0;56.0;56.0;80.0;03;0302;030220
2026;5;Braga;Barcelos;Carvalhal;Sódio;56.0;55.0;56.0;4810.0;03;0302;030220
2026;5;Braga;Barcelos;Manhente;Mercúrio;3.0;3.0;3.0;240.0;03;0302;030245
2026;5;Braga;Barcelos;Pousa;Sódio;45.0;45.0;45.0;6350.0;03;0302;030261
2026;5;Braga;Barcelos;Tamel (São Veríssimo);LED;608.0;608.0;608.0;25052.80015182495;03;0302;030277
2026;5;Braga;Barcelos;Tamel (São Veríssimo);Mercúrio;5.0;5.0;5.0;380.0;03;0302;030277
2026;5;Braga;Barcelos;Tamel (São Veríssimo);Sódio;24.0;24.0;24.0;1920.0;03;0302;030277
2026;5;Braga;Barcelos;Barcelos, V. Boa, V. Frescainha;Iodeto Metálico;21.0;21.0;21.0;2040.0;03;0302;030293
2026;5;Braga;Barcelos;Barcelos, V. Boa, V. Frescainha;LED;1795.0;1545.0;1795.0;93469.00005340576;03;0302;030293
2026;5;Braga;Barcelos;Barcelos, V. Boa, V. Frescainha;Outros/Não definido;1173.0;1067.0;1201.0;1180.0;03;0302;030293
2026;5;Aveiro;Vagos;Sosa;Outros/Não definido;151.0;145.0;153.0;180.0;01;0118;011807
2026;5;Aveiro;Vagos;Sosa;Sódio;96.0;92.0;96.0;6910.0;01;0118;011807
2026;5;Aveiro;Vale de Cambra;Arões;Outros/Não definido;13.0;13.0;13.0;;01;0119;011901
2026;5;Aveiro;Vale de Cambra;Arões;Sódio;2.0;2.0;2.0;140.0;01;0119;011901
2026;5;Aveiro;Vale de Cambra;São Pedro de Castelões;Outros/Não definido;35.0;35.0;35.0;115.0;01;0119;011902
2026;5;Aveiro;Vale de Cambra;Cepelos;LED;710.0;703.0;710.0;36071.0;01;0119;011903
2026;5;Aveiro;Vale de Cambra;Cepelos;Outros/Não definido;35.0;25.0;35.0;595.0;01;0119;011903
2026;5;Aveiro;Vale de Cambra;Roge;LED;854.0;854.0;854.0;43655.60038757324;01;0119;011907
2026;5;Aveiro;Vale de Cambra;Roge;Sódio;12.0;12.0;12.0;840.0;01;0119;011907
2026;5;Beja;Aljustrel;Ervidel;LED;389.0;387.0;389.0;9795.0;02;0201;020102
2026;5;Beja;Almodôvar;Rosário;LED;318.0;315.0;324.0;13010.400024414062;02;0202;020203
2026;5;Beja;Almodôvar;Santa Cruz;LED;714.0;714.0;714.0;17958.99997329712;02;0202;020205
2026;5;Beja;Almodôvar;Santa Cruz;Sódio;1.0;1.0;1.0;70.0;02;0202;020205
2026;5;Beja;Almodôvar;Aldeia dos Fernandes;Outros/Não definido;4.0;4.0;4.0;100.0;02;0202;020208
2026;5;Beja;Almodôvar;Santa Clara-a-Nova e Gomes Aires;LED;714.0;714.0;714.0;19079.39993095398;02;0202;020210
2026;5;Beja;Beja;Beringel;Sódio;1.0;;;70.0;02;0205;020503
2026;5;Beja;Castro Verde;Entradas;Sódio;215.0;210.0;215.0;17350.0;02;0206;020603
2026;5;Beja;Castro Verde;São Marcos da Ataboeira;Outros/Não definido;18.0;16.0;18.0;;02;0206;020605
2026;5;Beja;Castro Verde;São Marcos da Ataboeira;Sódio;77.0;77.0;77.0;5390.0;02;0206;020605
2026;5;Beja;Moura;Amareleja;LED;719.0;713.0;713.0;20933.300022125244;02;0210;021001
2026;5;Beja;Moura;Amareleja;Sódio;1.0;1.0;1.0;70.0;02;0210;021001
2026;5;Beja;Moura;Santo Agostinho e São João Baptista e Santo Amador;Sódio;286.0;277.0;286.0;24840.0;02;0210;021009
2026;5;Beja;Odemira;Relíquias;Sódio;3.0;3.0;3.0;210.0;02;0211;021102
2026;5;Beja;Odemira;Sabóia;Outros/Não definido;6.0;6.0;6.0;70.0;02;0211;021103
2026;5;Beja;Odemira;Sabóia;Sódio;3.0;3.0;3.0;210.0;02;0211;021103
2026;5;Beja;Odemira;São Luís;Outros/Não definido;5.0;5.0;5.0;45.0;02;0211;021106
2026;5;Beja;Odemira;São Martinho das Amoreiras;LED;549.0;548.0;549.0;16699.0;02;0211;021107
2026;5;Beja;Odemira;Vila Nova de Milfontes;Outros/Não definido;55.0;47.0;55.0;140.0;02;0211;021111
2026;5;Beja;Odemira;Vila Nova de Milfontes;Sódio;126.0;124.0;126.0;15030.0;02;0211;021111
2026;5;Beja;Odemira;Longueira/Almograve;LED;707.0;699.0;707.0;23719.600059509277;02;0211;021117
2026;5;Beja;Odemira;Longueira/Almograve;Sódio;2.0;2.0;2.0;200.0;02;0211;021117
2026;5;Beja;Odemira;Colos;LED;558.0;556.0;558.0;18156.0;02;0211;021118
2026;5;Beja;Odemira;Santa Clara-a-Velha;Outros/Não definido;3.0;3.0;3.0;90.0;02;0211;021119
2026;5;Beja;Odemira;São Salvador e Santa Maria;LED;1259.0;1231.0;1259.0;44009.20030975342;02;0211;021120
2026;5;Beja;Odemira;Vale de Santiago;Sódio;7.0;7.0;7.0;610.0;02;0211;021122
2026;5;Beja;Ourique;Garvão e Santa Luzia;Outros/Não definido;40.0;40.0;40.0;225.0;02;0212;021207
2026;5;Beja;Ourique;Garvão e Santa Luzia;Sódio;1.0;1.0;1.0;70.0;02;0212;021207
2026;5;Beja;Ourique;Panoias e Conceição;LED;252.0;247.0;252.0;7408.0;02;0212;021208
2026;5;Beja;Ourique;Panoias e Conceição;Outros/Não definido;8.0;8.0;8.0;270.0;02;0212;021208
2026;5;Beja;Serpa;Brinches;Sódio;78.0;78.0;78.0;5540.0;02;0213;021302
2026;5;Beja;Serpa;Vila Verde de Ficalho;Outros/Não definido;12.0;12.0;12.0;135.0;02;0213;021307
2026;5;Beja;Serpa;Serpa (Salvador e Santa Maria);LED;1522.0;1489.0;1521.0;59759.30066680908;02;0213;021308
2026;5;Beja;Serpa;Serpa (Salvador e Santa Maria);Outros/Não definido;12.0;9.0;9.0;320.0;02;0213;021308
2026;5;Braga;Amares;Barreiros;Fluorescente;2.0;2.0;2.0;140.0;03;0301;030102
2026;5;Braga;Amares;Barreiros;Iodeto Metálico;2.0;2.0;2.0;300.0;03;0301;030102
2026;5;Braga;Amares;Barreiros;Outros/Não definido;3.0;3.0;3.0;135.0;03;0301;030102
2026;5;Braga;Amares;Bico;Fluorescente;4.0;4.0;4.0;280.0;03;0301;030104
2026;5;Braga;Amares;Bico;Outros/Não definido;6.0;6.0;6.0;45.0;03;0301;030104
2026;5;Braga;Amares;Carrazedo;Sódio;9.0;9.0;9.0;660.0;03;0301;030107
2026;5;Braga;Amares;Dornelas;Outros/Não definido;1.0;1.0;1.0;;03;0301;030108
2026;5;Braga;Amares;Goães;Sódio;8.0;8.0;8.0;560.0;03;0301;030112
2026;5;Braga;Amares;Lago;LED;577.0;564.0;577.0;21954.100059509277;03;0301;030113
2026;5;Braga;Amares;Rendufe;LED;475.0;470.0;475.0;28475.200004577637;03;0301;030118
2026;5;Braga;Amares;Rendufe;Outros/Não definido;19.0;19.0;19.0;;03;0301;030118
2026;5;Braga;Amares;Bouro (Santa Maria);LED;394.0;394.0;394.0;22462.000003814697;03;0301;030119
2026;5;Braga;Amares;Bouro (Santa Marta);LED;335.0;335.0;335.0;21528.800003051758;03;0301;030120
2026;5;Braga;Amares;Bouro (Santa Marta);Outros/Não definido;19.0;19.0;19.0;;03;0301;030120
2026;5;Braga;Amares;Caldelas, Sequeiros e Paranhos;LED;783.0;776.0;783.0;51622.10000228882;03;0301;030126
2026;5;Braga;Amares;Ferreiros, Prozelo e Besteiros;Fluorescente;4.0;4.0;4.0;200.0;03;0301;030127
2026;5;Braga;Amares;Ferreiros, Prozelo e Besteiros;Outros/Não definido;50.0;50.0;50.0;39.0;03;0301;030127
2026;5;Braga;Amares;Ferreiros, Prozelo e Besteiros;Sódio;72.0;72.0;72.0;5900.0;03;0301;030127
2026;5;Braga;Amares;Vilela, Seramil e Paredes Secas;Fluorescente;4.0;4.0;4.0;280.0;03;0301;030129
2026;5;Braga;Amares;Vilela, Seramil e Paredes Secas;Outros/Não definido;2.0;2.0;2.0;45.0;03;0301;030129
2026;5;Braga;Barcelos;Abade de Neiva;LED;440.0;436.0;440.0;12787.800006866455;03;0302;030201
2026;5;Braga;Barcelos;Abade de Neiva;Mercúrio;61.0;61.0;61.0;4690.0;03;0302;030201
2026;5;Braga;Barcelos;Aborim;LED;134.0;134.0;134.0;5856.0;03;0302;030202
2026;5;Braga;Barcelos;Aborim;Outros/Não definido;62.0;62.0;62.0;45.0;03;0302;030202
2026;5;Braga;Barcelos;Adães;LED;59.0;55.0;59.0;2488.200019836426;03;0302;030203
2026;5;Braga;Barcelos;Airó;Sódio;13.0;13.0;13.0;1070.0;03;0302;030205
2026;5;Braga;Barcelos;Balugães;LED;196.0;196.0;196.0;8003.0;03;0302;030212
2026;5;Braga;Barcelos;Balugães;Mercúrio;3.0;3.0;3.0;220.0;03;0302;030212
2026;5;Braga;Barcelos;Barcelinhos;Mercúrio;3.0;3.0;3.0;240.0;03;0302;030213
2026;5;Braga;Barcelos;Barcelinhos;Outros/Não definido;51.0;51.0;51.0;507.0;03;0302;030213
2026;5;Braga;Barcelos;Barcelinhos;Sódio;236.0;232.0;236.0;26960.0;03;0302;030213
2026;5;Braga;Barcelos;Barqueiros;Mercúrio;18.0;18.0;18.0;1440.0;03;0302;030215
2026;5;Braga;Barcelos;Barqueiros;Sódio;295.0;290.0;295.0;25930.0;03;0302;030215
2026;5;Braga;Barcelos;Cambeses;LED;345.0;341.0;347.0;14122.200035095215;03;0302;030216
2026;5;Braga;Barcelos;Cambeses;Mercúrio;18.0;18.0;18.0;1440.0;03;0302;030216
2026;5;Braga;Barcelos;Cambeses;Outros/Não definido;91.0;91.0;91.0;90.0;03;0302;030216
2026;5;Braga;Barcelos;Cambeses;Sódio;84.0;82.0;84.0;7480.0;03;0302;030216
2026;5;Braga;Barcelos;Carvalhas;Mercúrio;13.0;13.0;13.0;1040.0;03;0302;030221
2026;5;Braga;Barcelos;Carvalhas;Outros/Não definido;138.0;138.0;138.0;;03;0302;030221
2026;5;Braga;Barcelos;Cristelo;Mercúrio;3.0;3.0;3.0;210.0;03;0302;030228
2026;5;Braga;Barcelos;Fornelos;Outros/Não definido;50.0;50.0;50.0;70.0;03;0302;030234
2026;5;Braga;Barcelos;Fragoso;Mercúrio;42.0;42.0;42.0;3340.0;03;0302;030235
2026;5;Braga;Barcelos;Gilmonde;LED;160.0;160.0;160.0;7519.0000076293945;03;0302;030237
2026;5;Braga;Barcelos;Lama;Sódio;43.0;40.0;43.0;3530.0;03;0302;030242
2026;5;Braga;Barcelos;Lijó;LED;475.0;467.0;475.0;21443.00004196167;03;0302;030243
2026;5;Braga;Barcelos;Lijó;Mercúrio;22.0;22.0;22.0;3020.0;03;0302;030243
2026;5;Braga;Barcelos;Lijó;Outros/Não definido;24.0;24.0;24.0;135.0;03;0302;030243
2026;5;Braga;Barcelos;Martim;Mercúrio;11.0;11.0;11.0;560.0;03;0302;030247
2026;5;Braga;Barcelos;Martim;Outros/Não definido;440.0;426.0;440.0;90.0;03;0302;030247
2026;5;Braga;Barcelos;Martim;Sódio;55.0;50.0;55.0;4370.0;03;0302;030247
2026;5;Braga;Barcelos;Moure;LED;117.0;117.0;117.0;5137.000015258789;03;0302;030252
2026;5;Braga;Barcelos;Moure;Mercúrio;1.0;1.0;1.0;80.0;03;0302;030252
2026;5;Braga;Barcelos;Moure;Outros/Não definido;228.0;223.0;228.0;;03;0302;030252
2026;5;Braga;Barcelos;Oliveira;LED;435.0;431.0;435.0;17211.400047302246;03;0302;030254
2026;5;Braga;Barcelos;Oliveira;Sódio;18.0;18.0;18.0;1870.0;03;0302;030254
2026;5;Braga;Barcelos;Palme;Sódio;45.0;45.0;45.0;3330.0;03;0302;030255
2026;5;Braga;Barcelos;Panque;Mercúrio;28.0;28.0;28.0;2110.0;03;0302;030256
2026;5;Braga;Barcelos;Panque;Outros/Não definido;3.0;3.0;3.0;;03;0302;030256
2026;5;Braga;Barcelos;Pereira;LED;248.0;248.0;248.0;9806.200008392334;03;0302;030259
2026;5;Braga;Barcelos;Pereira;Mercúrio;11.0;11.0;11.0;850.0;03;0302;030259
2026;5;Braga;Barcelos;Perelhal;LED;308.0;308.0;308.0;10073.0;03;0302;030260
2026;5;Braga;Barcelos;Perelhal;Outros/Não definido;82.0;82.0;82.0;318.0;03;0302;030260
2026;5;Braga;Barcelos;Roriz;Mercúrio;1.0;1.0;1.0;80.0;03;0302;030264
2026;5;Braga;Barcelos;Roriz;Outros/Não definido;3.0;3.0;3.0;160.0;03;0302;030264
2026;5;Braga;Barcelos;Rio Covo (Santa Eugénia);LED;276.0;275.0;276.0;12733.0;03;0302;030265
2026;5;Braga;Barcelos;Rio Covo (Santa Eugénia);Mercúrio;9.0;9.0;9.0;720.0;03;0302;030265
2026;5;Braga;Barcelos;Rio Covo (Santa Eugénia);Sódio;20.0;20.0;20.0;1800.0;03;0302;030265
2026;5;Braga;Barcelos;Galegos (Santa Maria);Fluorescente;5.0;5.0;5.0;250.0;03;0302;030268
2026;5;Braga;Barcelos;Galegos (Santa Maria);Outros/Não definido;29.0;28.0;28.0;495.0;03;0302;030268
2026;5;Braga;Barcelos;Galegos (São Martinho);LED;379.0;379.0;379.0;15404.600002288818;03;0302;030272
2026;5;Braga;Barcelos;Galegos (São Martinho);Mercúrio;6.0;6.0;6.0;480.0;03;0302;030272
2026;5;Braga;Barcelos;Silva;LED;150.0;150.0;150.0;6016.200008392334;03;0302;030279
2026;5;Braga;Barcelos;Silva;Sódio;128.0;108.0;128.0;10140.0;03;0302;030279
2026;5;Braga;Barcelos;Ucha;Outros/Não definido;28.0;28.0;28.0;495.0;03;0302;030282
2026;5;Braga;Barcelos;Ucha;Sódio;39.0;39.0;39.0;2810.0;03;0302;030282
2026;5;Braga;Barcelos;Alheira e Igreja Nova;Mercúrio;11.0;11.0;11.0;880.0;03;0302;030290
2026;5;Beja;Alvito;Alvito;LED;693.0;604.0;634.0;26165.700073242188;02;0203;020301
2026;5;Beja;Barrancos;Barrancos;Outros/Não definido;15.0;15.0;15.0;90.0;02;0204;020401
2026;5;Beja;Cuba;Faro do Alentejo;LED;147.0;146.0;147.0;5595.0;02;0207;020702
2026;5;Beja;Cuba;Vila Alva;LED;218.0;216.0;218.0;6526.0;02;0207;020703
2026;5;Beja;Cuba;Vila Alva;Outros/Não definido;6.0;6.0;6.0;;02;0207;020703
2026;5;Beja;Cuba;Vila Ruiva;Outros/Não definido;6.0;6.0;6.0;;02;0207;020704
2026;5;Beja;Ferreira do Alentejo;Figueira dos Cavaleiros;Sódio;5.0;4.0;5.0;310.0;02;0208;020803
2026;5;Beja;Ferreira do Alentejo;Ferreira do Alentejo e Canhestros;LED;2245.0;2197.0;2254.0;90227.80017089844;02;0208;020808
2026;5;Beja;Ferreira do Alentejo;Ferreira do Alentejo e Canhestros;Sódio;64.0;64.0;64.0;6060.0;02;0208;020808
2026;5;Beja;Mértola;Alcaria Ruiva;Outros/Não definido;4.0;4.0;4.0;;02;0209;020901
2026;5;Beja;Mértola;Corte do Pinto;LED;792.0;792.0;792.0;21718.90000152588;02;0209;020902
2026;5;Beja;Mértola;Mértola;LED;1623.0;1615.0;1624.0;59368.50002670288;02;0209;020904
2026;5;Beja;Mértola;Santana de Cambas;Outros/Não definido;15.0;15.0;15.0;;02;0209;020905
2026;5;Beja;Mértola;Santana de Cambas;Sódio;47.0;47.0;47.0;3290.0;02;0209;020905
2026;5;Beja;Mértola;São João dos Caldeireiros;Outros/Não definido;3.0;3.0;3.0;;02;0209;020906
2026;5;Beja;Mértola;S. Mig. Pinheiro, S. Pedro Solis, S. Sebastião dos Carros;Sódio;3.0;1.0;3.0;100.0;02;0209;020910
2026;5;Beja;Vidigueira;Pedrógão;LED;526.0;524.0;526.0;15080.400001525879;02;0214;021401
2026;5;Beja;Vidigueira;Selmes;LED;391.0;388.0;391.0;10889.90001296997;02;0214;021402
2026;5;Beja;Vidigueira;Vidigueira;Sódio;5.0;5.0;5.0;750.0;02;0214;021403
2026;5;Beja;Vidigueira;Vila de Frades;Sódio;12.0;12.0;12.0;840.0;02;0214;021404
2026;5;Braga;Barcelos;Vila Cova e Feitos;Iodeto Metálico;11.0;11.0;11.0;770.0;03;0302;0302FH
2026;5;Braga;Braga;Adaúfe;Outros/Não definido;127.0;127.0;127.0;224.0;03;0303;030301
2026;5;Braga;Braga;Adaúfe;Sódio;227.0;223.0;227.0;16930.0;03;0303;030301
2026;5;Braga;Braga;Esporões;Sódio;30.0;30.0;30.0;2190.0;03;0303;030313
2026;5;Braga;Braga;Figueiredo;LED;285.0;285.0;285.0;13553.0;03;0303;030315
2026;5;Braga;Braga;Gualtar;LED;607.0;589.0;607.0;26520.0;03;0303;030319
2026;5;Braga;Braga;Gualtar;Outros/Não definido;89.0;89.0;89.0;;03;0303;030319
2026;5;Braga;Braga;Palmeira;Outros/Não definido;119.0;112.0;119.0;1133.0;03;0303;030331
2026;5;Braga;Braga;Palmeira;Sódio;253.0;249.0;253.0;24880.0;03;0303;030331
2026;5;Braga;Braga;Sequeira;Mercúrio;4.0;4.0;4.0;320.0;03;0303;030354
2026;5;Braga;Braga;Sequeira;Outros/Não definido;33.0;33.0;33.0;32.0;03;0303;030354
2026;5;Braga;Braga;Celeirós, Aveleda e Vimieiro;Mercúrio;8.0;8.0;8.0;400.0;03;0303;030367
2026;5;Braga;Braga;Este (São Pedro e São Mamede);Outros/Não definido;609.0;578.0;609.0;643.0;03;0303;030370
2026;5;Braga;Braga;Ferreiros e Gondizalves;LED;438.0;438.0;438.0;24508.20001220703;03;0303;030371
2026;5;Braga;Braga;Ferreiros e Gondizalves;Outros/Não definido;20.0;20.0;22.0;200.0;03;0303;030371
2026;5;Braga;Braga;Merelim (São Paio), Panoias e Parada de Tibães;Outros/Não definido;78.0;78.0;78.0;45.0;03;0303;030374
2026;5;Braga;Braga;Merelim (São Pedro) e Frossos;Indução;16.0;16.0;16.0;1120.0;03;0303;030375
2026;5;Braga;Braga;Merelim (São Pedro) e Frossos;Sódio;232.0;215.0;238.0;22790.0;03;0303;030375
2026;5;Braga;Braga;Nogueira, Fraião e Lamaçães;Outros/Não definido;23.0;22.0;23.0;565.0;03;0303;030377
2026;5;Braga;Braga;Nogueira, Fraião e Lamaçães;Sódio;617.0;608.0;617.0;67575.0;03;0303;030377
2026;5;Braga;Braga;Nogueiró e Tenões;Indução;2.0;2.0;2.0;220.0;03;0303;030378
2026;5;Braga;Braga;Nogueiró e Tenões;Outros/Não definido;89.0;89.0;89.0;100.0;03;0303;030378
2026;5;Braga;Braga;Santa Lucrécia de Algeriz e Navarra;LED;306.0;306.0;306.0;10653.0;03;0303;030380
2026;5;Braga;Braga;Santa Lucrécia de Algeriz e Navarra;Sódio;136.0;136.0;136.0;10120.0;03;0303;030380
2026;5;Braga;Celorico de Basto;Britelo, Gémeos e Ourilhe;LED;1931.0;1925.0;1957.0;97394.49994659424;03;0305;030523
2026;5;Braga;Celorico de Basto;Britelo, Gémeos e Ourilhe;Sódio;27.0;24.0;27.0;2570.0;03;0305;030523
2026;5;Braga;Esposende;Esposende, Marinhas e Gandra;Mercúrio;38.0;36.0;38.0;4410.0;03;0306;030618
2026;5;Braga;Esposende;Esposende, Marinhas e Gandra;Outros/Não definido;259.0;258.0;259.0;180.0;03;0306;030618
2026;5;Braga;Fafe;Estorãos;LED;577.0;577.0;577.0;17351.39999961853;03;0307;030708
2026;5;Braga;Fafe;Estorãos;Outros/Não definido;9.0;9.0;9.0;45.0;03;0307;030708
2026;5;Braga;Fafe;Fafe;LED;2187.0;2071.0;2187.0;105637.00018692017;03;0307;030709
2026;5;Braga;Fafe;Medelo;Outros/Não definido;7.0;7.0;7.0;;03;0307;030716
2026;5;Braga;Fafe;Medelo;Sódio;40.0;40.0;40.0;3100.0;03;0307;030716
2026;5;Braga;Fafe;Quinchães;Outros/Não definido;39.0;39.0;39.0;;03;0307;030722
2026;5;Braga;Fafe;Arões (Santa Cristina);LED;451.0;451.0;453.0;19359.0;03;0307;030726
2026;5;Braga;Fafe;Arões (Santa Cristina);Sódio;40.0;40.0;40.0;2800.0;03;0307;030726
2026;5;Braga;Fafe;Arões (São Romão);LED;759.0;706.0;759.0;29496.800003051758;03;0307;030730
2026;5;Braga;Fafe;Arões (São Romão);Outros/Não definido;82.0;64.0;82.0;675.0;03;0307;030730
2026;5;Braga;Guimarães;Aldão;Outros/Não definido;87.0;87.0;87.0;225.0;03;0308;030801
2026;5;Braga;Guimarães;Brito;Mercúrio;29.0;29.0;29.0;1510.0;03;0308;030807
2026;5;Braga;Guimarães;Brito;Outros/Não definido;16.0;16.0;16.0;;03;0308;030807
2026;5;Braga;Guimarães;Caldelas;LED;923.0;900.0;923.0;38505.3999671936;03;0308;030808
2026;5;Braga;Guimarães;Costa;LED;509.0;479.0;509.0;21589.800018310547;03;0308;030812
2026;5;Braga;Guimarães;Fermentões;Sódio;705.0;696.0;705.0;73050.0;03;0308;030815
2026;5;Braga;Guimarães;Guardizela;LED;698.0;690.0;696.0;22651.699920654297;03;0308;030823
2026;5;Braga;Guimarães;Guardizela;Mercúrio;1.0;1.0;1.0;50.0;03;0308;030823
2026;5;Braga;Guimarães;Lordelo;Mercúrio;39.0;39.0;39.0;2490.0;03;0308;030828
2026;5;Braga;Guimarães;Moreira de Cónegos;LED;9.0;9.0;9.0;427.0;03;0308;030831
2026;5;Braga;Guimarães;Ponte;Outros/Não definido;213.0;213.0;213.0;;03;0308;030838
2026;5;Braga;Guimarães;Ponte;Sódio;118.0;115.0;118.0;11390.0;03;0308;030838
2026;5;Braga;Guimarães;Selho (São Jorge);LED;565.0;551.0;565.0;18237.59986114502;03;0308;030854
2026;5;Braga;Guimarães;Selho (São Jorge);Sódio;537.0;527.0;537.0;53660.0;03;0308;030854
2026;5;Braga;Guimarães;Sande (São Martinho);Outros/Não definido;23.0;23.0;23.0;;03;0308;030858
2026;5;Braga;Guimarães;Sande (São Martinho);Sódio;21.0;21.0;21.0;1890.0;03;0308;030858
2026;5;Braga;Guimarães;Serzedelo;Mercúrio;27.0;27.0;27.0;1470.0;03;0308;030866
2026;5;Braga;Guimarães;Serzedelo;Sódio;629.0;613.0;629.0;47210.0;03;0308;030866
2026;5;Braga;Barcelos;Campo e Tamel (São Pedro Fins);Mercúrio;41.0;41.0;41.0;3280.0;03;0302;030294
2026;5;Braga;Barcelos;Carreira e Fonte Coberta;Iodeto Metálico;6.0;6.0;6.0;500.0;03;0302;030295
2026;5;Braga;Barcelos;Carreira e Fonte Coberta;Mercúrio;4.0;4.0;4.0;320.0;03;0302;030295
2026;5;Braga;Barcelos;Carreira e Fonte Coberta;Sódio;23.0;21.0;23.0;1790.0;03;0302;030295
2026;5;Braga;Barcelos;Chorente, Góios, Courel, Pedra Furada e Gueral;LED;920.0;920.0;920.0;35192.60009765625;03;0302;030296
2026;5;Braga;Barcelos;Chorente, Góios, Courel, Pedra Furada e Gueral;Sódio;85.0;82.0;85.0;6000.0;03;0302;030296
2026;5;Braga;Barcelos;Creixomil e Mariz;LED;298.0;298.0;298.0;12655.0;03;0302;030297
2026;5;Braga;Barcelos;Creixomil e Mariz;Mercúrio;21.0;21.0;21.0;1680.0;03;0302;030297
2026;5;Braga;Barcelos;Durrães e Tregosa;LED;584.0;583.0;584.0;22535.0;03;0302;030298
2026;5;Braga;Barcelos;Durrães e Tregosa;Outros/Não definido;133.0;133.0;133.0;4185.0;03;0302;030298
2026;5;Braga;Barcelos;Durrães e Tregosa;Sódio;75.0;75.0;75.0;5960.0;03;0302;030298
2026;5;Braga;Barcelos;Gamil e Midões;LED;406.0;406.0;414.0;17029.70002746582;03;0302;030299
2026;5;Braga;Barcelos;Milhazes, Vilar de Figos e Faria;LED;610.0;610.0;610.0;23984.3000831604;03;0302;0302FA
2026;5;Braga;Barcelos;Milhazes, Vilar de Figos e Faria;Outros/Não definido;94.0;90.0;94.0;45.0;03;0302;0302FA
2026;5;Braga;Barcelos;Milhazes, Vilar de Figos e Faria;Sódio;83.0;82.0;83.0;6780.0;03;0302;0302FA
2026;5;Braga;Barcelos;Negreiros e Chavão;Mercúrio;19.0;19.0;19.0;1280.0;03;0302;0302FB
2026;5;Braga;Barcelos;Negreiros e Chavão;Outros/Não definido;620.0;618.0;620.0;360.0;03;0302;0302FB
2026;5;Braga;Barcelos;Quintiães e Aguiar;Sódio;61.0;55.0;61.0;3810.0;03;0302;0302FC
2026;5;Braga;Barcelos;Silveiros e Rio Covo (Santa Eulália);LED;341.0;336.0;341.0;14918.90007019043;03;0302;0302FE
2026;5;Braga;Braga;Lamas;Sódio;24.0;23.0;24.0;2040.0;03;0303;030322
2026;5;Braga;Braga;Padim da Graça;Indução;16.0;16.0;16.0;2125.0;03;0303;030330
2026;5;Braga;Braga;Padim da Graça;LED;343.0;340.0;343.0;16856.0;03;0303;030330
2026;5;Braga;Braga;Padim da Graça;Outros/Não definido;43.0;43.0;43.0;30.0;03;0303;030330
2026;5;Braga;Braga;Pedralva;LED;423.0;423.0;423.0;15739.0;03;0303;030334
2026;5;Braga;Braga;Pedralva;Mercúrio;3.0;3.0;3.0;240.0;03;0303;030334
2026;5;Braga;Braga;Pedralva;Sódio;52.0;52.0;52.0;5080.0;03;0303;030334
2026;5;Braga;Braga;Priscos;Outros/Não definido;3.0;3.0;3.0;;03;0303;030336
2026;5;Braga;Braga;Priscos;Sódio;24.0;24.0;24.0;1850.0;03;0303;030336
2026;5;Braga;Braga;Ruilhe;LED;394.0;390.0;394.0;19987.0;03;0303;030338
2026;5;Braga;Braga;Ruilhe;Outros/Não definido;46.0;46.0;46.0;820.0;03;0303;030338
2026;5;Braga;Braga;Braga (São Vicente);LED;532.0;468.0;534.0;27858.700035095215;03;0303;030349
2026;5;Braga;Braga;Braga (São Vicente);Outros/Não definido;23.0;21.0;23.0;70.0;03;0303;030349
2026;5;Braga;Braga;Sobreposta;LED;198.0;198.0;198.0;8872.800003051758;03;0303;030355
2026;5;Braga;Braga;Sobreposta;Sódio;214.0;214.0;214.0;18380.0;03;0303;030355
2026;5;Braga;Braga;Tebosa;Sódio;50.0;49.0;50.0;3660.0;03;0303;030357
2026;5;Braga;Braga;Braga (São José de São Lázaro e São João do Souto);Fluorescente;2.0;2.0;2.0;100.0;03;0303;030365
2026;5;Braga;Braga;Braga (São José de São Lázaro e São João do Souto);LED;1352.0;1298.0;1480.0;104894.30001831055;03;0303;030365
2026;5;Braga;Braga;Braga (São José de São Lázaro e São João do Souto);Mercúrio;29.0;29.0;29.0;1990.0;03;0303;030365
2026;5;Braga;Braga;Cabreiros e Passos (São Julião);LED;686.0;676.0;694.0;27377.0;03;0303;030366
2026;5;Braga;Braga;Crespos e Pousada;Mercúrio;3.0;3.0;3.0;240.0;03;0303;030368
2026;5;Braga;Braga;Crespos e Pousada;Outros/Não definido;26.0;26.0;26.0;240.0;03;0303;030368
2026;5;Braga;Braga;Crespos e Pousada;Sódio;75.0;75.0;75.0;5340.0;03;0303;030368
2026;5;Braga;Braga;Escudeiros e Penso (Santo Estêvão e São Vicente);Outros/Não definido;64.0;64.0;64.0;150.0;03;0303;030369
2026;5;Braga;Braga;Escudeiros e Penso (Santo Estêvão e São Vicente);Sódio;93.0;93.0;93.0;6870.0;03;0303;030369
2026;5;Braga;Braga;Guisande e Oliveira (São Pedro);Sódio;23.0;23.0;23.0;1640.0;03;0303;030372
2026;5;Braga;Braga;Morreira e Trandeiras;Outros/Não definido;12.0;12.0;12.0;104.0;03;0303;030376
2026;5;Braga;Cabeceiras de Basto;Abadim;LED;390.0;390.0;396.0;15178.0;03;0304;030401
2026;5;Braga;Cabeceiras de Basto;Bucos;Outros/Não definido;1.0;1.0;1.0;45.0;03;0304;030405
2026;5;Braga;Cabeceiras de Basto;Cavez;LED;787.0;787.0;787.0;27265.200004577637;03;0304;030407
2026;5;Braga;Cabeceiras de Basto;Faia;LED;292.0;292.0;292.0;12492.800006866455;03;0304;030408
2026;5;Braga;Cabeceiras de Basto;Faia;Outros/Não definido;1.0;1.0;1.0;45.0;03;0304;030408
2026;5;Braga;Cabeceiras de Basto;Pedraça;LED;378.0;378.0;378.0;16780.20000076294;03;0304;030413
2026;5;Braga;Cabeceiras de Basto;Pedraça;Mercúrio;3.0;3.0;3.0;210.0;03;0304;030413
2026;5;Braga;Cabeceiras de Basto;Pedraça;Sódio;29.0;29.0;29.0;2030.0;03;0304;030413
2026;5;Braga;Cabeceiras de Basto;Rio Douro;Outros/Não definido;5.0;5.0;5.0;;03;0304;030415
2026;5;Braga;Cabeceiras de Basto;Alvite e Passos;Outros/Não definido;12.0;12.0;12.0;360.0;03;0304;030418
2026;5;Braga;Cabeceiras de Basto;Gondiães e Vilar de Cunhas;LED;328.0;328.0;328.0;10092.0;03;0304;030420
2026;5;Braga;Cabeceiras de Basto;Gondiães e Vilar de Cunhas;Outros/Não definido;4.0;4.0;4.0;210.0;03;0304;030420
2026;5;Braga;Celorico de Basto;Borba de Montanha;Outros/Não definido;4.0;4.0;4.0;;03;0305;030503
2026;5;Braga;Celorico de Basto;Codeçoso;LED;378.0;377.0;396.0;11190.199996948242;03;0305;030508
2026;5;Braga;Celorico de Basto;Codeçoso;Outros/Não definido;20.0;2.0;2.0;;03;0305;030508
2026;5;Braga;Celorico de Basto;Fervença;LED;630.0;626.0;642.0;20352.99998474121;03;0305;030510
2026;5;Braga;Celorico de Basto;Fervença;Outros/Não definido;1.0;1.0;1.0;;03;0305;030510
2026;5;Braga;Celorico de Basto;Fervença;Sódio;8.0;4.0;8.0;280.0;03;0305;030510
2026;5;Braga;Celorico de Basto;Basto (São Clemente);LED;641.0;635.0;649.0;22034.19995880127;03;0305;030520
2026;5;Braga;Celorico de Basto;Vale de Bouro;LED;482.0;481.0;482.0;15311.5;03;0305;030521
2026;5;Braga;Celorico de Basto;Caçarilhe e Infesta;LED;547.0;547.0;551.0;18057.5;03;0305;030524
2026;5;Braga;Celorico de Basto;Caçarilhe e Infesta;Sódio;1.0;1.0;1.0;70.0;03;0305;030524
2026;5;Braga;Celorico de Basto;Carvalho e Basto (Santa Tecla);Sódio;5.0;5.0;5.0;350.0;03;0305;030526
2026;5;Braga;Esposende;Antas;LED;224.0;224.0;224.0;8924.599990844727;03;0306;030601
2026;5;Braga;Esposende;Antas;Mercúrio;1.0;1.0;1.0;80.0;03;0306;030601
2026;5;Braga;Esposende;Gemeses;Mercúrio;3.0;3.0;3.0;240.0;03;0306;030610
2026;5;Braga;Esposende;Gemeses;Outros/Não definido;9.0;9.0;9.0;135.0;03;0306;030610
2026;5;Braga;Esposende;Gemeses;Sódio;379.0;379.0;379.0;32145.0;03;0306;030610
2026;5;Braga;Esposende;Vila Chã;Outros/Não definido;5.0;5.0;5.0;185.0;03;0306;030615
2026;5;Braga;Esposende;Vila Chã;Sódio;307.0;307.0;307.0;22050.0;03;0306;030615
2026;5;Braga;Esposende;Belinho e Mar;Outros/Não definido;25.0;25.0;25.0;;03;0306;030617
2026;5;Braga;Esposende;Fonte Boa e Rio Tinto;Sódio;280.0;277.0;280.0;20890.0;03;0306;030619
2026;5;Braga;Esposende;Palmeira de Faro e Curvos;Mercúrio;26.0;26.0;26.0;2050.0;03;0306;030620
2026;5;Braga;Esposende;Palmeira de Faro e Curvos;Outros/Não definido;8.0;8.0;8.0;90.0;03;0306;030620
2026;5;Braga;Fafe;Fornelos;Sódio;51.0;51.0;51.0;4550.0;03;0307;030712
2026;5;Braga;Fafe;Golães;Mercúrio;1.0;1.0;1.0;50.0;03;0307;030714
2026;5;Braga;Fafe;Golães;Sódio;39.0;39.0;39.0;3320.0;03;0307;030714
2026;5;Braga;Fafe;Paços;Mercúrio;6.0;6.0;6.0;300.0;03;0307;030719
2026;5;Braga;Fafe;Regadas;Sódio;23.0;22.0;23.0;1730.0;03;0307;030723
2026;5;Braga;Fafe;Ribeiros;Sódio;40.0;40.0;40.0;2800.0;03;0307;030725
2026;5;Braga;Fafe;Silvares (São Martinho);LED;358.0;361.0;361.0;15843.0;03;0307;030729
2026;5;Braga;Fafe;Silvares (São Martinho);Sódio;230.0;230.0;230.0;16785.0;03;0307;030729
2026;5;Braga;Fafe;Vinhós;Mercúrio;1.0;1.0;1.0;50.0;03;0307;030736
2026;5;Braga;Fafe;Vinhós;Sódio;16.0;16.0;16.0;1120.0;03;0307;030736
2026;5;Braga;Fafe;Aboim, Felgueiras, Gontim e Pedraído;Mercúrio;1.0;1.0;1.0;50.0;03;0307;030737
2026;5;Braga;Fafe;Aboim, Felgueiras, Gontim e Pedraído;Sódio;20.0;20.0;20.0;1400.0;03;0307;030737
2026;5;Braga;Fafe;Agrela e Serafão;LED;590.0;590.0;590.0;22773.0;03;0307;030738
2026;5;Braga;Fafe;Agrela e Serafão;Mercúrio;2.0;2.0;2.0;100.0;03;0307;030738
2026;5;Braga;Fafe;Agrela e Serafão;Outros/Não definido;4.0;4.0;4.0;;03;0307;030738
2026;5;Braga;Fafe;Ardegão, Arnozela e Seidões;Mercúrio;5.0;5.0;5.0;250.0;03;0307;030740
2026;5;Braga;Fafe;Cepães e Fareja;LED;802.0;802.0;802.0;33824.0;03;0307;030741
2026;5;Braga;Fafe;Cepães e Fareja;Outros/Não definido;12.0;12.0;12.0;560.0;03;0307;030741
2026;5;Braga;Fafe;Monte e Queimadela;LED;669.0;669.0;669.0;20937.0;03;0307;030743
2026;5;Braga;Fafe;Moreira do Rei e Várzea Cova;LED;898.0;898.0;898.0;34246.40000152588;03;0307;030744
2026;5;Braga;Fafe;Moreira do Rei e Várzea Cova;Mercúrio;1.0;1.0;1.0;50.0;03;0307;030744
2026;5;Braga;Guimarães;Barco;Sódio;36.0;34.0;36.0;3640.0;03;0308;030806
2026;5;Braga;Guimarães;Creixomil;Mercúrio;7.0;7.0;7.0;440.0;03;0308;030813
2026;5;Braga;Guimarães;Creixomil;Sódio;673.0;664.0;673.0;69800.0;03;0308;030813
2026;5;Braga;Guimarães;Gondar;LED;473.0;473.0;473.0;19931.49997329712;03;0308;030821
2026;5;Braga;Guimarães;Infantas;Mercúrio;3.0;3.0;3.0;240.0;03;0308;030824
2026;5;Braga;Guimarães;Infantas;Sódio;177.0;177.0;177.0;12580.0;03;0308;030824
2026;5;Braga;Guimarães;Mesão Frio;Sódio;498.0;470.0;498.0;43180.0;03;0308;030830
2026;5;Braga;Guimarães;Pencelo;LED;215.0;215.0;221.0;6208.799922943115;03;0308;030835
2026;5;Braga;Guimarães;Pencelo;Outros/Não definido;4.0;4.0;4.0;;03;0308;030835
2026;5;Braga;Guimarães;Ronfe;LED;448.0;396.0;448.0;14626.40009689331;03;0308;030840
2026;5;Braga;Guimarães;Selho (São Cristóvão);Outros/Não definido;4.0;4.0;4.0;180.0;03;0308;030850
2026;5;Braga;Guimarães;Candoso (São Martinho);Sódio;65.0;65.0;65.0;5660.0;03;0308;030857
2026;5;Braga;Guimarães;Silvares;Mercúrio;12.0;12.0;12.0;780.0;03;0308;030868
2026;5;Braga;Guimarães;Urgezes;LED;493.0;477.0;493.0;24484.200004577637;03;0308;030871
2026;5;Braga;Guimarães;Urgezes;Outros/Não definido;99.0;96.0;99.0;1730.0;03;0308;030871
2026;5;Braga;Guimarães;Oliveira, São Paio e São Sebastião;Iodeto Metálico;1.0;1.0;1.0;100.0;03;0308;030884
2026;5;Braga;Guimarães;Oliveira, São Paio e São Sebastião;Sódio;299.0;291.0;299.0;40060.0;03;0308;030884
2026;5;Braga;Guimarães;Sande São Lourenço e Balazar;LED;665.0;663.0;665.0;20296.099727630615;03;0308;030886
2026;5;Braga;Guimarães;Sande São Lourenço e Balazar;Sódio;40.0;40.0;40.0;3030.0;03;0308;030886
2026;5;Braga;Guimarães;Selho São Lourenço e Gominhães;LED;487.0;487.0;493.0;14810.099792480469;03;0308;030888
2026;5;Braga;Guimarães;Selho São Lourenço e Gominhães;Mercúrio;4.0;4.0;4.0;200.0;03;0308;030888
2026;5;Braga;Guimarães;Selho São Lourenço e Gominhães;Sódio;85.0;85.0;85.0;6040.0;03;0308;030888
2026;5;Braga;Póvoa de Lanhoso;Fonte Arcada e Oliveira;Outros/Não definido;71.0;71.0;71.0;675.0;03;0309;030934
2026;5;Braga;Vila Nova de Famalicão;Delães;Sódio;180.0;172.0;180.0;17560.0;03;0312;031213
2026;5;Braga;Vila Nova de Famalicão;Joane;Sódio;551.0;527.0;559.0;57860.0;03;0312;031219
2026;5;Braga;Vila Nova de Famalicão;Requião;LED;840.0;828.0;840.0;35663.90009307861;03;0312;031233
2026;5;Braga;Vila Nova de Famalicão;Requião;Sódio;142.0;134.0;142.0;10500.0;03;0312;031233
2026;5;Braga;Vila Nova de Famalicão;Vilarinho das Cambas;Iodeto Metálico;14.0;10.0;14.0;780.0;03;0312;031249
2026;5;Braga;Vila Nova de Famalicão;Vilarinho das Cambas;LED;543.0;539.0;543.0;23638.300003051758;03;0312;031249
2026;5;Braga;Vila Nova de Famalicão;Esmeriz e Cabeçudos;Outros/Não definido;26.0;26.0;26.0;675.0;03;0312;031254
2026;5;Braga;Vila Nova de Famalicão;Vila Nova de Famalicão e Calendário;Iodeto Metálico;141.0;141.0;141.0;12270.0;03;0312;031260
2026;5;Braga;Vila Nova de Famalicão;Vila Nova de Famalicão e Calendário;Mercúrio;2.0;2.0;2.0;160.0;03;0312;031260
2026;5;Braga;Vila Nova de Famalicão;Vila Nova de Famalicão e Calendário;Outros/Não definido;259.0;243.0;265.0;4475.0;03;0312;031260
2026;5;Braga;Vila Verde;Freiriz;LED;284.0;284.0;284.0;10975.0;03;0313;031316
2026;5;Braga;Vila Verde;Freiriz;Outros/Não definido;119.0;119.0;119.0;;03;0313;031316
2026;5;Braga;Vila Verde;Gême;LED;155.0;155.0;155.0;6100.0;03;0313;031317
2026;5;Braga;Vila Verde;Lage;Outros/Não definido;180.0;180.0;180.0;;03;0313;031323
2026;5;Braga;Vila Verde;Esqueiros, Nevogilde e Travassós;Outros/Não definido;84.0;84.0;84.0;990.0;03;0313;031363
2026;5;Braga;Vizela;Santa Eulália;Mercúrio;2.0;2.0;2.0;130.0;03;0314;031401
2026;5;Braga;Vizela;Santa Eulália;Outros/Não definido;26.0;26.0;26.0;;03;0314;031401
2026;5;Braga;Vizela;Caldas de Vizela (São Miguel e São João);LED;2011.0;1939.0;2009.0;93001.80026245117;03;0314;031408
2026;5;Braga;Vizela;Caldas de Vizela (São Miguel e São João);Outros/Não definido;224.0;224.0;224.0;3475.0;03;0314;031408
2026;5;Braga;Vizela;Caldas de Vizela (São Miguel e São João);Sódio;448.0;435.0;448.0;63760.0;03;0314;031408
2026;5;Bragança;Bragança;Samil;Outros/Não definido;4.0;4.0;4.0;;04;0402;040240
2026;5;Bragança;Bragança;Samil;Sódio;1.0;1.0;1.0;70.0;04;0402;040240
2026;5;Bragança;Bragança;Sé, Santa Maria e Meixedo;Fluorescente;1.0;1.0;1.0;50.0;04;0402;040257
2026;5;Braga;Guimarães;Abação e Gémeos;Sódio;43.0;43.0;43.0;3180.0;03;0308;030875
2026;5;Braga;Guimarães;Arosa e Castelões;Mercúrio;15.0;15.0;15.0;1110.0;03;0308;030877
2026;5;Braga;Guimarães;Arosa e Castelões;Outros/Não definido;12.0;12.0;12.0;;03;0308;030877
2026;5;Braga;Guimarães;Briteiros Santo Estêvão e Donim;Outros/Não definido;6.0;6.0;6.0;;03;0308;030879
2026;5;Braga;Guimarães;Briteiros Santo Estêvão e Donim;Sódio;16.0;16.0;16.0;1120.0;03;0308;030879
2026;5;Braga;Guimarães;Briteiros São Salvador e Briteiros Santa Leocádia;LED;743.0;741.0;743.0;28620.799995422363;03;0308;030880
2026;5;Braga;Guimarães;Conde e Gandarela;LED;518.0;518.0;518.0;18632.899982452393;03;0308;030882
2026;5;Braga;Guimarães;Conde e Gandarela;Sódio;10.0;10.0;10.0;760.0;03;0308;030882
2026;5;Braga;Guimarães;Leitões, Oleiros e Figueiredo;LED;696.0;696.0;696.0;20968.899784088135;03;0308;030883
2026;5;Braga;Guimarães;Souto Santa Maria, Souto São Salvador e Gondomar;LED;1160.0;1151.0;1160.0;38403.79987335205;03;0308;030890
2026;5;Braga;Guimarães;Souto Santa Maria, Souto São Salvador e Gondomar;Outros/Não definido;8.0;8.0;8.0;;03;0308;030890
2026;5;Braga;Póvoa de Lanhoso;Covelas;LED;320.0;315.0;320.0;6596.0;03;0309;030906
2026;5;Braga;Póvoa de Lanhoso;Covelas;Outros/Não definido;17.0;17.0;17.0;765.0;03;0309;030906
2026;5;Braga;Póvoa de Lanhoso;Ferreiros;LED;277.0;272.0;277.0;5761.0;03;0309;030908
2026;5;Braga;Póvoa de Lanhoso;Garfe;Outros/Não definido;5.0;3.0;3.0;;03;0309;030913
2026;5;Braga;Póvoa de Lanhoso;Geraz do Minho;LED;416.0;416.0;416.0;13927.0;03;0309;030914
2026;5;Braga;Póvoa de Lanhoso;Geraz do Minho;Outros/Não definido;2.0;2.0;2.0;90.0;03;0309;030914
2026;5;Braga;Póvoa de Lanhoso;Lanhoso;LED;407.0;403.0;407.0;13047.0;03;0309;030915
2026;5;Braga;Póvoa de Lanhoso;Sobradelo da Goma;LED;585.0;585.0;585.0;13074.0;03;0309;030925
2026;5;Braga;Póvoa de Lanhoso;Sobradelo da Goma;Outros/Não definido;13.0;13.0;13.0;45.0;03;0309;030925
2026;5;Braga;Póvoa de Lanhoso;Taíde;Outros/Não definido;8.0;2.0;2.0;45.0;03;0309;030926
2026;5;Braga;Póvoa de Lanhoso;Águas Santas e Moure;Outros/Não definido;29.0;29.0;29.0;;03;0309;030930
2026;5;Braga;Póvoa de Lanhoso;Calvos e Frades;LED;478.0;476.0;478.0;11871.0;03;0309;030931
2026;5;Braga;Póvoa de Lanhoso;Campos e Louredo;Outros/Não definido;7.0;7.0;7.0;135.0;03;0309;030932
2026;5;Braga;Póvoa de Lanhoso;Esperança e Brunhais;LED;474.0;474.0;474.0;10080.0;03;0309;030933
2026;5;Braga;Terras de Bouro;Carvalheira;LED;203.0;201.0;203.0;7940.100006103516;03;0310;031004
2026;5;Braga;Terras de Bouro;Covide;LED;214.0;214.0;214.0;7260.5;03;0310;031008
2026;5;Braga;Terras de Bouro;Gondoriz;LED;243.0;243.0;243.0;8893.0;03;0310;031009
2026;5;Braga;Terras de Bouro;Ribeira;Sódio;27.0;27.0;27.0;1920.0;03;0310;031012
2026;5;Braga;Terras de Bouro;Souto;LED;252.0;252.0;252.0;8889.600006103516;03;0310;031014
2026;5;Braga;Terras de Bouro;Souto;Outros/Não definido;13.0;13.0;13.0;180.0;03;0310;031014
2026;5;Braga;Terras de Bouro;Valdosende;Outros/Não definido;47.0;47.0;47.0;1800.0;03;0310;031015
2026;5;Braga;Terras de Bouro;Vilar da Veiga;LED;558.0;552.0;558.0;23666.0;03;0310;031017
2026;5;Braga;Terras de Bouro;Chorense e Monte;Outros/Não definido;29.0;29.0;29.0;;03;0310;031019
2026;5;Braga;Vieira do Minho;Cantelães;LED;447.0;445.0;447.0;18087.0;03;0311;031105
2026;5;Braga;Vieira do Minho;Guilhofrei;Indução;4.0;1.0;4.0;100.0;03;0311;031108
2026;5;Braga;Vieira do Minho;Guilhofrei;Outros/Não definido;3.0;3.0;3.0;135.0;03;0311;031108
2026;5;Braga;Vieira do Minho;Pinheiro;Indução;12.0;12.0;12.0;600.0;03;0311;031112
2026;5;Braga;Vieira do Minho;Tabuaças;LED;519.0;517.0;519.0;20051.0;03;0311;031118
2026;5;Braga;Vieira do Minho;Anissó e Soutelo;Indução;1.0;1.0;1.0;50.0;03;0311;031122
2026;5;Braga;Vieira do Minho;Anissó e Soutelo;Outros/Não definido;4.0;4.0;4.0;45.0;03;0311;031122
2026;5;Braga;Vieira do Minho;Caniçada e Soengas;LED;478.0;478.0;478.0;18738.0;03;0311;031124
2026;5;Braga;Vieira do Minho;Ruivães e Campos;LED;807.0;805.0;807.0;32092.5;03;0311;031125
2026;5;Braga;Vieira do Minho;Ventosa e Cova;Outros/Não definido;19.0;19.0;19.0;90.0;03;0311;031126
2026;5;Braga;Vila Nova de Famalicão;Bairro;Sódio;37.0;37.0;37.0;3420.0;03;0312;031204
2026;5;Braga;Vila Nova de Famalicão;Cruz;Outros/Não definido;2.0;2.0;2.0;90.0;03;0312;031212
2026;5;Braga;Vila Nova de Famalicão;Gavião;LED;468.0;459.0;468.0;26438.90012359619;03;0312;031216
2026;5;Braga;Vila Nova de Famalicão;Landim;LED;448.0;441.0;448.0;18546.0;03;0312;031221
2026;5;Braga;Vila Nova de Famalicão;Nine;Sódio;1.0;1.0;1.0;70.0;03;0312;031227
2026;5;Braga;Vila Nova de Famalicão;Pedome;LED;402.0;402.0;402.0;17556.0;03;0312;031230
2026;5;Braga;Vila Nova de Famalicão;Pousada de Saramagos;Outros/Não definido;5.0;5.0;5.0;56.0;03;0312;031232
2026;5;Braga;Vila Nova de Famalicão;Pousada de Saramagos;Sódio;86.0;86.0;86.0;6980.0;03;0312;031232
2026;5;Braga;Vila Nova de Famalicão;Riba de Ave;Iodeto Metálico;1.0;1.0;1.0;70.0;03;0312;031234
2026;5;Braga;Vila Nova de Famalicão;Riba de Ave;LED;627.0;604.0;627.0;28272.800117492676;03;0312;031234
2026;5;Braga;Vila Nova de Famalicão;Riba de Ave;Sódio;69.0;55.0;69.0;5210.0;03;0312;031234
2026;5;Braga;Vila Nova de Famalicão;Ribeirão;Sódio;1127.0;1094.0;1127.0;120310.0;03;0312;031235
2026;5;Braga;Vila Nova de Famalicão;Oliveira (Santa Maria);Iodeto Metálico;1.0;1.0;1.0;45.0;03;0312;031239
2026;5;Braga;Vila Nova de Famalicão;Oliveira (São Mateus);LED;467.0;463.0;467.0;22486.60007095337;03;0312;031242
2026;5;Braga;Vila Nova de Famalicão;Vermoim;Iodeto Metálico;18.0;10.0;18.0;780.0;03;0312;031247
2026;5;Braga;Vila Nova de Famalicão;Vermoim;Outros/Não definido;13.0;13.0;13.0;315.0;03;0312;031247
2026;5;Braga;Vila Nova de Famalicão;Vermoim;Sódio;85.0;82.0;85.0;9720.0;03;0312;031247
2026;5;Braga;Vila Nova de Famalicão;Antas e Abade de Vermoim;Iodeto Metálico;11.0;11.0;11.0;850.0;03;0312;031250
2026;5;Braga;Vila Nova de Famalicão;Antas e Abade de Vermoim;Outros/Não definido;67.0;69.0;75.0;300.0;03;0312;031250
2026;5;Braga;Vila Nova de Famalicão;Arnoso (Santa Maria e Santa Eulália) e Sezures;Outros/Não definido;7.0;7.0;7.0;420.0;03;0312;031251
2026;5;Braga;Vila Nova de Famalicão;Avidos e Lagoa;Mercúrio;1.0;1.0;1.0;80.0;03;0312;031252
2026;5;Braga;Vila Nova de Famalicão;Avidos e Lagoa;Outros/Não definido;3.0;3.0;3.0;;03;0312;031252
2026;5;Braga;Vila Nova de Famalicão;Carreira e Bente;Sódio;3.0;3.0;3.0;210.0;03;0312;031253
2026;5;Braga;Vila Nova de Famalicão;Lemenhe, Mouquim e Jesufrei;LED;1.0;1.0;1.0;45.0;03;0312;031256
2026;5;Braga;Vila Nova de Famalicão;Seide;Sódio;29.0;25.0;29.0;2360.0;03;0312;031258
2026;5;Braga;Vila Verde;Cabanelas;LED;507.0;507.0;507.0;16665.0;03;0313;031308
2026;5;Braga;Vila Verde;Cabanelas;Sódio;218.0;211.0;218.0;20890.0;03;0313;031308
2026;5;Braga;Vila Verde;Lanhas;LED;67.0;67.0;67.0;3598.2000045776367;03;0313;031324
2026;5;Braga;Vila Verde;Lanhas;Sódio;215.0;215.0;215.0;16760.0;03;0313;031324
2026;5;Braga;Vila Verde;Loureira;Outros/Não definido;110.0;110.0;110.0;395.0;03;0313;031325
2026;5;Braga;Vila Verde;Moure;Outros/Não definido;71.0;71.0;71.0;45.0;03;0313;031328
2026;5;Braga;Vila Verde;Pico;Sódio;229.0;227.0;229.0;20900.0;03;0313;031335
2026;5;Braga;Vila Verde;Sabariz;LED;143.0;143.0;143.0;5563.0;03;0313;031340
2026;5;Braga;Vila Verde;Sabariz;Sódio;90.0;89.0;90.0;7030.0;03;0313;031340
2026;5;Braga;Vila Verde;Prado (São Miguel);LED;159.0;159.0;159.0;5779.0;03;0313;031350
2026;5;Braga;Vila Verde;Prado (São Miguel);Outros/Não definido;3.0;3.0;3.0;;03;0313;031350
2026;5;Braga;Vila Verde;Prado (São Miguel);Sódio;153.0;153.0;153.0;13520.0;03;0313;031350
2026;5;Braga;Vila Verde;Ribeira do Neiva;LED;1854.0;1854.0;1854.0;57723.8000793457;03;0313;031360
2026;5;Braga;Vila Verde;Carreiras (São Miguel) e Carreiras (Santiago);LED;295.0;295.0;295.0;11800.0;03;0313;031361
2026;5;Braga;Vila Verde;Carreiras (São Miguel) e Carreiras (Santiago);Outros/Não definido;30.0;30.0;30.0;180.0;03;0313;031361
2026;5;Braga;Vila Verde;Escariz (São Mamede) e Escariz (São Martinho);Outros/Não definido;70.0;70.0;70.0;45.0;03;0313;031362
2026;5;Braga;Vila Verde;Oriz (Santa Marinha) e Oriz (São Miguel);LED;117.0;117.0;117.0;4049.0;03;0313;031365
2026;5;Braga;Vila Verde;Oriz (Santa Marinha) e Oriz (São Miguel);Outros/Não definido;1.0;1.0;1.0;;03;0313;031365
2026;5;Braga;Vila Verde;Vade;Outros/Não definido;120.0;117.0;117.0;140.0;03;0313;031369
2026;5;Braga;Vila Verde;Vila Verde e Barbudo;LED;698.0;683.0;698.0;33595.40000152588;03;0313;031370
2026;5;Braga;Vizela;Infias;Sódio;39.0;39.0;39.0;3920.0;03;0314;031404
2026;5;Braga;Vizela;Vizela (Santo Adrião);LED;485.0;483.0;485.0;21133.600059509277;03;0314;031406
2026;5;Braga;Vizela;Vizela (Santo Adrião);Sódio;78.0;78.0;78.0;5880.0;03;0314;031406
2026;5;Braga;Vizela;Tagilde e Vizela (São Paio);Outros/Não definido;24.0;24.0;24.0;;03;0314;031409
2026;5;Bragança;Bragança;Alfaião;Sódio;1.0;1.0;1.0;70.0;04;0402;040201
2026;5;Bragança;Bragança;Babe;LED;163.0;161.0;163.0;5389.0;04;0402;040203
2026;5;Bragança;Bragança;Babe;Outros/Não definido;3.0;3.0;3.0;;04;0402;040203
2026;5;Bragança;Bragança;Baçal;Sódio;20.0;20.0;20.0;1400.0;04;0402;040204
2026;5;Bragança;Bragança;Carragosa;LED;176.0;176.0;176.0;7129.0;04;0402;040206
2026;5;Bragança;Bragança;Carragosa;Outros/Não definido;3.0;3.0;3.0;;04;0402;040206
2026;5;Bragança;Bragança;Castro de Avelãs;LED;261.0;259.0;261.0;15239.0;04;0402;040209
2026;5;Bragança;Bragança;Castro de Avelãs;Outros/Não definido;3.0;3.0;3.0;45.0;04;0402;040209
2026;5;Bragança;Bragança;Coelhoso;LED;269.0;269.0;269.0;11133.0;04;0402;040210
2026;5;Bragança;Bragança;Donai;Outros/Não definido;8.0;8.0;8.0;45.0;04;0402;040212
2026;5;Bragança;Bragança;França;LED;240.0;241.0;241.0;9063.0;04;0402;040215
2026;5;Bragança;Bragança;Gondesende;Outros/Não definido;4.0;4.0;4.0;135.0;04;0402;040217
2026;5;Bragança;Bragança;Gostei;LED;454.0;451.0;454.0;19818.0;04;0402;040218
2026;5;Bragança;Bragança;Grijó de Parada;LED;192.0;192.0;192.0;8127.0;04;0402;040219
2026;5;Bragança;Bragança;Grijó de Parada;Outros/Não definido;1.0;1.0;1.0;;04;0402;040219
2026;5;Bragança;Bragança;Mós;LED;222.0;222.0;222.0;9783.0;04;0402;040224
2026;5;Bragança;Bragança;Mós;Outros/Não definido;1.0;1.0;1.0;;04;0402;040224
2026;5;Bragança;Bragança;Nogueira;Outros/Não definido;4.0;4.0;4.0;45.0;04;0402;040225
2026;5;Bragança;Bragança;Parâmio;Outros/Não definido;4.0;4.0;4.0;90.0;04;0402;040229
2026;5;Bragança;Bragança;Salsas;Sódio;23.0;23.0;33.0;1660.0;04;0402;040239
2026;5;Bragança;Bragança;Santa Comba de Rossas;LED;315.0;312.0;315.0;13042.0;04;0402;040241
2026;5;Bragança;Bragança;Santa Comba de Rossas;Outros/Não definido;3.0;3.0;3.0;135.0;04;0402;040241
2026;5;Bragança;Bragança;Sendas;LED;179.0;178.0;179.0;6000.0;04;0402;040246
2026;5;Bragança;Bragança;Sendas;Sódio;36.0;36.0;36.0;2520.0;04;0402;040246
2026;5;Bragança;Bragança;Sortes;LED;212.0;212.0;212.0;8676.0;04;0402;040248
2026;5;Bragança;Bragança;Zoio;LED;175.0;175.0;175.0;5996.0;04;0402;040249
2026;5;Bragança;Bragança;São Julião de Palácios e Deilão;LED;419.0;419.0;421.0;13654.0;04;0402;040256
2026;5;Bragança;Bragança;Sé, Santa Maria e Meixedo;Mercúrio;2.0;2.0;2.0;160.0;04;0402;040257
2026;5;Bragança;Bragança;Sé, Santa Maria e Meixedo;Sódio;63.0;61.0;63.0;6400.0;04;0402;040257
2026;5;Bragança;Carrazeda de Ansiães;Carrazeda de Ansiães;Outros/Não definido;207.0;167.0;207.0;180.0;04;0403;040304
2026;5;Bragança;Carrazeda de Ansiães;Carrazeda de Ansiães;Sódio;1.0;1.0;1.0;70.0;04;0403;040304
2026;5;Bragança;Macedo de Cavaleiros;Lamas;LED;225.0;223.0;225.0;10031.0;04;0405;040518
2026;5;Bragança;Macedo de Cavaleiros;Macedo de Cavaleiros;Iodeto Metálico;5.0;5.0;5.0;750.0;04;0405;040520
2026;5;Bragança;Macedo de Cavaleiros;Macedo de Cavaleiros;LED;2738.0;2486.0;2740.0;134319.20000076294;04;0405;040520
2026;5;Bragança;Macedo de Cavaleiros;Macedo de Cavaleiros;Sódio;105.0;92.0;113.0;10400.0;04;0405;040520
2026;5;Bragança;Miranda do douro;Miranda do Douro;Iodeto Metálico;19.0;19.0;19.0;1550.0;04;0406;040608
2026;5;Bragança;Mirandela;Mirandela;Iodeto Metálico;3.0;3.0;3.0;220.0;04;0407;040721
2026;5;Bragança;Mirandela;Mirandela;Mercúrio;4.0;4.0;4.0;1000.0;04;0407;040721
2026;5;Bragança;Mogadouro;Penas Roias;Sódio;4.0;4.0;4.0;280.0;04;0408;040812
2026;5;Bragança;Mogadouro;Mogadouro, Valverde, Vale de Porco e Vilar de Rei;Iodeto Metálico;107.0;101.0;107.0;13600.0;04;0408;040830
2026;5;Castelo Branco;Castelo Branco;Alcains;Sódio;697.0;675.0;697.0;77350.0;05;0502;050201
2026;5;Castelo Branco;Castelo Branco;Benquerenças;LED;814.0;785.0;814.0;58504.0001373291;05;0502;050203
2026;5;Castelo Branco;Castelo Branco;Benquerenças;Outros/Não definido;7.0;6.0;6.0;135.0;05;0502;050203
2026;5;Castelo Branco;Castelo Branco;Castelo Branco;Mercúrio;80.0;69.0;80.0;7060.0;05;0502;050205
2026;5;Castelo Branco;Castelo Branco;Lardosa;Outros/Não definido;4.0;3.0;3.0;135.0;05;0502;050211
2026;5;Castelo Branco;Castelo Branco;Lardosa;Sódio;55.0;45.0;55.0;3330.0;05;0502;050211
2026;5;Castelo Branco;Castelo Branco;Escalos de Cima e Lousa;LED;726.0;714.0;726.0;35023.80001831055;05;0502;050228
2026;5;Castelo Branco;Castelo Branco;Escalos de Cima e Lousa;Outros/Não definido;4.0;4.0;4.0;180.0;05;0502;050228
2026;5;Castelo Branco;Covilhã;Ferro;Outros/Não definido;24.0;18.0;18.0;495.0;05;0503;050311
2026;5;Castelo Branco;Covilhã;Covilhã e Canhoso;LED;2105.0;1864.0;2105.0;145878.30002593994;05;0503;050335
2026;5;Castelo Branco;Covilhã;Covilhã e Canhoso;Mercúrio;1.0;1.0;1.0;50.0;05;0503;050335
2026;5;Bragança;Carrazeda de Ansiães;Fonte Longa;Outros/Não definido;1.0;1.0;1.0;;04;0403;040306
2026;5;Bragança;Carrazeda de Ansiães;Pereiros;LED;141.0;141.0;141.0;4230.0;04;0403;040312
2026;5;Bragança;Carrazeda de Ansiães;Pombal;Outros/Não definido;17.0;17.0;17.0;90.0;04;0403;040314
2026;5;Bragança;Carrazeda de Ansiães;Seixo de Ansiães;Outros/Não definido;13.0;13.0;13.0;;04;0403;040316
2026;5;Bragança;Carrazeda de Ansiães;Vilarinho da Castanheira;LED;252.0;251.0;251.0;10570.0;04;0403;040318
2026;5;Bragança;Carrazeda de Ansiães;Vilarinho da Castanheira;Outros/Não definido;3.0;3.0;3.0;135.0;04;0403;040318
2026;5;Bragança;Carrazeda de Ansiães;Lavandeira, Beira Grande e Selores;LED;356.0;355.0;355.0;10788.0;04;0403;040323
2026;5;Bragança;Carrazeda de Ansiães;Lavandeira, Beira Grande e Selores;Outros/Não definido;15.0;15.0;15.0;;04;0403;040323
2026;5;Bragança;Macedo de Cavaleiros;Amendoeira;LED;639.0;639.0;639.0;34568.40000152588;04;0405;040502
2026;5;Bragança;Macedo de Cavaleiros;Chacim;Sódio;2.0;2.0;2.0;220.0;04;0405;040509
2026;5;Bragança;Macedo de Cavaleiros;Corujas;LED;97.0;97.0;97.0;2884.0;04;0405;040511
2026;5;Bragança;Macedo de Cavaleiros;Lagoa;Outros/Não definido;28.0;26.0;36.0;;04;0405;040516
2026;5;Bragança;Macedo de Cavaleiros;Lamalonga;Outros/Não definido;10.0;10.0;10.0;;04;0405;040517
2026;5;Bragança;Macedo de Cavaleiros;Sezulfe;LED;304.0;302.0;304.0;12673.0;04;0405;040528
2026;5;Bragança;Macedo de Cavaleiros;Talhas;Outros/Não definido;18.0;18.0;18.0;;04;0405;040530
2026;5;Bragança;Macedo de Cavaleiros;Vale Benfeito;Outros/Não definido;1.0;1.0;1.0;45.0;04;0405;040532
2026;5;Bragança;Alfândega da Fé;Alfândega da Fé;Outros/Não definido;44.0;44.0;44.0;540.0;04;0401;040102
2026;5;Bragança;Alfândega da Fé;Sambade;LED;553.0;546.0;557.0;20940.0;04;0401;040111
2026;5;Bragança;Alfândega da Fé;Ferradosa e Sendim da Serra;LED;204.0;204.0;204.0;7910.0;04;0401;040123
2026;5;Bragança;Alfândega da Fé;Gebelim e Soeima;LED;319.0;319.0;319.0;12658.0;04;0401;040124
2026;5;Bragança;Alfândega da Fé;Gebelim e Soeima;Outros/Não definido;6.0;6.0;6.0;;04;0401;040124
2026;5;Bragança;Freixo de Espada À Cinta;Freixo de Espada à Cinta e Mazouco;Sódio;1.0;1.0;1.0;70.0;04;0404;040407
2026;5;Bragança;Freixo de Espada À Cinta;Lagoaça e Fornos;LED;568.0;565.0;568.0;21789.59999847412;04;0404;040408
2026;5;Bragança;Macedo de Cavaleiros;Vale de Prados;Outros/Não definido;12.0;12.0;12.0;45.0;04;0405;040534
2026;5;Bragança;Macedo de Cavaleiros;Vilarinho de Agrochão;LED;158.0;158.0;158.0;6856.0;04;0405;040536
2026;5;Bragança;Macedo de Cavaleiros;Vilarinho de Agrochão;Sódio;6.0;6.0;6.0;420.0;04;0405;040536
2026;5;Bragança;Macedo de Cavaleiros;Vinhas;LED;251.0;251.0;251.0;9070.0;04;0405;040538
2026;5;Bragança;Macedo de Cavaleiros;Vinhas;Outros/Não definido;5.0;5.0;5.0;135.0;04;0405;040538
2026;5;Bragança;Macedo de Cavaleiros;Ala e Vilarinho do Monte;Sódio;94.0;94.0;94.0;6880.0;04;0405;040539
2026;5;Bragança;Macedo de Cavaleiros;Bornes e Burga;LED;441.0;441.0;441.0;22262.700004577637;04;0405;040540
2026;5;Bragança;Macedo de Cavaleiros;Castelãos e Vilar do Monte;LED;345.0;345.0;345.0;13319.0;04;0405;040541
2026;5;Bragança;Macedo de Cavaleiros;Castelãos e Vilar do Monte;Sódio;6.0;6.0;6.0;820.0;04;0405;040541
2026;5;Bragança;Macedo de Cavaleiros;Espadanedo, Edroso, Murçós e Soutelo Mourisco;LED;591.0;587.0;587.0;22886.0;04;0405;040542
2026;5;Bragança;Miranda do douro;Duas Igrejas;LED;561.0;557.0;561.0;19231.599910736084;04;0406;040604
2026;5;Bragança;Miranda do douro;Duas Igrejas;Outros/Não definido;3.0;3.0;3.0;;04;0406;040604
2026;5;Bragança;Miranda do douro;Duas Igrejas;Sódio;5.0;5.0;5.0;350.0;04;0406;040604
2026;5;Bragança;Miranda do douro;Genísio;LED;262.0;262.0;262.0;12316.0;04;0406;040605
2026;5;Bragança;Miranda do douro;Malhadas;Sódio;3.0;3.0;3.0;450.0;04;0406;040607
2026;5;Bragança;Miranda do douro;Palaçoulo;LED;345.0;341.0;345.0;13212.000040054321;04;0406;040609
2026;5;Bragança;Miranda do douro;Picote;Outros/Não definido;25.0;25.0;25.0;630.0;04;0406;040611
2026;5;Bragança;Miranda do douro;São Martinho de Angueira;Sódio;2.0;2.0;2.0;140.0;04;0406;040613
2026;5;Bragança;Miranda do douro;Vila Chã de Braciosa;LED;357.0;350.0;350.0;12642.800003051758;04;0406;040616
2026;5;Bragança;Miranda do douro;Ifanes e Paradela;LED;281.0;273.0;273.0;11963.0;04;0406;040619
2026;5;Bragança;Miranda do douro;Sendim e Atenor;LED;989.0;950.0;988.0;35874.39986228943;04;0406;040620
2026;5;Bragança;Miranda do douro;Sendim e Atenor;Outros/Não definido;37.0;37.0;37.0;;04;0406;040620
2026;5;Bragança;Miranda do douro;Silva e Águas Vivas;LED;403.0;387.0;387.0;16936.400009155273;04;0406;040621
2026;5;Bragança;Mirandela;Abreiro;LED;142.0;142.0;142.0;5458.0;04;0407;040702
2026;5;Bragança;Mirandela;Abreiro;Sódio;1.0;1.0;1.0;70.0;04;0407;040702
2026;5;Bragança;Mirandela;Aguieiras;Outros/Não definido;4.0;4.0;4.0;45.0;04;0407;040703
2026;5;Bragança;Mirandela;Alvites;LED;223.0;223.0;223.0;8930.0;04;0407;040704
2026;5;Bragança;Mirandela;Cabanelas;LED;249.0;248.0;248.0;10277.0;04;0407;040709
2026;5;Bragança;Mirandela;Cabanelas;Outros/Não definido;4.0;4.0;4.0;135.0;04;0407;040709
2026;5;Bragança;Mirandela;Carvalhais;Outros/Não definido;19.0;19.0;19.0;145.0;04;0407;040711
2026;5;Bragança;Mirandela;Cedães;Outros/Não definido;20.0;20.0;20.0;225.0;04;0407;040712
2026;5;Bragança;Mirandela;Cedães;Sódio;11.0;11.0;11.0;770.0;04;0407;040712
2026;5;Bragança;Mirandela;Fradizela;Outros/Não definido;4.0;4.0;4.0;;04;0407;040714
2026;5;Bragança;Mirandela;Frechas;Sódio;48.0;48.0;48.0;3360.0;04;0407;040716
2026;5;Bragança;Mirandela;Lamas de Orelhão;LED;225.0;225.0;225.0;8643.0;04;0407;040718
2026;5;Bragança;Mirandela;Lamas de Orelhão;Outros/Não definido;4.0;4.0;4.0;;04;0407;040718
2026;5;Bragança;Mirandela;Múrias;LED;224.0;224.0;224.0;8962.0;04;0407;040722
2026;5;Bragança;Mirandela;Passos;Outros/Não definido;3.0;3.0;3.0;90.0;04;0407;040724
2026;5;Bragança;Mirandela;São Pedro Velho;Outros/Não definido;12.0;12.0;12.0;;04;0407;040727
2026;5;Bragança;Mirandela;São Pedro Velho;Sódio;1.0;1.0;1.0;70.0;04;0407;040727
2026;5;Bragança;Mirandela;Suçães;Outros/Não definido;9.0;9.0;9.0;70.0;04;0407;040729
2026;5;Bragança;Mirandela;Torre de Dona Chama;Outros/Não definido;10.0;10.0;10.0;135.0;04;0407;040730
2026;5;Bragança;Mirandela;Torre de Dona Chama;Sódio;6.0;6.0;6.0;420.0;04;0407;040730
2026;5;Bragança;Mirandela;Vale de Asnes;Outros/Não definido;11.0;11.0;11.0;45.0;04;0407;040731
2026;5;Bragança;Mirandela;Vale de Telhas;Outros/Não definido;7.0;7.0;7.0;;04;0407;040734
2026;5;Bragança;Mirandela;Avantos e Romeu;Sódio;21.0;21.0;21.0;2130.0;04;0407;040738
2026;5;Bragança;Mirandela;Avidagos, Navalho e Pereira;Sódio;13.0;7.0;13.0;490.0;04;0407;040739
2026;5;Bragança;Mirandela;Barcel, Marmelos e Valverde da Gestosa;LED;245.0;245.0;245.0;9570.5;04;0407;040740
2026;5;Bragança;Mirandela;Freixeda e Vila Verde;Outros/Não definido;11.0;11.0;11.0;;04;0407;040742
2026;5;Bragança;Mirandela;Freixeda e Vila Verde;Sódio;2.0;2.0;2.0;140.0;04;0407;040742
2026;5;Bragança;Mogadouro;Azinhoso;Outros/Não definido;8.0;8.0;8.0;90.0;04;0408;040801
2026;5;Bragança;Mogadouro;Azinhoso;Sódio;25.0;25.0;25.0;3110.0;04;0408;040801
2026;5;Bragança;Mogadouro;Bemposta;LED;564.0;553.0;564.0;25125.0;04;0408;040802
2026;5;Bragança;Mogadouro;Bruçó;LED;186.0;186.0;186.0;7168.0;04;0408;040803
2026;5;Bragança;Mogadouro;Castelo Branco;Outros/Não definido;18.0;18.0;18.0;505.0;04;0408;040807
2026;5;Bragança;Mogadouro;Peredo da Bemposta;LED;216.0;216.0;216.0;8033.0;04;0408;040813
2026;5;Bragança;Mogadouro;São Martinho do Peso;Outros/Não definido;10.0;8.0;10.0;;04;0408;040817
2026;5;Bragança;Mogadouro;Travanca;LED;106.0;106.0;106.0;3177.0;04;0408;040820
2026;5;Bragança;Mogadouro;Brunhozinho, Castanheira e Sanhoane;LED;296.0;296.0;296.0;12349.000007629395;04;0408;040829
2026;5;Bragança;Mogadouro;Remondes e Soutelo;LED;278.0;278.0;278.0;9599.000015258789;04;0408;040831
2026;5;Bragança;Vimioso;Algoso, Campo de Víboras e Uva;LED;697.0;684.0;697.0;26205.0;04;0411;041115
2026;5;Bragança;Vimioso;Caçarelhos e Angueira;LED;392.0;390.0;392.0;12439.100002288818;04;0411;041116
2026;5;Bragança;Vimioso;Vale de Frades e Avelanoso;LED;432.0;430.0;432.0;12260.0;04;0411;041117
2026;5;Bragança;Vinhais;Edrosa;LED;174.0;174.0;174.0;6604.0;04;0412;041207
2026;5;Bragança;Vinhais;Paçó;Sódio;1.0;1.0;1.0;70.0;04;0412;041215
2026;5;Bragança;Vinhais;Tuizelo;Outros/Não definido;9.0;9.0;9.0;342.0;04;0412;041226
2026;5;Bragança;Vinhais;Vale das Fontes;LED;307.0;307.0;307.0;10780.400001525879;04;0412;041227
2026;5;Bragança;Vinhais;Vale das Fontes;Outros/Não definido;24.0;24.0;24.0;;04;0412;041227
2026;5;Bragança;Vinhais;Vilar de Ossos;Sódio;9.0;9.0;9.0;630.0;04;0412;041232
2026;5;Bragança;Vinhais;Vilar de Peregrinos;Outros/Não definido;9.0;9.0;9.0;250.0;04;0412;041233
2026;5;Bragança;Vinhais;Vilar de Peregrinos;Sódio;2.0;2.0;2.0;140.0;04;0412;041233
2026;5;Bragança;Vinhais;Moimenta e Montouto;Outros/Não definido;8.0;8.0;8.0;90.0;04;0412;041237
2026;5;Bragança;Vinhais;Moimenta e Montouto;Sódio;1.0;1.0;1.0;70.0;04;0412;041237
2026;5;Bragança;Vinhais;Nunes e Ousilhão;Outros/Não definido;11.0;11.0;11.0;180.0;04;0412;041238
2026;5;Bragança;Vinhais;Sobreiro de Baixo e Alvaredos;LED;360.0;360.0;360.0;14018.0;04;0412;041240
2026;5;Bragança;Vinhais;Travanca e Santa Cruz;LED;206.0;206.0;206.0;7990.0;04;0412;041242
2026;5;Bragança;Vinhais;Travanca e Santa Cruz;Outros/Não definido;4.0;4.0;4.0;45.0;04;0412;041242
2026;5;Bragança;Vinhais;Vilar de Lomba e São Jomil;LED;266.0;262.0;266.0;10041.0;04;0412;041243
2026;5;Bragança;Vinhais;Vilar de Lomba e São Jomil;Outros/Não definido;8.0;8.0;8.0;270.0;04;0412;041243
2026;5;Castelo Branco;Castelo Branco;Almaceda;LED;605.0;605.0;605.0;19079.20002746582;05;0502;050202
2026;5;Castelo Branco;Castelo Branco;Almaceda;Sódio;241.0;242.0;242.0;16670.0;05;0502;050202
2026;5;Castelo Branco;Castelo Branco;Louriçal do Campo;LED;494.0;493.0;493.0;19810.200065612793;05;0502;050212
2026;5;Castelo Branco;Castelo Branco;Louriçal do Campo;Outros/Não definido;10.0;6.0;6.0;219.0;05;0502;050212
2026;5;Castelo Branco;Castelo Branco;Louriçal do Campo;Sódio;39.0;30.0;39.0;2530.0;05;0502;050212
2026;5;Castelo Branco;Castelo Branco;Salgueiro do Campo;LED;221.0;221.0;221.0;9839.800094604492;05;0502;050220
2026;5;Castelo Branco;Castelo Branco;Santo André das Tojeiras;Mercúrio;9.0;9.0;9.0;450.0;05;0502;050221
2026;5;Castelo Branco;Castelo Branco;Santo André das Tojeiras;Sódio;196.0;196.0;196.0;11630.0;05;0502;050221
2026;5;Castelo Branco;Castelo Branco;Tinalhas;LED;326.0;326.0;326.0;12086.00006866455;05;0502;050225
2026;5;Castelo Branco;Castelo Branco;Tinalhas;Mercúrio;4.0;4.0;4.0;200.0;05;0502;050225
2026;5;Castelo Branco;Castelo Branco;Cebolais de Cima e Retaxo;LED;784.0;784.0;784.0;30214.00016784668;05;0502;050226
2026;5;Castelo Branco;Castelo Branco;Cebolais de Cima e Retaxo;Mercúrio;9.0;9.0;9.0;450.0;05;0502;050226
2026;5;Castelo Branco;Castelo Branco;Escalos de Baixo e Mata;Sódio;24.0;24.0;24.0;1920.0;05;0502;050227
2026;5;Castelo Branco;Castelo Branco;Freixial e Juncal do Campo;Mercúrio;1.0;1.0;1.0;50.0;05;0502;050229
2026;5;Castelo Branco;Castelo Branco;Póvoa de Rio de Moinhos e Cafede;LED;408.0;407.0;408.0;15048.600044250488;05;0502;050231
2026;5;Castelo Branco;Covilhã;Aldeia de São Francisco de Assis;Mercúrio;2.0;2.0;2.0;100.0;05;0503;050302
2026;5;Castelo Branco;Covilhã;Aldeia de São Francisco de Assis;Sódio;520.0;519.0;520.0;37670.0;05;0503;050302
2026;5;Castelo Branco;Covilhã;Boidobra;Outros/Não definido;24.0;20.0;20.0;;05;0503;050305
2026;5;Castelo Branco;Covilhã;Boidobra;Sódio;1293.0;1238.0;1293.0;149190.0;05;0503;050305
2026;5;Castelo Branco;Covilhã;Cortes do Meio;Outros/Não definido;10.0;4.0;4.0;180.0;05;0503;050308
2026;5;Castelo Branco;Covilhã;Dominguizo;Sódio;407.0;405.0;407.0;33060.0;05;0503;050309
2026;5;Castelo Branco;Covilhã;Paul;LED;37.0;34.0;37.0;1299.0;05;0503;050314
2026;5;Castelo Branco;Covilhã;Paul;Outros/Não definido;8.0;7.0;7.0;;05;0503;050314
2026;5;Castelo Branco;Covilhã;São Jorge da Beira;LED;63.0;63.0;63.0;2411.0;05;0503;050318
2026;5;Castelo Branco;Covilhã;São Jorge da Beira;Sódio;467.0;465.0;467.0;35310.0;05;0503;050318
2026;5;Castelo Branco;Covilhã;Tortosendo;Mercúrio;3.0;3.0;3.0;150.0;05;0503;050324
2026;5;Castelo Branco;Covilhã;Tortosendo;Outros/Não definido;5.0;5.0;5.0;;05;0503;050324
2026;5;Castelo Branco;Covilhã;Unhais da Serra;Sódio;810.0;792.0;810.0;72930.0;05;0503;050325
2026;5;Castelo Branco;Covilhã;Verdelhos;Mercúrio;2.0;2.0;2.0;100.0;05;0503;050327
2026;5;Castelo Branco;Covilhã;Verdelhos;Outros/Não definido;3.0;;;;05;0503;050327
2026;5;Castelo Branco;Covilhã;Verdelhos;Sódio;335.0;335.0;335.0;23840.0;05;0503;050327
2026;5;Castelo Branco;Covilhã;Barco e Coutada;LED;107.0;107.0;107.0;3654.0;05;0503;050332
2026;5;Castelo Branco;Covilhã;Cantar-Galo e Vila do Carvalho;Outros/Não definido;4.0;2.0;2.0;;05;0503;050333
2026;5;Castelo Branco;Covilhã;Cantar-Galo e Vila do Carvalho;Sódio;982.0;950.0;982.0;80300.0;05;0503;050333
2026;5;Castelo Branco;Covilhã;Casegas e Ourondo;Mercúrio;2.0;2.0;2.0;120.0;05;0503;050334
2026;5;Castelo Branco;Covilhã;Casegas e Ourondo;Outros/Não definido;22.0;13.0;13.0;;05;0503;050334
2026;5;Castelo Branco;Proença-a-Nova;Proença-a-Nova e Peral;LED;3079.0;3076.0;3077.0;118956.20010375977;05;0508;050807
2026;5;Castelo Branco;Proença-a-Nova;Proença-a-Nova e Peral;Mercúrio;6.0;6.0;6.0;405.0;05;0508;050807
2026;5;Castelo Branco;Sertã;Sertã;Sódio;801.0;780.0;801.0;85460.0;05;0509;050912
2026;5;Castelo Branco;Vila de Rei;Vila de Rei;LED;2763.0;2705.0;2762.0;125346.50046539307;05;0510;051003
2026;5;Castelo Branco;Vila de Rei;Vila de Rei;Mercúrio;9.0;9.0;9.0;500.0;05;0510;051003
2026;5;Castelo Branco;Vila de Rei;Vila de Rei;Outros/Não definido;66.0;66.0;66.0;1924.0;05;0510;051003
2026;5;Castelo Branco;Vila Velha de Ródão;Vila Velha de Ródão;Iodeto Metálico;6.0;6.0;6.0;900.0;05;0511;051104
2026;5;Castelo Branco;Vila Velha de Ródão;Vila Velha de Ródão;Outros/Não definido;43.0;43.0;43.0;160.0;05;0511;051104
2026;5;Coimbra;Cantanhede;Febres;Outros/Não definido;3.0;3.0;3.0;45.0;06;0602;060207
2026;5;Coimbra;Cantanhede;Cantanhede e Pocariça;LED;3241.0;3121.0;3241.0;163493.1001548767;06;0602;060220
2026;5;Coimbra;Cantanhede;Cantanhede e Pocariça;Outros/Não definido;25.0;25.0;27.0;90.0;06;0602;060220
2026;5;Coimbra;Cantanhede;Cantanhede e Pocariça;Sódio;742.0;705.0;744.0;85570.0;06;0602;060220
2026;5;Coimbra;Cantanhede;Sepins e Bolho;Sódio;20.0;20.0;20.0;1580.0;06;0602;060223
2026;5;Coimbra;Coimbra;Santo António dos Olivais;Iodeto Metálico;60.0;52.0;60.0;5690.0;06;0603;060318
2026;5;Coimbra;Coimbra;Santo António dos Olivais;LED;6212.0;5749.0;6214.0;293391.90002059937;06;0603;060318
2026;5;Coimbra;Coimbra;Santo António dos Olivais;Mercúrio;104.0;100.0;104.0;11090.0;06;0603;060318
2026;5;Coimbra;Coimbra;Santo António dos Olivais;Sódio;2977.0;2671.0;2981.0;342600.0;06;0603;060318
2026;5;Coimbra;Coimbra;Assafarge e Antanhol;LED;1431.0;1416.0;1431.0;57424.5000038147;06;0603;060333
2026;5;Coimbra;Coimbra;Assafarge e Antanhol;Sódio;632.0;593.0;632.0;83380.0;06;0603;060333
2026;5;Coimbra;Coimbra;Sé Nova, Santa Cruz, Almedina e São Bartolomeu;Iodeto Metálico;16.0;16.0;16.0;1120.0;06;0603;060334
2026;5;Coimbra;Coimbra;Sé Nova, Santa Cruz, Almedina e São Bartolomeu;LED;3407.0;3221.0;3407.0;214185.899892807;06;0603;060334
2026;5;Coimbra;Coimbra;Eiras e São Paulo de Frades;Mercúrio;57.0;57.0;57.0;5985.0;06;0603;060335
2026;5;Coimbra;Coimbra;Eiras e São Paulo de Frades;Outros/Não definido;128.0;116.0;128.0;1295.0;06;0603;060335
2026;5;Coimbra;Coimbra;Eiras e São Paulo de Frades;Sódio;2335.0;2233.0;2335.0;254500.0;06;0603;060335
2026;5;Coimbra;Coimbra;Santa Clara e Castelo Viegas;Sódio;1563.0;1424.0;1563.0;192390.0;06;0603;060336
2026;5;Coimbra;Coimbra;São Martinho do Bispo e Ribeira de Frades;Mercúrio;7.0;7.0;7.0;575.0;06;0603;060338
2026;5;Coimbra;Coimbra;São Martinho do Bispo e Ribeira de Frades;Outros/Não definido;77.0;77.0;77.0;945.0;06;0603;060338
2026;5;Coimbra;Coimbra;Taveiro, Ameal e Arzila;Sódio;1217.0;1215.0;1217.0;123470.0;06;0603;060340
2026;5;Coimbra;Condeixa-a-Nova;Anobra;LED;585.0;582.0;585.0;17362.0;06;0604;060401
2026;5;Coimbra;Figueira da Foz;Alqueidão;LED;723.0;720.0;723.0;17357.0;06;0605;060502
2026;5;Coimbra;Figueira da Foz;Maiorca;Sódio;1.0;1.0;1.0;70.0;06;0605;060507
2026;5;Coimbra;Figueira da Foz;Marinha das Ondas;Sódio;7.0;7.0;7.0;350.0;06;0605;060508
2026;5;Coimbra;Figueira da Foz;Buarcos e São Julião;Outros/Não definido;100.0;100.0;100.0;90.0;06;0605;060520
2026;5;Coimbra;Góis;Alvares;LED;1336.0;1337.0;1337.0;41978.0;06;0606;060601
2026;5;Coimbra;Góis;Alvares;Sódio;239.0;239.0;239.0;15260.0;06;0606;060601
2026;5;Coimbra;Mira;Mira;Outros/Não definido;17.0;17.0;17.0;630.0;06;0608;060801
2026;5;Coimbra;Mira;Mira;Sódio;78.0;78.0;78.0;5770.0;06;0608;060801
2026;5;Coimbra;Mira;Praia de Mira;Iodeto Metálico;4.0;1.0;4.0;70.0;06;0608;060804
2026;5;Coimbra;Miranda do Corvo;Miranda do Corvo;Iodeto Metálico;74.0;67.0;74.0;8070.0;06;0609;060902
2026;5;Coimbra;Miranda do Corvo;Miranda do Corvo;LED;2824.0;2749.0;2857.0;104922.90000152588;06;0609;060902
2026;5;Coimbra;Miranda do Corvo;Miranda do Corvo;Outros/Não definido;8.0;8.0;8.0;1000.0;06;0609;060902
2026;5;Coimbra;Miranda do Corvo;Miranda do Corvo;Sódio;183.0;177.0;183.0;17430.0;06;0609;060902
2026;5;Coimbra;Montemor-o-Velho;Carapinheira;LED;1091.0;1058.0;1091.0;44759.60008239746;06;0610;061003
2026;5;Coimbra;Montemor-o-Velho;Carapinheira;Mercúrio;8.0;8.0;8.0;400.0;06;0610;061003
2026;5;Coimbra;Montemor-o-Velho;Carapinheira;Outros/Não definido;10.0;10.0;10.0;1500.0;06;0610;061003
2026;5;Coimbra;Montemor-o-Velho;Carapinheira;Sódio;102.0;102.0;102.0;7220.0;06;0610;061003
2026;5;Castelo Branco;Covilhã;Teixoso e Sarzedo;LED;249.0;247.0;249.0;10159.70000076294;05;0503;050337
2026;5;Castelo Branco;Covilhã;Teixoso e Sarzedo;Mercúrio;2.0;2.0;2.0;130.0;05;0503;050337
2026;5;Castelo Branco;Fundão;Alcaide;LED;489.0;489.0;489.0;14279.0;05;0504;050401
2026;5;Castelo Branco;Fundão;Alpedrinha;LED;751.0;749.0;749.0;22153.0;05;0504;050406
2026;5;Castelo Branco;Fundão;Capinha;LED;439.0;439.0;439.0;11093.0;05;0504;050411
2026;5;Bragança;Torre de Moncorvo;Carviçais;Sódio;15.0;15.0;15.0;1050.0;04;0409;040905
2026;5;Bragança;Torre de Moncorvo;Horta da Vilariça;Iodeto Metálico;10.0;10.0;10.0;1000.0;04;0409;040909
2026;5;Bragança;Torre de Moncorvo;Larinho;Fluorescente;9.0;9.0;9.0;450.0;04;0409;040910
2026;5;Bragança;Torre de Moncorvo;Lousa;LED;377.0;377.0;377.0;14298.0;04;0409;040911
2026;5;Bragança;Torre de Moncorvo;Lousa;Outros/Não definido;2.0;2.0;2.0;;04;0409;040911
2026;5;Bragança;Torre de Moncorvo;Mós;LED;137.0;137.0;137.0;2836.0;04;0409;040913
2026;5;Bragança;Torre de Moncorvo;Torre de Moncorvo;Outros/Não definido;21.0;21.0;21.0;;04;0409;040916
2026;5;Bragança;Torre de Moncorvo;Torre de Moncorvo;Sódio;37.0;37.0;37.0;4030.0;04;0409;040916
2026;5;Bragança;Torre de Moncorvo;Adeganha e Cardanha;LED;419.0;419.0;419.0;8778.0;04;0409;040918
2026;5;Bragança;Torre de Moncorvo;Felgar e Souto da Velha;Iodeto Metálico;15.0;15.0;15.0;1500.0;04;0409;040919
2026;5;Bragança;Torre de Moncorvo;Felgar e Souto da Velha;Sódio;23.0;23.0;23.0;1940.0;04;0409;040919
2026;5;Bragança;Torre de Moncorvo;Urros e Peredo dos Castelhanos;LED;379.0;379.0;379.0;8150.0;04;0409;040921
2026;5;Bragança;Torre de Moncorvo;Urros e Peredo dos Castelhanos;Sódio;1.0;1.0;1.0;70.0;04;0409;040921
2026;5;Bragança;Vila Flor;Freixiel;LED;466.0;466.0;466.0;20513.800102233887;04;0410;041005
2026;5;Bragança;Vila Flor;Freixiel;Outros/Não definido;10.0;10.0;10.0;;04;0410;041005
2026;5;Bragança;Vila Flor;Roios;LED;100.0;100.0;100.0;3010.0;04;0410;041009
2026;5;Bragança;Vila Flor;Samões;Iodeto Metálico;3.0;3.0;3.0;300.0;04;0410;041010
2026;5;Bragança;Vila Flor;Samões;LED;366.0;336.0;366.0;12511.0;04;0410;041010
2026;5;Bragança;Vila Flor;Samões;Sódio;5.0;5.0;5.0;350.0;04;0410;041010
2026;5;Bragança;Vila Flor;Sampaio;Sódio;9.0;9.0;9.0;630.0;04;0410;041011
2026;5;Bragança;Vila Flor;Seixo de Manhoses;Outros/Não definido;7.0;7.0;7.0;;04;0410;041013
2026;5;Bragança;Vila Flor;Trindade;LED;155.0;155.0;155.0;4831.0;04;0410;041014
2026;5;Bragança;Vila Flor;Assares e Lodões;LED;250.0;249.0;250.0;8506.0;04;0410;041020
2026;5;Bragança;Vila Flor;Candoso e Carvalho de Egas;Outros/Não definido;1.0;1.0;1.0;45.0;04;0410;041021
2026;5;Bragança;Vila Flor;Vilas Boas e Vilarinho das Azenhas;Sódio;11.0;11.0;11.0;770.0;04;0410;041024
2026;5;Castelo Branco;Belmonte;Caria;LED;1400.0;1371.0;1400.0;57325.0;05;0501;050102
2026;5;Castelo Branco;Belmonte;Maçainhas;Outros/Não definido;8.0;8.0;8.0;;05;0501;050105
2026;5;Castelo Branco;Belmonte;Belmonte e Colmeal da Torre;Sódio;42.0;41.0;42.0;3170.0;05;0501;050106
2026;5;Castelo Branco;Fundão;Castelejo;LED;488.0;487.0;487.0;13246.0;05;0504;050412
2026;5;Castelo Branco;Fundão;Orca;LED;585.0;585.0;585.0;14944.0;05;0504;050420
2026;5;Castelo Branco;Idanha-a-Nova;Medelim;Sódio;1.0;1.0;1.0;70.0;05;0505;050506
2026;5;Castelo Branco;Idanha-a-Nova;Penha Garcia;LED;574.0;572.0;574.0;24805.0;05;0505;050510
2026;5;Castelo Branco;Idanha-a-Nova;Penha Garcia;Sódio;119.0;119.0;119.0;9280.0;05;0505;050510
2026;5;Castelo Branco;Idanha-a-Nova;Proença-a-Velha;Outros/Não definido;2.0;1.0;2.0;;05;0505;050511
2026;5;Castelo Branco;Idanha-a-Nova;Proença-a-Velha;Sódio;23.0;23.0;23.0;2270.0;05;0505;050511
2026;5;Castelo Branco;Idanha-a-Nova;São Miguel de Acha;LED;389.0;386.0;389.0;12933.000038146973;05;0505;050514
2026;5;Castelo Branco;Idanha-a-Nova;São Miguel de Acha;Outros/Não definido;25.0;25.0;25.0;135.0;05;0505;050514
2026;5;Castelo Branco;Idanha-a-Nova;Monsanto e Idanha-a-Velha;Outros/Não definido;4.0;4.0;4.0;;05;0505;050520
2026;5;Castelo Branco;Idanha-a-Nova;Monsanto e Idanha-a-Velha;Sódio;515.0;500.0;515.0;43230.0;05;0505;050520
2026;5;Castelo Branco;Proença-a-Nova;Montes da Senhora;LED;1062.0;1059.0;1059.0;36768.40000152588;05;0508;050802
2026;5;Castelo Branco;Proença-a-Nova;Montes da Senhora;Sódio;45.0;45.0;45.0;3110.0;05;0508;050802
2026;5;Castelo Branco;Proença-a-Nova;Sobreira Formosa e Alvito da Beira;Mercúrio;5.0;5.0;5.0;250.0;05;0508;050808
2026;5;Castelo Branco;Sertã;Cabeçudo;Outros/Não definido;10.0;10.0;10.0;215.0;05;0509;050901
2026;5;Castelo Branco;Sertã;Carvalhal;LED;362.0;360.0;362.0;12107.600051879883;05;0509;050902
2026;5;Castelo Branco;Sertã;Pedrógão Pequeno;LED;864.0;865.0;864.0;30970.60041809082;05;0509;050911
2026;5;Castelo Branco;Sertã;Pedrógão Pequeno;Mercúrio;6.0;6.0;6.0;400.0;05;0509;050911
2026;5;Castelo Branco;Sertã;Pedrógão Pequeno;Sódio;177.0;174.0;177.0;19060.0;05;0509;050911
2026;5;Castelo Branco;Sertã;Troviscal;LED;867.0;861.0;863.0;30767.00057220459;05;0509;050913
2026;5;Castelo Branco;Sertã;Várzea dos Cavaleiros;Outros/Não definido;17.0;17.0;17.0;225.0;05;0509;050914
2026;5;Castelo Branco;Sertã;Várzea dos Cavaleiros;Sódio;1.0;1.0;1.0;50.0;05;0509;050914
2026;5;Castelo Branco;Sertã;Cernache do Bonjardim, Nesperal e Palhais;LED;2798.0;2751.0;2791.0;109498.40112304688;05;0509;050915
2026;5;Castelo Branco;Sertã;Cernache do Bonjardim, Nesperal e Palhais;Outros/Não definido;42.0;42.0;42.0;;05;0509;050915
2026;5;Castelo Branco;Sertã;Cumeada e Marmeleiro;Outros/Não definido;32.0;32.0;32.0;440.0;05;0509;050916
2026;5;Castelo Branco;Sertã;Ermida e Figueiredo;LED;466.0;461.0;465.0;16985.400184631348;05;0509;050917
2026;5;Castelo Branco;Sertã;Ermida e Figueiredo;Outros/Não definido;16.0;16.0;16.0;;05;0509;050917
2026;5;Castelo Branco;Vila de Rei;Fundada;LED;622.0;622.0;622.0;29021.6000289917;05;0510;051001
2026;5;Castelo Branco;Vila de Rei;São João do Peso;Sódio;15.0;15.0;15.0;1440.0;05;0510;051002
2026;5;Castelo Branco;Vila Velha de Ródão;Fratel;LED;745.0;740.0;740.0;27942.0;05;0511;051101
2026;5;Castelo Branco;Vila Velha de Ródão;Perais;Sódio;4.0;4.0;4.0;200.0;05;0511;051102
2026;5;Castelo Branco;Vila Velha de Ródão;Sarnadas de Ródão;Outros/Não definido;2.0;2.0;2.0;;05;0511;051103
2026;5;Coimbra;Cantanhede;Ançã;Mercúrio;12.0;12.0;12.0;600.0;06;0602;060201
2026;5;Coimbra;Cantanhede;Cadima;LED;1227.0;1218.0;1227.0;44151.40001678467;06;0602;060203
2026;5;Coimbra;Cantanhede;Cadima;Outros/Não definido;9.0;9.0;9.0;230.0;06;0602;060203
2026;5;Coimbra;Cantanhede;Cadima;Sódio;220.0;217.0;220.0;19140.0;06;0602;060203
2026;5;Coimbra;Cantanhede;Murtede;Outros/Não definido;1.0;1.0;1.0;70.0;06;0602;060208
2026;5;Coimbra;Cantanhede;Tocha;Mercúrio;30.0;30.0;30.0;1550.0;06;0602;060214
2026;5;Coimbra;Cantanhede;Tocha;Sódio;392.0;379.0;392.0;30800.0;06;0602;060214
2026;5;Coimbra;Cantanhede;São Caetano;Mercúrio;4.0;4.0;4.0;200.0;06;0602;060215
2026;5;Coimbra;Cantanhede;Sanguinheira;Outros/Não definido;4.0;4.0;4.0;45.0;06;0602;060218
2026;5;Coimbra;Cantanhede;Sanguinheira;Sódio;367.0;367.0;367.0;25730.0;06;0602;060218
2026;5;Coimbra;Cantanhede;Covões e Camarneira;Sódio;217.0;209.0;217.0;16850.0;06;0602;060221
2026;5;Coimbra;Cantanhede;Portunhos e Outil;Mercúrio;5.0;5.0;5.0;250.0;06;0602;060222
2026;5;Coimbra;Cantanhede;Vilamar e Corticeiro de Cima;Mercúrio;25.0;25.0;25.0;1250.0;06;0602;060224
2026;5;Coimbra;Cantanhede;Vilamar e Corticeiro de Cima;Sódio;105.0;99.0;105.0;6570.0;06;0602;060224
2026;5;Coimbra;Coimbra;Ceira;LED;1008.0;990.0;1008.0;35748.0;06;0603;060311
2026;5;Coimbra;Coimbra;São João do Campo;Sódio;308.0;302.0;308.0;26850.0;06;0603;060320
2026;5;Coimbra;Coimbra;São Silvestre;Outros/Não definido;45.0;45.0;45.0;;06;0603;060324
2026;5;Coimbra;Coimbra;Torres do Mondego;LED;596.0;593.0;596.0;20777.0;06;0603;060329
2026;5;Coimbra;Coimbra;Antuzede e Vil de Matos;Outros/Não definido;11.0;11.0;11.0;315.0;06;0603;060332
2026;5;Coimbra;Coimbra;Antuzede e Vil de Matos;Sódio;30.0;28.0;30.0;2770.0;06;0603;060332
2026;5;Coimbra;Condeixa-a-Nova;Furadouro;LED;123.0;123.0;123.0;3285.0;06;0604;060407
2026;5;Coimbra;Figueira da Foz;Vila Verde;LED;1085.0;1064.0;1085.0;47276.0;06;0605;060513
2026;5;Coimbra;Figueira da Foz;Bom Sucesso;LED;1243.0;1238.0;1243.0;31110.0;06;0605;060515
2026;5;Coimbra;Figueira da Foz;Moinhos da Gândara;LED;661.0;661.0;661.0;16996.0;06;0605;060518
2026;5;Coimbra;Figueira da Foz;Alhadas;LED;1941.0;1939.0;1941.0;49916.80000305176;06;0605;060519
2026;5;Coimbra;Figueira da Foz;Alhadas;Outros/Não definido;12.0;12.0;12.0;315.0;06;0605;060519
2026;5;Coimbra;Figueira da Foz;Ferreira-a-Nova;LED;1270.0;1258.0;1270.0;30131.0;06;0605;060521
2026;5;Coimbra;Figueira da Foz;Ferreira-a-Nova;Outros/Não definido;3.0;3.0;3.0;135.0;06;0605;060521
2026;5;Coimbra;Figueira da Foz;Lavos;LED;1696.0;1651.0;1696.0;51144.19989776611;06;0605;060522
2026;5;Coimbra;Figueira da Foz;Lavos;Outros/Não definido;2.0;2.0;2.0;;06;0605;060522
2026;5;Coimbra;Figueira da Foz;Lavos;Sódio;1.0;1.0;1.0;80.0;06;0605;060522
2026;5;Coimbra;Góis;Góis;Outros/Não definido;23.0;23.0;23.0;1528.0;06;0606;060604
2026;5;Coimbra;Góis;Góis;Sódio;393.0;391.0;393.0;44780.0;06;0606;060604
2026;5;Coimbra;Góis;Vila Nova do Ceira;LED;730.0;727.0;730.0;26227.0;06;0606;060605
2026;5;Coimbra;Góis;Vila Nova do Ceira;Mercúrio;1.0;1.0;1.0;50.0;06;0606;060605
2026;5;Coimbra;Góis;Vila Nova do Ceira;Outros/Não definido;2.0;2.0;2.0;;06;0606;060605
2026;5;Coimbra;Góis;Vila Nova do Ceira;Sódio;131.0;127.0;131.0;10550.0;06;0606;060605
2026;5;Coimbra;Góis;Cadafaz e Colmeal;LED;576.0;576.0;576.0;15543.39999961853;06;0606;060606
2026;5;Coimbra;Góis;Cadafaz e Colmeal;Mercúrio;22.0;22.0;22.0;1100.0;06;0606;060606
2026;5;Coimbra;Mira;Seixo;LED;674.0;668.0;674.0;21744.29999923706;06;0608;060802
2026;5;Coimbra;Mira;Seixo;Mercúrio;2.0;2.0;2.0;100.0;06;0608;060802
2026;5;Coimbra;Mira;Seixo;Outros/Não definido;1.0;1.0;1.0;45.0;06;0608;060802
2026;5;Coimbra;Mira;Carapelhos;Outros/Não definido;5.0;5.0;5.0;225.0;06;0608;060803
2026;5;Coimbra;Miranda do Corvo;Lamas;LED;390.0;390.0;390.0;10524.0;06;0609;060901
2026;5;Coimbra;Miranda do Corvo;Vila Nova;Outros/Não definido;20.0;20.0;20.0;90.0;06;0609;060905
2026;5;Coimbra;Miranda do Corvo;Vila Nova;Sódio;36.0;36.0;36.0;2660.0;06;0609;060905
2026;5;Coimbra;Miranda do Corvo;Semide e Rio Vide;Iodeto Metálico;3.0;3.0;3.0;1200.0;06;0609;060906
2026;5;Coimbra;Miranda do Corvo;Semide e Rio Vide;Outros/Não definido;29.0;27.0;27.0;90.0;06;0609;060906
2026;5;Coimbra;Miranda do Corvo;Semide e Rio Vide;Sódio;79.0;75.0;85.0;5860.0;06;0609;060906
2026;5;Coimbra;Montemor-o-Velho;Liceia;LED;581.0;581.0;581.0;21421.40000152588;06;0610;061005
2026;5;Coimbra;Montemor-o-Velho;Meãs do Campo;LED;507.0;499.0;507.0;16705.0;06;0610;061006
2026;5;Coimbra;Montemor-o-Velho;Meãs do Campo;Outros/Não definido;3.0;3.0;3.0;;06;0610;061006
2026;5;Coimbra;Montemor-o-Velho;Santo Varão;LED;671.0;665.0;671.0;30030.800003051758;06;0610;061009
2026;5;Coimbra;Montemor-o-Velho;Santo Varão;Outros/Não definido;1.0;1.0;1.0;45.0;06;0610;061009
2026;5;Coimbra;Montemor-o-Velho;Seixo de Gatões;Outros/Não definido;6.0;6.0;6.0;70.0;06;0610;061010
2026;5;Coimbra;Montemor-o-Velho;Tentúgal;LED;687.0;685.0;687.0;23381.200004577637;06;0610;061011
2026;5;Coimbra;Montemor-o-Velho;Ereira;LED;158.0;158.0;158.0;5953.0;06;0610;061014
2026;5;Coimbra;Montemor-o-Velho;Ereira;Mercúrio;8.0;8.0;8.0;400.0;06;0610;061014
2026;5;Coimbra;Montemor-o-Velho;Ereira;Outros/Não definido;5.0;5.0;5.0;250.0;06;0610;061014
2026;5;Coimbra;Montemor-o-Velho;Ereira;Sódio;122.0;118.0;122.0;9130.0;06;0610;061014
2026;5;Coimbra;Montemor-o-Velho;Abrunheira, Verride e Vila Nova da Barca;LED;783.0;782.0;785.0;26303.90000152588;06;0610;061015
2026;5;Coimbra;Montemor-o-Velho;Abrunheira, Verride e Vila Nova da Barca;Mercúrio;22.0;22.0;22.0;1100.0;06;0610;061015
2026;5;Coimbra;Montemor-o-Velho;Abrunheira, Verride e Vila Nova da Barca;Sódio;120.0;118.0;122.0;8330.0;06;0610;061015
2026;5;Coimbra;Oliveira do Hospital;Oliveira do Hospital e São Paio de Gramaços;LED;1783.0;1665.0;1787.0;82302.40002059937;06;0611;061124
2026;5;Coimbra;Penacova;Figueira de Lorvão;LED;1156.0;1154.0;1156.0;43166.5;06;0613;061302
2026;5;Coimbra;Penacova;Figueira de Lorvão;Sódio;4.0;4.0;4.0;280.0;06;0613;061302
2026;5;Coimbra;Penacova;Penacova;LED;1756.0;1741.0;1756.0;65870.20000839233;06;0613;061307
2026;5;Coimbra;Penacova;Penacova;Sódio;21.0;21.0;21.0;2050.0;06;0613;061307
2026;5;Coimbra;Penacova;Oliveira do Mondego e Travanca do Mondego;LED;698.0;698.0;698.0;21524.0;06;0613;061313
2026;5;Coimbra;Penela;São Miguel, Santa Eufémia e Rabaçal;LED;2178.0;2159.0;2182.0;68412.60000228882;06;0614;061407
2026;5;Coimbra;Penela;São Miguel, Santa Eufémia e Rabaçal;Outros/Não definido;19.0;19.0;19.0;799.0;06;0614;061407
2026;5;Coimbra;Penela;São Miguel, Santa Eufémia e Rabaçal;Sódio;443.0;443.0;443.0;32270.0;06;0614;061407
2026;5;Coimbra;Tábua;Tábua;LED;1001.0;930.0;1003.0;45602.80000305176;06;0616;061614
2026;5;Évora;Alandroal;Santiago Maior;LED;871.0;861.0;867.0;22944.399963378906;07;0701;070103
2026;5;Évora;Arraiolos;Arraiolos;LED;1178.0;1128.0;1178.0;48976.69961166382;07;0702;070201
2026;5;Évora;Arraiolos;Arraiolos;Mercúrio;11.0;11.0;11.0;850.0;07;0702;070201
2026;5;Évora;Arraiolos;Arraiolos;Outros/Não definido;314.0;292.0;297.0;100.0;07;0702;070201
2026;5;Évora;Arraiolos;Arraiolos;Sódio;59.0;59.0;59.0;4540.0;07;0702;070201
2026;5;Évora;Borba;Rio de Moinhos;Outros/Não definido;10.0;10.0;10.0;;07;0703;070303
2026;5;Évora;Borba;Rio de Moinhos;Sódio;7.0;7.0;7.0;700.0;07;0703;070303
2026;5;Évora;Estremoz;Estremoz (Santa Maria e Santo André);Outros/Não definido;202.0;202.0;202.0;323.5;07;0704;070414
2026;5;Évora;Évora;Nossa Senhora de Machede;Mercúrio;5.0;5.0;5.0;400.0;07;0705;070503
2026;5;Évora;Évora;São Bento do Mato;LED;454.0;439.0;453.0;12861.49983215332;07;0705;070506
2026;5;Évora;Évora;São Bento do Mato;Sódio;29.0;29.0;29.0;2270.0;07;0705;070506
2026;5;Évora;Évora;Canaviais;Sódio;10.0;10.0;10.0;700.0;07;0705;070515
2026;5;Évora;Évora;Bacelo e Senhora da Saúde;Outros/Não definido;47.0;46.0;47.0;115.0;07;0705;070522
2026;5;Évora;Évora;N. S. da Tourega e N. S. de Guadalupe;Mercúrio;1.0;1.0;1.0;80.0;07;0705;070525
2026;5;Évora;Évora;N. S. da Tourega e N. S. de Guadalupe;Sódio;3.0;3.0;3.0;210.0;07;0705;070525
2026;5;Évora;Mora;Mora;Outros/Não definido;54.0;54.0;54.0;;07;0707;070703
2026;5;Évora;Mourão;Granja;LED;322.0;322.0;322.0;9629.999965667725;07;0708;070801
2026;5;Évora;Portel;Portel;LED;1019.0;979.0;1019.0;41015.39954948425;07;0709;070905
2026;5;Évora;Reguengos de Monsaraz;Corval;Outros/Não definido;14.0;14.0;14.0;45.0;07;0711;071102
2026;5;Évora;Reguengos de Monsaraz;Corval;Sódio;8.0;8.0;8.0;560.0;07;0711;071102
2026;5;Évora;Reguengos de Monsaraz;Reguengos de Monsaraz;Iodeto Metálico;7.0;7.0;7.0;490.0;07;0711;071104
2026;5;Évora;Reguengos de Monsaraz;Reguengos de Monsaraz;Sódio;92.0;92.0;92.0;6548.0;07;0711;071104
2026;5;Évora;Vendas Novas;Vendas Novas;Outros/Não definido;64.0;64.0;70.0;90.0;07;0712;071201
2026;5;Évora;Viana do Alentejo;Alcáçovas;LED;1101.0;1063.0;1101.0;32481.7996635437;07;0713;071301
2026;5;Évora;Vila Viçosa;Nossa Senhora da Conceição e São Bartolomeu;Outros/Não definido;128.0;128.0;130.0;;07;0714;071406
2026;5;Faro;Albufeira;Albufeira e Olhos de Água;Mercúrio;15.0;15.0;15.0;1980.0;08;0801;080106
2026;5;Faro;Aljezur;Aljezur;Outros/Não definido;40.0;38.0;38.0;180.0;08;0803;080301
2026;5;Faro;Aljezur;Bordeira;LED;318.0;315.0;318.0;10306.299982070923;08;0803;080302
2026;5;Castelo Branco;Oleiros;Mosteiro;LED;448.0;448.0;448.0;20199.0;05;0506;050607
2026;5;Castelo Branco;Oleiros;Orvalho;LED;471.0;466.0;466.0;21046.0;05;0506;050609
2026;5;Castelo Branco;Oleiros;Sobral;LED;326.0;326.0;326.0;14287.0;05;0506;050611
2026;5;Castelo Branco;Penamacor;Benquerença;Mercúrio;4.0;4.0;4.0;200.0;05;0507;050706
2026;5;Castelo Branco;Penamacor;Benquerença;Sódio;78.0;60.0;78.0;5420.0;05;0507;050706
2026;5;Castelo Branco;Penamacor;Meimão;LED;288.0;288.0;288.0;8819.0;05;0507;050707
2026;5;Castelo Branco;Penamacor;Meimoa;Sódio;8.0;8.0;8.0;590.0;05;0507;050708
2026;5;Castelo Branco;Penamacor;Penamacor;Sódio;150.0;148.0;150.0;14900.0;05;0507;050710
2026;5;Castelo Branco;Penamacor;Aldeia do Bispo, Águas e Aldeia de João Pires;LED;1132.0;1131.0;1131.0;46895.600090026855;05;0507;050713
2026;5;Coimbra;Arganil;Arganil;Iodeto Metálico;18.0;11.0;18.0;770.0;06;0601;060102
2026;5;Coimbra;Arganil;Arganil;Sódio;382.0;349.0;382.0;32450.0;06;0601;060102
2026;5;Coimbra;Arganil;Benfeita;LED;312.0;312.0;312.0;7578.0;06;0601;060104
2026;5;Coimbra;Arganil;Benfeita;Mercúrio;3.0;3.0;3.0;150.0;06;0601;060104
2026;5;Coimbra;Arganil;Celavisa;Mercúrio;2.0;2.0;2.0;100.0;06;0601;060105
2026;5;Coimbra;Arganil;Folques;Iodeto Metálico;1.0;1.0;1.0;70.0;06;0601;060109
2026;5;Coimbra;Arganil;Piódão;Outros/Não definido;3.0;3.0;3.0;90.0;06;0601;060111
2026;5;Coimbra;Arganil;Pomares;Mercúrio;14.0;14.0;14.0;700.0;06;0601;060112
2026;5;Coimbra;Arganil;Pombeiro da Beira;Mercúrio;22.0;22.0;22.0;1100.0;06;0601;060113
2026;5;Coimbra;Arganil;Pombeiro da Beira;Outros/Não definido;2.0;2.0;2.0;45.0;06;0601;060113
2026;5;Coimbra;Arganil;São Martinho da Cortiça;Outros/Não definido;4.0;4.0;4.0;20.0;06;0601;060114
2026;5;Coimbra;Arganil;Sarzedo;Iodeto Metálico;2.0;2.0;2.0;140.0;06;0601;060115
2026;5;Coimbra;Arganil;Sarzedo;LED;588.0;576.0;588.0;25690.0;06;0601;060115
2026;5;Coimbra;Arganil;Secarias;LED;261.0;261.0;261.0;9225.0;06;0601;060116
2026;5;Coimbra;Arganil;Cepos e Teixeira;Sódio;44.0;44.0;44.0;3080.0;06;0601;060119
2026;5;Coimbra;Arganil;Côja e Barril de Alva;Outros/Não definido;5.0;5.0;5.0;160.0;06;0601;060121
2026;5;Coimbra;Arganil;Vila Cova de Alva e Anseriz;Outros/Não definido;3.0;3.0;3.0;90.0;06;0601;060122
2026;5;Coimbra;Lousã;Serpins;Sódio;190.0;190.0;190.0;11510.0;06;0607;060704
2026;5;Coimbra;Lousã;Gândaras;LED;423.0;413.0;423.0;19192.0;06;0607;060706
2026;5;Coimbra;Lousã;Gândaras;Mercúrio;2.0;2.0;2.0;100.0;06;0607;060706
2026;5;Coimbra;Lousã;Lousã e Vilarinho;Iodeto Metálico;2.0;2.0;2.0;800.0;06;0607;060708
2026;5;Coimbra;Lousã;Lousã e Vilarinho;Sódio;383.0;370.0;383.0;36000.0;06;0607;060708
2026;5;Coimbra;Oliveira do Hospital;Aldeia das Dez;Outros/Não definido;1.0;1.0;1.0;50.0;06;0611;061101
2026;5;Coimbra;Oliveira do Hospital;Aldeia das Dez;Sódio;179.0;179.0;179.0;12370.0;06;0611;061101
2026;5;Coimbra;Oliveira do Hospital;Alvoco das Várzeas;Sódio;8.0;8.0;8.0;560.0;06;0611;061102
2026;5;Coimbra;Oliveira do Hospital;Avô;LED;202.0;203.0;203.0;5165.400001525879;06;0611;061103
2026;5;Coimbra;Oliveira do Hospital;Avô;Outros/Não definido;2.0;2.0;2.0;45.0;06;0611;061103
2026;5;Coimbra;Oliveira do Hospital;Lagares;LED;452.0;451.0;452.0;16622.0;06;0611;061106
2026;5;Coimbra;Oliveira do Hospital;Lagares;Outros/Não definido;29.0;29.0;29.0;2790.0;06;0611;061106
2026;5;Coimbra;Oliveira do Hospital;Lagares;Sódio;107.0;107.0;107.0;8470.0;06;0611;061106
2026;5;Coimbra;Oliveira do Hospital;Meruge;Outros/Não definido;4.0;4.0;4.0;90.0;06;0611;061110
2026;5;Coimbra;Oliveira do Hospital;Meruge;Sódio;56.0;56.0;56.0;3800.0;06;0611;061110
2026;5;Coimbra;Oliveira do Hospital;Nogueira do Cravo;LED;861.0;861.0;861.0;31022.0;06;0611;061111
2026;5;Coimbra;Oliveira do Hospital;Nogueira do Cravo;Outros/Não definido;3.0;3.0;3.0;80.0;06;0611;061111
2026;5;Coimbra;Oliveira do Hospital;Nogueira do Cravo;Sódio;191.0;191.0;191.0;14610.0;06;0611;061111
2026;5;Coimbra;Oliveira do Hospital;Seixo da Beira;Outros/Não definido;5.0;4.0;4.0;135.0;06;0611;061118
2026;5;Coimbra;Oliveira do Hospital;Seixo da Beira;Sódio;307.0;307.0;307.0;22580.0;06;0611;061118
2026;5;Coimbra;Oliveira do Hospital;Travanca de Lagos;LED;438.0;438.0;438.0;14840.0;06;0611;061119
2026;5;Coimbra;Oliveira do Hospital;Ervedal e Vila Franca da Beira;Outros/Não definido;3.0;3.0;3.0;135.0;06;0611;061122
2026;5;Coimbra;Oliveira do Hospital;Ervedal e Vila Franca da Beira;Sódio;108.0;108.0;108.0;7190.0;06;0611;061122
2026;5;Coimbra;Oliveira do Hospital;Penalva de Alva e São Sebastião da Feira;Sódio;307.0;304.0;307.0;22050.0;06;0611;061125
2026;5;Coimbra;Oliveira do Hospital;Santa Ovaia e Vila Pouca da Beira;Sódio;122.0;118.0;122.0;9770.0;06;0611;061126
2026;5;Coimbra;Penacova;Sazes do Lorvão;LED;549.0;547.0;549.0;19576.0;06;0613;061310
2026;5;Coimbra;Penacova;Sazes do Lorvão;Sódio;4.0;4.0;4.0;290.0;06;0613;061310
2026;5;Coimbra;Penacova;Friúmes e Paradela;LED;535.0;535.0;535.0;19027.5;06;0613;061312
2026;5;Coimbra;Penacova;Friúmes e Paradela;Mercúrio;31.0;31.0;31.0;1550.0;06;0613;061312
2026;5;Coimbra;Penacova;Friúmes e Paradela;Outros/Não definido;4.0;4.0;4.0;95.0;06;0613;061312
2026;5;Coimbra;Penela;Cumeeira;LED;570.0;566.0;570.0;23016.700130462646;06;0614;061401
2026;5;Coimbra;Penela;Cumeeira;Sódio;98.0;98.0;98.0;11900.0;06;0614;061401
2026;5;Coimbra;Penela;Espinhal;Outros/Não definido;11.0;11.0;11.0;45.0;06;0614;061402
2026;5;Coimbra;Tábua;Carapinha;LED;87.0;87.0;87.0;4501.0;06;0616;061603
2026;5;Coimbra;Tábua;Carapinha;Sódio;238.0;232.0;238.0;19010.0;06;0616;061603
2026;5;Coimbra;Tábua;Midões;LED;613.0;610.0;613.0;19074.200004577637;06;0616;061608
2026;5;Coimbra;Tábua;Midões;Mercúrio;12.0;12.0;12.0;600.0;06;0616;061608
2026;5;Coimbra;Tábua;Mouronho;LED;336.0;336.0;336.0;9820.0;06;0616;061609
2026;5;Coimbra;Tábua;Mouronho;Mercúrio;4.0;4.0;4.0;200.0;06;0616;061609
2026;5;Coimbra;Tábua;Espariz e Sinde;LED;531.0;529.0;531.0;18653.0;06;0616;061618
2026;5;Coimbra;Tábua;Espariz e Sinde;Mercúrio;8.0;8.0;8.0;400.0;06;0616;061618
2026;5;Évora;Alandroal;Terena (São Pedro);Outros/Não definido;19.0;19.0;19.0;45.0;07;0701;070105
2026;5;Évora;Arraiolos;Igrejinha;Sódio;32.0;32.0;32.0;2630.0;07;0702;070202
2026;5;Évora;Arraiolos;Vimieiro;Outros/Não definido;10.0;7.0;10.0;45.0;07;0702;070206
2026;5;Évora;Arraiolos;Gafanhoeira (São Pedro) e Sabugueiro;LED;333.0;327.0;333.0;9967.799880981445;07;0702;070208
2026;5;Évora;Arraiolos;Gafanhoeira (São Pedro) e Sabugueiro;Sódio;18.0;18.0;18.0;1260.0;07;0702;070208
2026;5;Évora;Borba;Orada;Sódio;6.0;6.0;6.0;600.0;07;0703;070302
2026;5;Évora;Borba;Borba (São Bartolomeu);Outros/Não definido;21.0;21.0;21.0;;07;0703;070304
2026;5;Évora;Estremoz;Glória;LED;338.0;337.0;338.0;8304.399978637695;07;0704;070402
2026;5;Évora;Estremoz;Évora Monte (Santa Maria);LED;358.0;355.0;357.0;9520.199897766113;07;0704;070404
2026;5;Évora;Estremoz;Évora Monte (Santa Maria);Outros/Não definido;15.0;15.0;15.0;45.0;07;0704;070404
2026;5;Évora;Estremoz;São Domingos de Ana Loura;LED;144.0;143.0;143.0;3831.799964904785;07;0704;070411
2026;5;Évora;Estremoz;São Domingos de Ana Loura;Outros/Não definido;2.0;2.0;2.0;;07;0704;070411
2026;5;Évora;Estremoz;Veiros;LED;361.0;353.0;358.0;17620.89981842041;07;0704;070413
2026;5;Évora;Estremoz;São Bento do Cortiço e Santo Estêvão;LED;338.0;338.0;338.0;8046.5;07;0704;070415
2026;5;Évora;Évora;São Miguel de Machede;LED;399.0;399.0;399.0;10116.099952697754;07;0705;070509
2026;5;Évora;Évora;Torre de Coelheiros;LED;206.0;209.0;209.0;7110.5;07;0705;070513
2026;5;Évora;Évora;Évora (São Mamede, Sé, São Pedro e Santo Antão);LED;1464.0;1429.0;1464.0;60857.90105628967;07;0705;070523
2026;5;Évora;Évora;São Manços e São Vicente do Pigeiro;LED;575.0;575.0;575.0;27581.599975585938;07;0705;070526
2026;5;Évora;Évora;São Manços e São Vicente do Pigeiro;Outros/Não definido;8.0;8.0;8.0;160.0;07;0705;070526
2026;5;Évora;Évora;S. Sebastião da Giesteira e N. S. da Boa Fé;Sódio;2.0;2.0;2.0;220.0;07;0705;070527
2026;5;Évora;Montemor-o-Novo;Cabrela;LED;198.0;194.0;198.0;6509.099876403809;07;0706;070601
2026;5;Évora;Montemor-o-Novo;Santiago do Escoural;LED;545.0;543.0;545.0;15986.699905395508;07;0706;070605
2026;5;Évora;Montemor-o-Novo;Santiago do Escoural;Outros/Não definido;10.0;10.0;10.0;;07;0706;070605
2026;5;Évora;Montemor-o-Novo;Ciborro;Sódio;1.0;1.0;1.0;70.0;07;0706;070607
2026;5;Évora;Montemor-o-Novo;Foros de Vale de Figueira;LED;298.0;298.0;298.0;7957.49991607666;07;0706;070610
2026;5;Évora;Montemor-o-Novo;Foros de Vale de Figueira;Outros/Não definido;4.0;4.0;4.0;180.0;07;0706;070610
2026;5;Évora;Montemor-o-Novo;Cortiçadas de Lavre e Lavre;Sódio;4.0;4.0;4.0;360.0;07;0706;070611
2026;5;Évora;Mora;Brotas;Sódio;16.0;16.0;16.0;1145.0;07;0707;070701
2026;5;Évora;Mora;Cabeção;LED;336.0;334.0;336.0;11561.199729919434;07;0707;070702
2026;5;Évora;Mora;Pavia;Outros/Não definido;13.0;13.0;13.0;;07;0707;070704
2026;5;Évora;Mora;Pavia;Sódio;24.0;24.0;24.0;1880.0;07;0707;070704
2026;5;Évora;Portel;Santana;LED;188.0;188.0;188.0;5617.399913787842;07;0709;070906
2026;5;Évora;Portel;Vera Cruz;LED;172.0;165.0;174.0;5201.099906921387;07;0709;070908
2026;5;Évora;Portel;Amieira e Alqueva;Outros/Não definido;18.0;18.0;18.0;;07;0709;070909
2026;5;Évora;Portel;São Bartolomeu do Outeiro e Oriola;LED;405.0;398.0;411.0;15772.299903869629;07;0709;070910
2026;5;Évora;Portel;São Bartolomeu do Outeiro e Oriola;Sódio;10.0;10.0;10.0;700.0;07;0709;070910
2026;5;Évora;Vendas Novas;Landeira;LED;230.0;230.0;230.0;7422.79988861084;07;0712;071202
2026;5;Évora;Vendas Novas;Landeira;Sódio;2.0;2.0;2.0;140.0;07;0712;071202
2026;5;Évora;Viana do Alentejo;Viana do Alentejo;LED;1201.0;1161.0;1201.0;43428.69937515259;07;0713;071302
2026;5;Évora;Viana do Alentejo;Viana do Alentejo;Outros/Não definido;96.0;96.0;96.0;45.0;07;0713;071302
2026;5;Évora;Viana do Alentejo;Viana do Alentejo;Sódio;29.0;29.0;29.0;2030.0;07;0713;071302
2026;5;Évora;Vila Viçosa;Bencatel;Outros/Não definido;4.0;4.0;4.0;90.0;07;0714;071401
2026;5;Évora;Vila Viçosa;Ciladas;LED;298.0;290.0;298.0;8529.29997253418;07;0714;071402
2026;5;Faro;Albufeira;Guia;Outros/Não definido;243.0;207.0;227.0;615.0;08;0801;080102
2026;5;Faro;Albufeira;Ferreiras;Mercúrio;5.0;5.0;5.0;250.0;08;0801;080104
2026;5;Faro;Albufeira;Ferreiras;Sódio;143.0;139.0;143.0;14870.0;08;0801;080104
2026;5;Faro;Aljezur;Odeceixe;Outros/Não definido;80.0;79.0;79.0;;08;0803;080303
2026;5;Faro;Aljezur;Rogil;LED;679.0;660.0;679.0;27466.30023574829;08;0803;080304
2026;5;Faro;Aljezur;Rogil;Mercúrio;12.0;12.0;12.0;630.0;08;0803;080304
2026;5;Faro;Castro Marim;Azinhal;Sódio;167.0;164.0;167.0;18770.0;08;0804;080401
2026;5;Faro;Castro Marim;Castro Marim;Fluorescente;14.0;14.0;14.0;700.0;08;0804;080402
2026;5;Faro;Castro Marim;Castro Marim;Mercúrio;3.0;3.0;3.0;210.0;08;0804;080402
2026;5;Faro;Castro Marim;Castro Marim;Outros/Não definido;230.0;228.0;229.0;195.0;08;0804;080402
2026;5;Faro;Castro Marim;Altura;LED;1574.0;1478.0;1574.0;67880.40061187744;08;0804;080404
2026;5;Faro;Faro;Faro (Sé e São Pedro);Iodeto Metálico;2.0;2.0;2.0;200.0;08;0805;080508
2026;5;Faro;Faro;Faro (Sé e São Pedro);Outros/Não definido;361.0;328.0;383.0;987.0;08;0805;080508
2026;5;Faro;Lagoa;Porches;LED;428.0;420.0;427.0;22333.0;08;0806;080604
2026;5;Faro;Lagoa;Estômbar e Parchal;Iodeto Metálico;21.0;21.0;21.0;3150.0;08;0806;080607
2026;5;Faro;Lagoa;Estômbar e Parchal;Mercúrio;28.0;28.0;28.0;2630.0;08;0806;080607
2026;5;Faro;Lagoa;Estômbar e Parchal;Outros/Não definido;54.0;52.0;54.0;359.0;08;0806;080607
2026;5;Faro;Lagoa;Estômbar e Parchal;Sódio;2132.0;2081.0;2132.0;219610.0;08;0806;080607
2026;5;Faro;Lagoa;Lagoa e Carvoeiro;Indução;186.0;184.0;186.0;9200.0;08;0806;080608
2026;5;Faro;Lagoa;Lagoa e Carvoeiro;Mercúrio;249.0;247.0;249.0;16835.0;08;0806;080608
2026;5;Faro;Lagos;São Gonçalo de Lagos;Iodeto Metálico;7.0;7.0;7.0;490.0;08;0807;080708
2026;5;Faro;Lagos;São Gonçalo de Lagos;LED;6788.0;6447.0;6817.0;362078.3001918793;08;0807;080708
2026;5;Faro;Lagos;São Gonçalo de Lagos;Mercúrio;1.0;1.0;1.0;50.0;08;0807;080708
2026;5;Faro;Lagos;São Gonçalo de Lagos;Outros/Não definido;226.0;198.0;210.0;180.0;08;0807;080708
2026;5;Faro;Loulé;Almancil;Iodeto Metálico;22.0;21.0;22.0;1350.0;08;0808;080801
2026;5;Faro;Loulé;Almancil;Outros/Não definido;305.0;300.0;300.0;1435.0;08;0808;080801
2026;5;Faro;Loulé;Boliqueime;LED;2013.0;1999.0;2009.0;72381.20057678223;08;0808;080804
2026;5;Faro;Loulé;Quarteira;LED;4479.0;4202.0;4506.0;262710.50047302246;08;0808;080805
2026;5;Faro;Loulé;Loulé (São Clemente);Mercúrio;28.0;28.0;28.0;1715.0;08;0808;080808
2026;5;Faro;Loulé;Loulé (São Clemente);Outros/Não definido;182.0;167.0;169.0;655.0;08;0808;080808
2026;5;Faro;Loulé;Loulé (São Sebastião);Sódio;635.0;621.0;635.0;56500.0;08;0808;080809
2026;5;Faro;Olhão;Olhão;Iodeto Metálico;55.0;49.0;55.0;4270.0;08;0810;081003
2026;5;Faro;Olhão;Olhão;LED;1599.0;1513.0;1599.0;86606.10045814514;08;0810;081003
2026;5;Faro;Olhão;Moncarapacho e Fuseta;Mercúrio;28.0;28.0;28.0;1610.0;08;0810;081006
2026;5;Faro;Portimão;Alvor;LED;1955.0;1926.0;1955.0;99638.50049972534;08;0811;081101
2026;5;Faro;Portimão;Alvor;Outros/Não definido;109.0;102.0;108.0;1380.0;08;0811;081101
2026;5;Faro;Portimão;Alvor;Sódio;1227.0;1130.0;1247.0;122590.0;08;0811;081101
2026;5;Faro;Portimão;Mexilhoeira Grande;Iodeto Metálico;10.0;9.0;10.0;1350.0;08;0811;081102
2026;5;Faro;Portimão;Portimão;Indução;53.0;51.0;53.0;2550.0;08;0811;081103
2026;5;Faro;Portimão;Portimão;Iodeto Metálico;171.0;157.0;171.0;13310.0;08;0811;081103
2026;5;Faro;Portimão;Portimão;LED;6356.0;5963.0;6356.0;363264.10203933716;08;0811;081103
2026;5;Faro;São Brás de Alportel;São Brás de Alportel;Mercúrio;9.0;9.0;9.0;540.0;08;0812;081201
2026;5;Faro;São Brás de Alportel;São Brás de Alportel;Outros/Não definido;51.0;37.0;37.0;274.0;08;0812;081201
2026;5;Faro;São Brás de Alportel;São Brás de Alportel;Sódio;1237.0;1107.0;1337.0;141200.0;08;0812;081201
2026;5;Faro;Silves;Armação de Pêra;Sódio;729.0;719.0;729.0;70760.0;08;0813;081303
2026;5;Faro;Silves;São Bartolomeu de Messines;LED;2953.0;2937.0;2946.0;107870.60035324097;08;0813;081305
2026;5;Faro;Tavira;Luz de Tavira e Santo Estêvão;Iodeto Metálico;1.0;1.0;1.0;150.0;08;0814;081411
2026;5;Faro;Tavira;Luz de Tavira e Santo Estêvão;LED;2336.0;2330.0;2333.0;105383.50086212158;08;0814;081411
2026;5;Faro;Tavira;Luz de Tavira e Santo Estêvão;Sódio;126.0;126.0;126.0;9360.0;08;0814;081411
2026;5;Faro;Tavira;Tavira (Santa Maria e Santiago);LED;4777.0;4627.0;4796.0;296591.2020969391;08;0814;081412
2026;5;Faro;Tavira;Tavira (Santa Maria e Santiago);Mercúrio;37.0;37.0;37.0;3120.0;08;0814;081412
2026;5;Faro;Vila Real de Santo António;Vila Real de Santo António;Sódio;1278.0;1168.0;1278.0;131090.0;08;0816;081602
2026;5;Faro;Vila Real de Santo António;Monte Gordo;LED;1168.0;1118.0;1168.0;84308.70012664795;08;0816;081603
2026;5;Guarda;Aguiar da Beira;Aguiar da Beira e Coruche;Iodeto Metálico;1.0;1.0;1.0;100.0;09;0901;090114
2026;5;Guarda;Aguiar da Beira;Aguiar da Beira e Coruche;LED;1328.0;1287.0;1328.0;48079.10012435913;09;0901;090114
2026;5;Guarda;Aguiar da Beira;Aguiar da Beira e Coruche;Sódio;231.0;226.0;231.0;25380.0;09;0901;090114
2026;5;Guarda;Figueira de Castelo Rodrigo;Figueira de Castelo Rodrigo;Sódio;397.0;386.0;397.0;47790.0;09;0904;090408
2026;5;Guarda;Fornos de Algodres;Fornos de Algodres;LED;1235.0;1161.0;1235.0;52732.20008850098;09;0905;090505
2026;5;Guarda;Fornos de Algodres;Fornos de Algodres;Sódio;41.0;41.0;41.0;4870.0;09;0905;090505
2026;5;Guarda;Fornos de Algodres;Maceira;LED;248.0;248.0;248.0;9310.0;09;0905;090509
2026;5;Guarda;Gouveia;Gouveia;LED;968.0;947.0;996.0;29703.300079345703;09;0906;090625
2026;5;Guarda;Gouveia;Gouveia;Mercúrio;34.0;34.0;34.0;2210.0;09;0906;090625
2026;5;Guarda;Gouveia;Gouveia;Outros/Não definido;73.0;71.0;77.0;135.0;09;0906;090625
2026;5;Guarda;Gouveia;Gouveia;Sódio;1414.0;1308.0;1414.0;131595.0;09;0906;090625
2026;5;Guarda;Gouveia;Melo e Nabais;Sódio;84.0;80.0;84.0;8830.0;09;0906;090626
2026;5;Guarda;Guarda;Aldeia do Bispo;LED;204.0;204.0;204.0;8366.800018310547;09;0907;090703
2026;5;Guarda;Guarda;Aldeia do Bispo;Outros/Não definido;7.0;4.0;6.0;45.0;09;0907;090703
2026;5;Guarda;Guarda;Aldeia do Bispo;Sódio;16.0;16.0;16.0;1180.0;09;0907;090703
2026;5;Faro;Castro Marim;Odeleite;LED;909.0;907.0;907.0;27053.600120544434;08;0804;080403
2026;5;Faro;Faro;Santa Bárbara de Nexe;Iodeto Metálico;2.0;2.0;2.0;300.0;08;0805;080503
2026;5;Faro;Faro;Montenegro;LED;1927.0;1866.0;1927.0;111591.70038032532;08;0805;080506
2026;5;Faro;Faro;Montenegro;Sódio;626.0;624.0;626.0;61800.0;08;0805;080506
2026;5;Faro;Faro;Conceição e Estoi;LED;3678.0;3644.0;3652.0;129200.90098381042;08;0805;080507
2026;5;Faro;Faro;Conceição e Estoi;Sódio;393.0;389.0;393.0;35110.0;08;0805;080507
2026;5;Coimbra;Pampilhosa da Serra;Dornelas do Zêzere;Sódio;13.0;13.0;13.0;980.0;06;0612;061202
2026;5;Coimbra;Pampilhosa da Serra;Janeiro de Baixo;LED;783.0;783.0;783.0;28460.800146102905;06;0612;061204
2026;5;Coimbra;Pampilhosa da Serra;Pampilhosa da Serra;LED;1684.0;1657.0;1686.0;68275.2000541687;06;0612;061206
2026;5;Coimbra;Pampilhosa da Serra;Pampilhosa da Serra;Sódio;124.0;124.0;124.0;6500.0;06;0612;061206
2026;5;Coimbra;Pampilhosa da Serra;Pessegueiro;Mercúrio;1.0;1.0;1.0;50.0;06;0612;061207
2026;5;Coimbra;Pampilhosa da Serra;Unhais-o-Velho;Sódio;6.0;6.0;6.0;450.0;06;0612;061209
2026;5;Coimbra;Pampilhosa da Serra;Fajão-Vidual;Sódio;52.0;52.0;52.0;2900.0;06;0612;061211
2026;5;Coimbra;Pampilhosa da Serra;Portela do Fojo-Machio;LED;989.0;989.0;989.0;30527.69999885559;06;0612;061212
2026;5;Coimbra;Pampilhosa da Serra;Portela do Fojo-Machio;Sódio;3.0;3.0;3.0;150.0;06;0612;061212
2026;5;Coimbra;Soure;Alfarelos;Iodeto Metálico;8.0;2.0;8.0;800.0;06;0615;061501
2026;5;Coimbra;Soure;Alfarelos;LED;488.0;477.0;494.0;17604.0;06;0615;061501
2026;5;Coimbra;Soure;Alfarelos;Outros/Não definido;2.0;2.0;2.0;90.0;06;0615;061501
2026;5;Coimbra;Soure;Figueiró do Campo;LED;493.0;493.0;493.0;21780.0;06;0615;061504
2026;5;Coimbra;Soure;Figueiró do Campo;Outros/Não definido;3.0;3.0;3.0;;06;0615;061504
2026;5;Coimbra;Soure;Granja do Ulmeiro;Outros/Não definido;1.0;1.0;1.0;;06;0615;061506
2026;5;Coimbra;Soure;Granja do Ulmeiro;Sódio;170.0;167.0;170.0;18460.0;06;0615;061506
2026;5;Coimbra;Soure;Samuel;Outros/Não definido;9.0;9.0;9.0;90.0;06;0615;061508
2026;5;Coimbra;Soure;Soure;Mercúrio;29.0;29.0;29.0;1825.0;06;0615;061509
2026;5;Coimbra;Soure;Soure;Outros/Não definido;25.0;25.0;25.0;540.0;06;0615;061509
2026;5;Coimbra;Soure;Soure;Sódio;636.0;611.0;636.0;55420.0;06;0615;061509
2026;5;Coimbra;Soure;Tapéus;Outros/Não definido;1.0;1.0;1.0;;06;0615;061510
2026;5;Coimbra;Soure;Degracias e Pombalinho;LED;786.0;780.0;786.0;26020.20000076294;06;0615;061513
2026;5;Coimbra;Soure;Degracias e Pombalinho;Mercúrio;2.0;2.0;2.0;100.0;06;0615;061513
2026;5;Coimbra;Soure;Degracias e Pombalinho;Outros/Não definido;6.0;6.0;6.0;;06;0615;061513
2026;5;Coimbra;Soure;Gesteira e Brunhós;Sódio;48.0;47.0;48.0;4250.0;06;0615;061514
2026;5;Coimbra;Vila Nova de Poiares;Poiares (Santo André);LED;2152.0;1994.0;2152.0;61788.40000915527;06;0617;061703
2026;5;Faro;Alcoutim;Giões;Outros/Não definido;12.0;12.0;12.0;405.0;08;0802;080202
2026;5;Faro;Alcoutim;Martim Longo;LED;887.0;848.0;872.0;29952.70001602173;08;0802;080203
2026;5;Faro;Alcoutim;Martim Longo;Mercúrio;10.0;10.0;10.0;800.0;08;0802;080203
2026;5;Faro;Alcoutim;Martim Longo;Outros/Não definido;22.0;9.0;9.0;45.0;08;0802;080203
2026;5;Faro;Alcoutim;Vaqueiros;Sódio;6.0;6.0;6.0;450.0;08;0802;080205
2026;5;Faro;Alcoutim;Alcoutim e Pereiro;LED;1511.0;1494.0;1508.0;56316.80015563965;08;0802;080206
2026;5;Faro;Lagoa;Ferragudo;LED;206.0;204.0;206.0;9085.0;08;0806;080602
2026;5;Faro;Lagos;Odiáxere;Iodeto Metálico;6.0;6.0;6.0;660.0;08;0807;080704
2026;5;Faro;Lagos;Odiáxere;Outros/Não definido;66.0;60.0;62.0;;08;0807;080704
2026;5;Faro;Lagos;Bensafrim e Barão de São João;LED;1155.0;1149.0;1150.0;41982.50022506714;08;0807;080707
2026;5;Faro;Loulé;Ameixial;Outros/Não definido;1.0;1.0;1.0;;08;0808;080803
2026;5;Faro;Loulé;Ameixial;Sódio;146.0;146.0;146.0;12010.0;08;0808;080803
2026;5;Faro;Loulé;Salir;Mercúrio;13.0;13.0;13.0;980.0;08;0808;080807
2026;5;Faro;Loulé;Salir;Outros/Não definido;61.0;33.0;33.0;445.0;08;0808;080807
2026;5;Faro;Loulé;Querença, Tôr e Benafim;Fluorescente;13.0;13.0;13.0;690.0;08;0808;080812
2026;5;Faro;Loulé;Querença, Tôr e Benafim;Outros/Não definido;76.0;71.0;71.0;420.0;08;0808;080812
2026;5;Faro;Loulé;Querença, Tôr e Benafim;Sódio;181.0;178.0;181.0;16520.0;08;0808;080812
2026;5;Faro;Silves;São Marcos da Serra;LED;961.0;961.0;961.0;28884.0;08;0813;081306
2026;5;Faro;Silves;Silves;Mercúrio;2.0;2.0;2.0;100.0;08;0813;081307
2026;5;Faro;Silves;Silves;Sódio;1111.0;1093.0;1111.0;105040.0;08;0813;081307
2026;5;Faro;Silves;Alcantarilha e Pêra;Iodeto Metálico;201.0;198.0;201.0;23060.0;08;0813;081309
2026;5;Faro;Silves;Alcantarilha e Pêra;Sódio;798.0;784.0;798.0;76790.0;08;0813;081309
2026;5;Faro;Silves;Algoz e Tunes;LED;1633.0;1614.0;1626.0;67764.2000541687;08;0813;081310
2026;5;Faro;Tavira;Cachopo;Sódio;175.0;175.0;175.0;13540.0;08;0814;081401
2026;5;Faro;Tavira;Santa Catarina da Fonte do Bispo;LED;1218.0;1218.0;1218.0;40832.00019454956;08;0814;081404
2026;5;Faro;Tavira;Santa Catarina da Fonte do Bispo;Outros/Não definido;16.0;16.0;16.0;;08;0814;081404
2026;5;Faro;Tavira;Santa Catarina da Fonte do Bispo;Sódio;59.0;59.0;59.0;4010.0;08;0814;081404
2026;5;Faro;Tavira;Santa Luzia;Outros/Não definido;58.0;58.0;58.0;;08;0814;081408
2026;5;Faro;Tavira;Conceição e Cabanas de Tavira;Sódio;743.0;555.0;743.0;48710.0;08;0814;081410
2026;5;Faro;Vila Real de Santo António;Vila Nova de Cacela;Mercúrio;21.0;21.0;21.0;1170.0;08;0816;081601
2026;5;Faro;Vila Real de Santo António;Vila Nova de Cacela;Sódio;650.0;627.0;650.0;55070.0;08;0816;081601
2026;5;Guarda;Aguiar da Beira;Carapito;LED;321.0;321.0;321.0;9123.0;09;0901;090102
2026;5;Guarda;Aguiar da Beira;Cortiçada;LED;408.0;408.0;408.0;11033.0;09;0901;090103
2026;5;Guarda;Aguiar da Beira;Cortiçada;Mercúrio;14.0;14.0;14.0;1615.0;09;0901;090103
2026;5;Guarda;Aguiar da Beira;Dornelas;Sódio;105.0;105.0;105.0;8510.0;09;0901;090105
2026;5;Guarda;Aguiar da Beira;Eirado;LED;264.0;264.0;264.0;8483.0;09;0901;090106
2026;5;Guarda;Aguiar da Beira;Eirado;Outros/Não definido;14.0;8.0;8.0;;09;0901;090106
2026;5;Guarda;Aguiar da Beira;Souto de Aguiar da Beira e Valverde;LED;441.0;440.0;440.0;12598.0;09;0901;090116
2026;5;Guarda;Aguiar da Beira;Souto de Aguiar da Beira e Valverde;Outros/Não definido;12.0;12.0;12.0;135.0;09;0901;090116
2026;5;Guarda;Figueira de Castelo Rodrigo;Castelo Rodrigo;LED;490.0;485.0;490.0;25587.40000152588;09;0904;090403
2026;5;Guarda;Figueira de Castelo Rodrigo;Castelo Rodrigo;Sódio;156.0;154.0;156.0;19370.0;09;0904;090403
2026;5;Guarda;Figueira de Castelo Rodrigo;Escalhão;LED;630.0;619.0;630.0;24261.800003051758;09;0904;090406
2026;5;Guarda;Figueira de Castelo Rodrigo;Algodres, Vale de Afonsinho e Vilar de Amargo;LED;552.0;540.0;552.0;23197.00001525879;09;0904;090418
2026;5;Guarda;Figueira de Castelo Rodrigo;Algodres, Vale de Afonsinho e Vilar de Amargo;Sódio;85.0;85.0;85.0;6760.0;09;0904;090418
2026;5;Guarda;Figueira de Castelo Rodrigo;Almofala e Escarigo;LED;399.0;399.0;399.0;15506.0;09;0904;090419
2026;5;Guarda;Figueira de Castelo Rodrigo;Freixeda do Torrão, Quintã de Pêro Martins e Penha de Águia;Sódio;16.0;16.0;16.0;1130.0;09;0904;090421
2026;5;Guarda;Figueira de Castelo Rodrigo;Colmeal e Vilar Torpim;Fluorescente;3.0;3.0;3.0;150.0;09;0904;090422
2026;5;Guarda;Figueira de Castelo Rodrigo;Colmeal e Vilar Torpim;Outros/Não definido;1.0;;;;09;0904;090422
2026;5;Guarda;Fornos de Algodres;Algodres;Sódio;24.0;24.0;24.0;2340.0;09;0905;090501
2026;5;Guarda;Fornos de Algodres;Casal Vasco;LED;194.0;194.0;194.0;7826.0;09;0905;090502
2026;5;Guarda;Fornos de Algodres;Infias;LED;265.0;263.0;265.0;10179.0;09;0905;090507
2026;5;Guarda;Fornos de Algodres;Infias;Outros/Não definido;6.0;6.0;6.0;285.0;09;0905;090507
2026;5;Guarda;Fornos de Algodres;Matança;LED;240.0;240.0;240.0;9950.5;09;0905;090510
2026;5;Guarda;Fornos de Algodres;Matança;Sódio;5.0;5.0;5.0;330.0;09;0905;090510
2026;5;Guarda;Fornos de Algodres;Muxagata;Outros/Não definido;4.0;4.0;4.0;180.0;09;0905;090511
2026;5;Guarda;Fornos de Algodres;Queiriz;LED;272.0;272.0;272.0;11452.0;09;0905;090512
2026;5;Guarda;Fornos de Algodres;Juncais, Vila Ruiva e Vila Soeiro do Chão;LED;624.0;624.0;624.0;21960.0;09;0905;090518
2026;5;Guarda;Fornos de Algodres;Juncais, Vila Ruiva e Vila Soeiro do Chão;Sódio;9.0;9.0;9.0;630.0;09;0905;090518
2026;5;Guarda;Gouveia;Arcozelo;Sódio;67.0;65.0;67.0;4550.0;09;0906;090602
2026;5;Guarda;Gouveia;Folgosinho;Outros/Não definido;7.0;7.0;7.0;39.0;09;0906;090605
2026;5;Guarda;Gouveia;Folgosinho;Sódio;108.0;108.0;108.0;9060.0;09;0906;090605
2026;5;Guarda;Gouveia;Paços da Serra;Outros/Não definido;9.0;9.0;9.0;;09;0906;090613
2026;5;Guarda;Gouveia;Ribamondego;LED;296.0;296.0;296.0;13818.69994354248;09;0906;090614
2026;5;Guarda;Gouveia;São Paio;Sódio;155.0;148.0;155.0;13170.0;09;0906;090617
2026;5;Guarda;Gouveia;Vila Franca da Serra;Sódio;33.0;25.0;33.0;2420.0;09;0906;090620
2026;5;Guarda;Gouveia;Vila Nova de Tazem;LED;994.0;992.0;992.0;33834.39966964722;09;0906;090621
2026;5;Guarda;Gouveia;Vila Nova de Tazem;Outros/Não definido;10.0;6.0;6.0;500.0;09;0906;090621
2026;5;Guarda;Gouveia;Vila Nova de Tazem;Sódio;111.0;108.0;111.0;11110.0;09;0906;090621
2026;5;Guarda;Gouveia;Aldeias e Mangualde da Serra;LED;325.0;325.0;325.0;14051.399936676025;09;0906;090623
2026;5;Guarda;Gouveia;Aldeias e Mangualde da Serra;Sódio;271.0;268.0;271.0;18760.0;09;0906;090623
2026;5;Guarda;Gouveia;Figueiró da Serra e Freixo da Serra;LED;424.0;424.0;424.0;15226.199741363525;09;0906;090624
2026;5;Guarda;Gouveia;Moimenta da Serra e Vinhó;LED;780.0;778.0;780.0;26108.600059509277;09;0906;090627
2026;5;Guarda;Guarda;Aldeia Viçosa;Sódio;2.0;2.0;2.0;170.0;09;0907;090704
2026;5;Guarda;Guarda;Alvendre;LED;187.0;186.0;186.0;6617.400001525879;09;0907;090705
2026;5;Guarda;Guarda;Alvendre;Outros/Não definido;7.0;1.0;1.0;50.0;09;0907;090705
2026;5;Guarda;Guarda;Casal de Cinza;Sódio;15.0;14.0;15.0;1340.0;09;0907;090711
2026;5;Guarda;Guarda;Castanheira;Sódio;4.0;4.0;4.0;280.0;09;0907;090712
2026;5;Guarda;Guarda;Cavadoude;Sódio;9.0;9.0;9.0;1060.0;09;0907;090713
2026;5;Guarda;Guarda;Codesseiro;LED;199.0;194.0;200.0;8142.0;09;0907;090714
2026;5;Guarda;Guarda;Famalicão;Outros/Não definido;4.0;1.0;1.0;45.0;09;0907;090717
2026;5;Guarda;Guarda;Famalicão;Sódio;4.0;4.0;4.0;220.0;09;0907;090717
2026;5;Guarda;Guarda;Gonçalo Bocas;LED;159.0;159.0;159.0;6916.0;09;0907;090721
2026;5;Guarda;Guarda;Gonçalo Bocas;Outros/Não definido;6.0;5.0;5.0;225.0;09;0907;090721
2026;5;Guarda;Guarda;Maçainhas;LED;728.0;709.0;728.0;30317.0;09;0907;090723
2026;5;Guarda;Guarda;Marmeleiro;LED;440.0;437.0;437.0;15771.400001525879;09;0907;090724
2026;5;Guarda;Guarda;Guarda;Iodeto Metálico;26.0;14.0;26.0;1900.0;09;0907;090758
2026;5;Guarda;Sabugal;Souto;Outros/Não definido;12.0;9.0;9.0;;09;0911;091134
2026;5;Guarda;Sabugal;Sabugal e Aldeia de Santo António;LED;2342.0;2251.0;2331.0;101485.0;09;0911;091145
2026;5;Guarda;Sabugal;Sabugal e Aldeia de Santo António;Outros/Não definido;12.0;8.0;8.0;270.0;09;0911;091145
2026;5;Leiria;Alcobaça;Alfeizerão;Sódio;120.0;114.0;120.0;8940.0;10;1001;100102
2026;5;Leiria;Alcobaça;Bárrio;LED;630.0;630.0;630.0;18498.29998779297;10;1001;100104
2026;5;Leiria;Alcobaça;Bárrio;Sódio;104.0;101.0;104.0;7270.0;10;1001;100104
2026;5;Leiria;Alcobaça;Évora de Alcobaça;Mercúrio;22.0;22.0;22.0;1745.0;10;1001;100108
2026;5;Leiria;Alcobaça;Évora de Alcobaça;Sódio;306.0;267.0;304.0;24690.0;10;1001;100108
2026;5;Leiria;Alcobaça;Vimeiro;Fluorescente;1.0;1.0;1.0;100.0;10;1001;100116
2026;5;Leiria;Alcobaça;Vimeiro;LED;1022.0;1019.0;1021.0;31356.500164031982;10;1001;100116
2026;5;Leiria;Alcobaça;Vimeiro;Sódio;107.0;106.0;107.0;8250.0;10;1001;100116
2026;5;Leiria;Alcobaça;Aljubarrota;Outros/Não definido;58.0;58.0;58.0;780.0;10;1001;100120
2026;5;Leiria;Batalha;Batalha;Outros/Não definido;615.0;581.0;611.0;6145.400001525879;10;1004;100401
2026;5;Leiria;Batalha;Golpilheira;LED;478.0;468.0;474.0;18882.70012664795;10;1004;100404
2026;5;Leiria;Batalha;Golpilheira;Sódio;67.0;65.0;65.0;7930.0;10;1004;100404
2026;5;Leiria;Bombarral;Bombarral e Vale Covo;Outros/Não definido;65.0;65.0;65.0;280.0;10;1005;100506
2026;5;Leiria;Bombarral;Bombarral e Vale Covo;Sódio;51.0;35.0;51.0;6080.0;10;1005;100506
2026;5;Leiria;Caldas da Rainha;Alvorninha;Mercúrio;1.0;1.0;1.0;50.0;10;1006;100602
2026;5;Leiria;Caldas da Rainha;Alvorninha;Sódio;2.0;2.0;2.0;140.0;10;1006;100602
2026;5;Leiria;Caldas da Rainha;Nadadouro;Mercúrio;2.0;2.0;2.0;130.0;10;1006;100608
2026;5;Leiria;Caldas da Rainha;Nossa Senhora do Pópulo, Coto e São Gregório;Mercúrio;11.0;11.0;11.0;3060.0;10;1006;100617
2026;5;Leiria;Caldas da Rainha;Nossa Senhora do Pópulo, Coto e São Gregório;Outros/Não definido;48.0;48.0;48.0;210.0;10;1006;100617
2026;5;Leiria;Caldas da Rainha;Tornada e Salir do Porto;Fluorescente;1.0;1.0;1.0;80.0;10;1006;100619
2026;5;Leiria;Figueiró dos Vinhos;Figueiró dos Vinhos e Bairradas;Fluorescente;8.0;4.0;8.0;400.0;10;1008;100806
2026;5;Guarda;Guarda;Meios;Sódio;19.0;19.0;19.0;1290.0;09;0907;090725
2026;5;Guarda;Guarda;Panoias de Cima;LED;638.0;637.0;637.0;26503.0;09;0907;090728
2026;5;Guarda;Guarda;Pega;LED;218.0;217.0;217.0;9810.0;09;0907;090729
2026;5;Guarda;Guarda;Pega;Sódio;25.0;25.0;25.0;1930.0;09;0907;090729
2026;5;Guarda;Guarda;Pêra do Moço;Outros/Não definido;3.0;3.0;3.0;135.0;09;0907;090730
2026;5;Guarda;Guarda;Porto da Carne;Sódio;13.0;13.0;13.0;990.0;09;0907;090732
2026;5;Guarda;Guarda;Ramela;LED;281.0;281.0;281.0;12432.0;09;0907;090734
2026;5;Guarda;Guarda;Ramela;Sódio;77.0;77.0;77.0;4410.0;09;0907;090734
2026;5;Guarda;Guarda;Santana da Azinha;LED;478.0;478.0;478.0;17423.0;09;0907;090738
2026;5;Guarda;Guarda;Vale de Estrela;LED;254.0;254.0;254.0;11002.0;09;0907;090746
2026;5;Guarda;Guarda;Vale de Estrela;Sódio;14.0;14.0;14.0;1520.0;09;0907;090746
2026;5;Faro;Monchique;Alferce;LED;198.0;198.0;198.0;6592.0;08;0809;080901
2026;5;Faro;Monchique;Alferce;Outros/Não definido;41.0;39.0;39.0;90.0;08;0809;080901
2026;5;Faro;Monchique;Marmelete;LED;475.0;471.0;475.0;15920.100009918213;08;0809;080902
2026;5;Faro;Monchique;Marmelete;Outros/Não definido;34.0;31.0;31.0;845.0;08;0809;080902
2026;5;Faro;Vila do Bispo;Barão de São Miguel;LED;201.0;201.0;201.0;6653.6000118255615;08;0815;081501
2026;5;Faro;Vila do Bispo;Vila do Bispo e Raposeira;LED;724.0;718.0;724.0;40209.00019645691;08;0815;081506
2026;5;Guarda;Almeida;Almeida;LED;864.0;815.0;864.0;40189.000019073486;09;0902;090203
2026;5;Guarda;Almeida;Castelo Bom;Outros/Não definido;29.0;29.0;29.0;;09;0902;090207
2026;5;Guarda;Almeida;Freineda;LED;265.0;265.0;265.0;10708.200008392334;09;0902;090209
2026;5;Guarda;Almeida;Freineda;Outros/Não definido;4.0;4.0;4.0;;09;0902;090209
2026;5;Guarda;Almeida;Malhada Sorda;Sódio;2.0;2.0;2.0;300.0;09;0902;090213
2026;5;Guarda;Almeida;Nave de Haver;LED;481.0;481.0;481.0;16605.0;09;0902;090219
2026;5;Guarda;Almeida;São Pedro de Rio Seco;LED;192.0;192.0;192.0;6536.0;09;0902;090224
2026;5;Guarda;Almeida;São Pedro de Rio Seco;Sódio;1.0;1.0;1.0;50.0;09;0902;090224
2026;5;Guarda;Almeida;Vilar Formoso;LED;1292.0;1232.0;1292.0;73167.70011901855;09;0902;090229
2026;5;Guarda;Almeida;Vilar Formoso;Mercúrio;4.0;4.0;4.0;230.0;09;0902;090229
2026;5;Guarda;Almeida;Vilar Formoso;Outros/Não definido;2.0;2.0;2.0;;09;0902;090229
2026;5;Guarda;Almeida;Amoreira, Parada e Cabreira;LED;495.0;494.0;494.0;19984.600006103516;09;0902;090230
2026;5;Guarda;Almeida;Azinhal, Peva e Valverde;LED;411.0;411.0;411.0;18397.40000152588;09;0902;090231
2026;5;Guarda;Almeida;Castelo Mendo, Ade, Monteperobolso e Mesquitela;LED;413.0;412.0;412.0;17116.0;09;0902;090232
2026;5;Guarda;Almeida;Junça e Naves;LED;307.0;307.0;307.0;10325.0;09;0902;090233
2026;5;Guarda;Almeida;Junça e Naves;Sódio;1.0;1.0;1.0;70.0;09;0902;090233
2026;5;Guarda;Almeida;Malpartida e Vale de Coelha;LED;252.0;252.0;252.0;8002.0;09;0902;090235
2026;5;Guarda;Almeida;Miuzela e Porto de Ovelha;LED;585.0;578.0;585.0;21951.0;09;0902;090236
2026;5;Guarda;Celorico da Beira;Forno Telheiro;Outros/Não definido;3.0;;;;09;0903;090306
2026;5;Guarda;Celorico da Beira;Lajeosa do Mondego;LED;336.0;331.0;337.0;10958.0;09;0903;090307
2026;5;Guarda;Celorico da Beira;Linhares;Sódio;75.0;75.0;75.0;5250.0;09;0903;090308
2026;5;Guarda;Celorico da Beira;Prados;LED;268.0;268.0;268.0;8801.0;09;0903;090312
2026;5;Guarda;Celorico da Beira;Vale de Azares;LED;395.0;389.0;389.0;13638.0;09;0903;090318
2026;5;Guarda;Celorico da Beira;São Pedro e Santa Maria e Vila Boa do Mondego;Outros/Não definido;17.0;17.0;17.0;;09;0903;090324
2026;5;Guarda;Guarda;Valhelhas;Outros/Não definido;1.0;1.0;1.0;;09;0907;090747
2026;5;Guarda;Guarda;Valhelhas;Sódio;2.0;2.0;2.0;140.0;09;0907;090747
2026;5;Guarda;Guarda;Vela;LED;614.0;614.0;614.0;20150.0;09;0907;090748
2026;5;Guarda;Guarda;Vela;Sódio;15.0;15.0;15.0;1150.0;09;0907;090748
2026;5;Guarda;Guarda;Vila Fernando;LED;469.0;468.0;468.0;19062.40000152588;09;0907;090751
2026;5;Guarda;Guarda;Vila Franca do Deão;LED;181.0;181.0;181.0;7507.0000076293945;09;0907;090752
2026;5;Guarda;Guarda;Vila Garcia;LED;326.0;321.0;326.0;19096.0;09;0907;090753
2026;5;Guarda;Guarda;Gonçalo;LED;713.0;713.0;713.0;24962.0;09;0907;090757
2026;5;Guarda;Guarda;Jarmelo São Miguel;LED;370.0;368.0;368.0;15982.0;09;0907;090759
2026;5;Guarda;Guarda;Jarmelo São Miguel;Sódio;4.0;4.0;4.0;290.0;09;0907;090759
2026;5;Guarda;Guarda;Corujeira e Trinta;Outros/Não definido;1.0;;;;09;0907;090762
2026;5;Guarda;Guarda;Corujeira e Trinta;Sódio;17.0;17.0;17.0;1150.0;09;0907;090762
2026;5;Guarda;Guarda;Pousade e Albardo;Sódio;1.0;1.0;1.0;70.0;09;0907;090764
2026;5;Guarda;Guarda;Adão;Outros/Não definido;2.0;2.0;2.0;;09;0907;090766
2026;5;Guarda;Guarda;Adão;Sódio;4.0;4.0;4.0;280.0;09;0907;090766
2026;5;Guarda;Pinhel;Freixedas;LED;830.0;830.0;830.0;29184.0;09;0910;091010
2026;5;Guarda;Pinhel;Freixedas;Sódio;14.0;14.0;14.0;1210.0;09;0910;091010
2026;5;Guarda;Pinhel;Lamegal;LED;299.0;299.0;299.0;11298.0;09;0910;091012
2026;5;Guarda;Pinhel;Lamegal;Mercúrio;1.0;1.0;1.0;50.0;09;0910;091012
2026;5;Guarda;Pinhel;Pala;Mercúrio;1.0;1.0;1.0;50.0;09;0910;091015
2026;5;Guarda;Pinhel;Vascoveiro;LED;169.0;169.0;169.0;6310.5;09;0910;091027
2026;5;Guarda;Pinhel;Agregação das freguesias Sul de Pinhel;LED;552.0;553.0;553.0;22240.0;09;0910;091028
2026;5;Guarda;Pinhel;Alverca da Beira/Bouça Cova;LED;448.0;448.0;448.0;18059.000007629395;09;0910;091029
2026;5;Guarda;Pinhel;Alverca da Beira/Bouça Cova;Sódio;15.0;15.0;15.0;1100.0;09;0910;091029
2026;5;Guarda;Pinhel;Terras de Massueime;Mercúrio;2.0;2.0;2.0;100.0;09;0910;091030
2026;5;Guarda;Pinhel;Valbom/Bogalhal;Mercúrio;4.0;4.0;4.0;200.0;09;0910;091031
2026;5;Guarda;Pinhel;Valbom/Bogalhal;Sódio;24.0;24.0;24.0;2030.0;09;0910;091031
2026;5;Guarda;Pinhel;Alto do Palurdo;LED;339.0;339.0;339.0;12982.0;09;0910;091032
2026;5;Guarda;Pinhel;Alto do Palurdo;Sódio;2.0;2.0;2.0;140.0;09;0910;091032
2026;5;Guarda;Pinhel;Vale do Côa;Sódio;98.0;98.0;98.0;8410.0;09;0910;091033
2026;5;Guarda;Pinhel;Atalaia e Safurdão;Sódio;1.0;1.0;1.0;70.0;09;0910;091035
2026;5;Guarda;Sabugal;Águas Belas;LED;264.0;264.0;264.0;9846.0;09;0911;091101
2026;5;Guarda;Sabugal;Águas Belas;Outros/Não definido;1.0;1.0;1.0;;09;0911;091101
2026;5;Guarda;Sabugal;Aldeia da Ponte;LED;445.0;445.0;445.0;14841.0;09;0911;091103
2026;5;Guarda;Sabugal;Aldeia da Ponte;Outros/Não definido;2.0;2.0;2.0;;09;0911;091103
2026;5;Guarda;Sabugal;Aldeia da Ponte;Sódio;8.0;6.0;8.0;350.0;09;0911;091103
2026;5;Guarda;Sabugal;Alfaiates;Sódio;6.0;6.0;6.0;350.0;09;0911;091107
2026;5;Guarda;Sabugal;Baraçal;Outros/Não definido;2.0;;;;09;0911;091109
2026;5;Guarda;Sabugal;Bendada;Sódio;2.0;2.0;2.0;100.0;09;0911;091110
2026;5;Guarda;Sabugal;Bismula;LED;223.0;223.0;223.0;4800.0;09;0911;091111
2026;5;Guarda;Sabugal;Casteleiro;Outros/Não definido;1.0;1.0;1.0;;09;0911;091112
2026;5;Guarda;Sabugal;Malcata;LED;283.0;283.0;283.0;7416.0;09;0911;091118
2026;5;Guarda;Sabugal;Quadrazais;LED;612.0;607.0;607.0;21549.0;09;0911;091123
2026;5;Guarda;Sabugal;Quintas de São Bartolomeu;Outros/Não definido;10.0;10.0;10.0;45.0;09;0911;091124
2026;5;Guarda;Sabugal;Rebolosa;LED;279.0;279.0;279.0;6930.0;09;0911;091126
2026;5;Guarda;Sabugal;Vale de Espinho;LED;429.0;429.0;429.0;13909.0;09;0911;091136
2026;5;Guarda;Sabugal;Vale de Espinho;Outros/Não definido;2.0;2.0;2.0;45.0;09;0911;091136
2026;5;Guarda;Sabugal;Aldeia da Ribeira, Vilar Maior e Badamalos;Outros/Não definido;2.0;2.0;2.0;;09;0911;091141
2026;5;Guarda;Sabugal;Lajeosa e Forcalhos;LED;450.0;450.0;450.0;15327.0;09;0911;091142
2026;5;Guarda;Sabugal;Lajeosa e Forcalhos;Sódio;2.0;2.0;2.0;100.0;09;0911;091142
2026;5;Guarda;Sabugal;Ruvina, Ruivós e Vale das Éguas;LED;335.0;335.0;335.0;7078.0;09;0911;091144
2026;5;Guarda;Sabugal;Ruvina, Ruivós e Vale das Éguas;Outros/Não definido;3.0;2.0;2.0;90.0;09;0911;091144
2026;5;Guarda;Sabugal;Santo Estêvão e Moita;LED;407.0;407.0;407.0;15204.0;09;0911;091146
2026;5;Guarda;Sabugal;Santo Estêvão e Moita;Outros/Não definido;7.0;2.0;2.0;;09;0911;091146
2026;5;Guarda;Seia;Girabolhos;LED;325.0;325.0;325.0;10306.0;09;0912;091205
2026;5;Guarda;Seia;Sabugueiro;LED;294.0;294.0;294.0;9758.0;09;0912;091210
2026;5;Guarda;Seia;Santiago;LED;875.0;867.0;875.0;29377.0;09;0912;091216
2026;5;Guarda;Seia;Santiago;Sódio;1.0;1.0;1.0;70.0;09;0912;091216
2026;5;Guarda;Seia;Travancinha;LED;402.0;387.0;402.0;12891.0;09;0912;091224
2026;5;Guarda;Seia;Travancinha;Outros/Não definido;1.0;1.0;1.0;45.0;09;0912;091224
2026;5;Guarda;Seia;Carragozela e Várzea de Meruge;LED;510.0;506.0;510.0;16803.0;09;0912;091230
2026;5;Guarda;Seia;Sameice e Santa Eulália;Outros/Não definido;10.0;2.0;2.0;;09;0912;091231
2026;5;Guarda;Seia;Seia, São Romão e Lapa dos Dinheiros;Outros/Não definido;9.0;4.0;4.0;;09;0912;091233
2026;5;Guarda;Seia;Seia, São Romão e Lapa dos Dinheiros;Sódio;10.0;3.0;10.0;750.0;09;0912;091233
2026;5;Guarda;Seia;Torrozelo e Folhadosa;LED;583.0;562.0;583.0;18872.0;09;0912;091234
2026;5;Guarda;Seia;Vide e Cabeça;LED;1492.0;1492.0;1492.0;42230.0;09;0912;091236
2026;5;Leiria;Alcobaça;Cela;LED;1592.0;1581.0;1581.0;50113.70004272461;10;1001;100106
2026;5;Leiria;Alcobaça;Cela;Outros/Não definido;62.0;59.0;62.0;570.0;10;1001;100106
2026;5;Leiria;Alcobaça;Maiorga;LED;656.0;653.0;665.0;23656.400283813477;10;1001;100109
2026;5;Leiria;Alcobaça;Maiorga;Mercúrio;10.0;10.0;10.0;680.0;10;1001;100109
2026;5;Leiria;Alcobaça;Maiorga;Outros/Não definido;80.0;67.0;67.0;1385.0;10;1001;100109
2026;5;Leiria;Alcobaça;São Martinho do Porto;LED;1011.0;985.0;1019.0;38725.399766922;10;1001;100112
2026;5;Leiria;Alcobaça;São Martinho do Porto;Sódio;586.0;420.0;585.0;60030.0;10;1001;100112
2026;5;Leiria;Alcobaça;Alcobaça e Vestiaria;LED;995.0;962.0;988.0;41398.60000991821;10;1001;100121
2026;5;Leiria;Alcobaça;Coz, Alpedriz e Montes;Sódio;419.0;244.0;418.0;36860.0;10;1001;100122
2026;5;Leiria;Batalha;São Mamede;LED;1176.0;1170.0;1176.0;43444.300762176514;10;1004;100403
2026;5;Leiria;Bombarral;Carvalhal;Outros/Não definido;7.0;7.0;7.0;45.0;10;1005;100502
2026;5;Leiria;Bombarral;Carvalhal;Sódio;1.0;1.0;1.0;70.0;10;1005;100502
2026;5;Leiria;Bombarral;Pó;Sódio;3.0;3.0;3.0;210.0;10;1005;100505
2026;5;Leiria;Caldas da Rainha;A dos Francos;LED;878.0;868.0;886.0;26693.79995727539;10;1006;100601
2026;5;Leiria;Caldas da Rainha;A dos Francos;Outros/Não definido;1.0;1.0;1.0;;10;1006;100601
2026;5;Leiria;Caldas da Rainha;Carvalhal Benfeito;LED;794.0;791.0;794.0;22828.699989318848;10;1006;100604
2026;5;Leiria;Caldas da Rainha;Foz do Arelho;Outros/Não definido;53.0;53.0;53.0;45.0;10;1006;100606
2026;5;Leiria;Caldas da Rainha;Landal;Outros/Não definido;1.0;1.0;1.0;;10;1006;100607
2026;5;Leiria;Caldas da Rainha;Landal;Sódio;2.0;2.0;2.0;140.0;10;1006;100607
2026;5;Leiria;Caldas da Rainha;Salir de Matos;Mercúrio;3.0;1.0;3.0;50.0;10;1006;100609
2026;5;Leiria;Caldas da Rainha;Santa Catarina;LED;1359.0;1340.0;1357.0;43730.10028839111;10;1006;100611
2026;5;Leiria;Caldas da Rainha;Vidais;Iodeto Metálico;4.0;4.0;4.0;600.0;10;1006;100615
2026;5;Leiria;Caldas da Rainha;Caldas da Rainha - Santo Onofre e Serra do Bouro;LED;3160.0;2899.0;3160.0;130051.89945602417;10;1006;100618
2026;5;Leiria;Caldas da Rainha;Caldas da Rainha - Santo Onofre e Serra do Bouro;Outros/Não definido;8.0;8.0;8.0;225.0;10;1006;100618
2026;5;Leiria;Figueiró dos Vinhos;Aguda;LED;916.0;915.0;916.0;30896.400173187256;10;1008;100801
2026;5;Leiria;Figueiró dos Vinhos;Aguda;Outros/Não definido;52.0;52.0;52.0;;10;1008;100801
2026;5;Leiria;Figueiró dos Vinhos;Arega;Mercúrio;42.0;42.0;42.0;2100.0;10;1008;100802
2026;5;Leiria;Figueiró dos Vinhos;Arega;Outros/Não definido;8.0;8.0;8.0;200.0;10;1008;100802
2026;5;Leiria;Figueiró dos Vinhos;Campelo;Mercúrio;27.0;27.0;27.0;1350.0;10;1008;100803
2026;5;Leiria;Figueiró dos Vinhos;Campelo;Sódio;44.0;42.0;44.0;3650.0;10;1008;100803
2026;5;Guarda;Manteigas;Manteigas (Santa Maria);Iodeto Metálico;5.0;5.0;5.0;350.0;09;0908;090802
2026;5;Guarda;Manteigas;Manteigas (Santa Maria);LED;12.0;12.0;12.0;440.0;09;0908;090802
2026;5;Guarda;Manteigas;Manteigas (Santa Maria);Outros/Não definido;24.0;12.0;12.0;90.0;09;0908;090802
2026;5;Guarda;Manteigas;Manteigas (Santa Maria);Sódio;835.0;815.0;834.0;71990.0;09;0908;090802
2026;5;Guarda;Manteigas;Manteigas (São Pedro);Iodeto Metálico;3.0;3.0;3.0;210.0;09;0908;090803
2026;5;Guarda;Manteigas;Vale de Amoreira;LED;1.0;1.0;1.0;45.0;09;0908;090804
2026;5;Guarda;Manteigas;Vale de Amoreira;Sódio;250.0;250.0;250.0;19210.0;09;0908;090804
2026;5;Guarda;Mêda;Aveloso;LED;181.0;181.0;181.0;4924.0;09;0909;090901
2026;5;Guarda;Mêda;Barreira;LED;270.0;270.0;270.0;6280.0;09;0909;090902
2026;5;Guarda;Mêda;Coriscada;Sódio;1.0;1.0;1.0;100.0;09;0909;090905
2026;5;Guarda;Mêda;Prova e Casteição;LED;508.0;502.0;502.0;12762.0;09;0909;090918
2026;5;Guarda;Trancoso;Aldeia Nova;Mercúrio;2.0;2.0;2.0;100.0;09;0913;091301
2026;5;Guarda;Trancoso;Cogula;LED;187.0;186.0;186.0;8208.0;09;0913;091304
2026;5;Guarda;Trancoso;Cótimos;LED;220.0;215.0;218.0;9559.5;09;0913;091305
2026;5;Guarda;Trancoso;Cótimos;Outros/Não definido;3.0;3.0;3.0;45.0;09;0913;091305
2026;5;Guarda;Trancoso;Fiães;LED;278.0;278.0;278.0;10581.0;09;0913;091307
2026;5;Guarda;Trancoso;Granja;Mercúrio;3.0;3.0;3.0;150.0;09;0913;091309
2026;5;Guarda;Trancoso;Granja;Outros/Não definido;6.0;6.0;6.0;;09;0913;091309
2026;5;Guarda;Trancoso;Moimentinha;LED;159.0;159.0;159.0;4348.0;09;0913;091311
2026;5;Guarda;Trancoso;Moimentinha;Outros/Não definido;1.0;1.0;1.0;;09;0913;091311
2026;5;Guarda;Trancoso;Moimentinha;Sódio;3.0;3.0;3.0;150.0;09;0913;091311
2026;5;Leiria;Figueiró dos Vinhos;Figueiró dos Vinhos e Bairradas;Outros/Não definido;144.0;144.0;144.0;765.0;10;1008;100806
2026;5;Leiria;Leiria;Arrabal;Mercúrio;1.0;1.0;1.0;50.0;10;1009;100902
2026;5;Leiria;Leiria;Caranguejeira;LED;1942.0;1932.0;1934.0;74853.10034561157;10;1009;100907
2026;5;Leiria;Leiria;Caranguejeira;Mercúrio;14.0;14.0;14.0;730.0;10;1009;100907
2026;5;Leiria;Leiria;Caranguejeira;Outros/Não definido;35.0;35.0;35.0;695.0;10;1009;100907
2026;5;Leiria;Leiria;Regueira de Pontes;Sódio;88.0;76.0;87.0;5390.0;10;1009;100921
2026;5;Leiria;Leiria;Marrazes e Barosa;Mercúrio;31.0;30.0;33.0;2495.0;10;1009;100934
2026;5;Leiria;Leiria;Marrazes e Barosa;Outros/Não definido;160.0;160.0;162.0;1410.0;10;1009;100934
2026;5;Leiria;Leiria;Monte Real e Carvide;Sódio;689.0;660.0;666.0;53600.0;10;1009;100935
2026;5;Leiria;Leiria;Monte Redondo e Carreira;Outros/Não definido;35.0;35.0;35.0;860.0;10;1009;100936
2026;5;Leiria;Leiria;Monte Redondo e Carreira;Sódio;1502.0;1492.0;1499.0;109790.0;10;1009;100936
2026;5;Leiria;Marinha Grande;Marinha Grande;Iodeto Metálico;1.0;1.0;1.0;125.0;10;1010;101001
2026;5;Leiria;Marinha Grande;Marinha Grande;Sódio;1770.0;1629.0;1747.0;173500.0;10;1010;101001
2026;5;Leiria;Nazaré;Nazaré;LED;2402.0;2325.0;2423.0;96651.89980316162;10;1011;101102
2026;5;Leiria;Nazaré;Nazaré;Outros/Não definido;267.0;265.0;267.0;350.0;10;1011;101102
2026;5;Leiria;Nazaré;Nazaré;Sódio;445.0;425.0;445.0;40820.0;10;1011;101102
2026;5;Leiria;Nazaré;Valado dos Frades;Outros/Não definido;160.0;160.0;166.0;19200.0;10;1011;101103
2026;5;Leiria;Nazaré;Valado dos Frades;Sódio;67.0;67.0;67.0;6890.0;10;1011;101103
2026;5;Leiria;Óbidos;Olho Marinho;LED;573.0;573.0;573.0;17217.499977111816;10;1012;101203
2026;5;Leiria;Óbidos;Olho Marinho;Outros/Não definido;7.0;6.0;6.0;190.0;10;1012;101203
2026;5;Leiria;Óbidos;Olho Marinho;Sódio;5.0;5.0;5.0;380.0;10;1012;101203
2026;5;Leiria;Óbidos;Gaeiras;Outros/Não definido;20.0;19.0;20.0;;10;1012;101208
2026;5;Leiria;Óbidos;Gaeiras;Sódio;16.0;16.0;16.0;1440.0;10;1012;101208
2026;5;Leiria;Peniche;Atouguia da Baleia;Outros/Não definido;60.0;60.0;60.0;930.0;10;1014;101402
2026;5;Leiria;Peniche;Atouguia da Baleia;Sódio;7.0;7.0;7.0;970.0;10;1014;101402
2026;5;Leiria;Peniche;Peniche;Fluorescente;8.0;8.0;8.0;400.0;10;1014;101407
2026;5;Leiria;Peniche;Peniche;Sódio;56.0;56.0;56.0;7350.0;10;1014;101407
2026;5;Leiria;Pombal;Carriço;Mercúrio;22.0;13.0;13.0;1130.0;10;1015;101505
2026;5;Leiria;Pombal;Carriço;Outros/Não definido;168.0;164.0;168.0;235.0;10;1015;101505
2026;5;Leiria;Pombal;Pombal;Iodeto Metálico;38.0;38.0;38.0;5700.0;10;1015;101509
2026;5;Leiria;Pombal;Pombal;Mercúrio;212.0;174.0;175.0;13160.0;10;1015;101509
2026;5;Leiria;Pombal;Pombal;Outros/Não definido;868.0;854.0;869.0;1952.0;10;1015;101509
2026;5;Leiria;Pombal;Pombal;Sódio;1560.0;1494.0;1551.0;151480.0;10;1015;101509
2026;5;Leiria;Pombal;Vermoil;Outros/Não definido;70.0;70.0;70.0;405.0;10;1015;101513
2026;5;Leiria;Pombal;Vermoil;Sódio;83.0;73.0;82.0;5180.0;10;1015;101513
2026;5;Leiria;Pombal;Guia, Ilha e Mata Mourisca;Sódio;659.0;641.0;657.0;52660.0;10;1015;101518
2026;5;Leiria;Pombal;Santiago e S. Simão de Litém e Albergaria dos Doze;Mercúrio;163.0;149.0;151.0;8250.0;10;1015;101519
2026;5;Leiria;Pombal;Santiago e S. Simão de Litém e Albergaria dos Doze;Sódio;844.0;839.0;844.0;60410.0;10;1015;101519
2026;5;Leiria;Porto de Mós;São Bento;LED;696.0;696.0;696.0;26045.000007629395;10;1016;101610
2026;5;Leiria;Porto de Mós;São Bento;Outros/Não definido;39.0;2.0;2.0;48.0;10;1016;101610
2026;5;Leiria;Porto de Mós;São Bento;Sódio;40.0;40.0;40.0;2800.0;10;1016;101610
2026;5;Leiria;Porto de Mós;Porto de Mós - São João Baptista e São Pedro;Iodeto Metálico;51.0;51.0;51.0;6250.0;10;1016;101614
2026;5;Leiria;Porto de Mós;Porto de Mós - São João Baptista e São Pedro;LED;1321.0;1294.0;1316.0;63495.60050201416;10;1016;101614
2026;5;Leiria;Porto de Mós;Porto de Mós - São João Baptista e São Pedro;Mercúrio;28.0;24.0;24.0;1400.0;10;1016;101614
2026;5;Leiria;Porto de Mós;Porto de Mós - São João Baptista e São Pedro;Outros/Não definido;439.0;422.0;426.0;1057.0;10;1016;101614
2026;5;Lisboa;Alenquer;Alenquer (Santo Estêvão e Triana);Outros/Não definido;1.0;1.0;1.0;45.0;11;1101;110119
2026;5;Lisboa;Arruda dos Vinhos;Arruda dos Vinhos;Fluorescente;3.0;3.0;3.0;150.0;11;1102;110202
2026;5;Lisboa;Arruda dos Vinhos;Arruda dos Vinhos;Iodeto Metálico;31.0;31.0;31.0;3860.0;11;1102;110202
2026;5;Lisboa;Arruda dos Vinhos;Arruda dos Vinhos;Sódio;51.0;51.0;51.0;5880.0;11;1102;110202
2026;5;Lisboa;Arruda dos Vinhos;S. Tiago dos Velhos;Sódio;2.0;2.0;2.0;140.0;11;1102;110204
2026;5;Lisboa;Azambuja;Azambuja;Mercúrio;20.0;20.0;20.0;1000.0;11;1103;110304
2026;5;Lisboa;Cadaval;Vilar;Mercúrio;1.0;1.0;1.0;50.0;11;1104;110410
2026;5;Lisboa;Cadaval;Cadaval e Pêro Moniz;Outros/Não definido;4.0;4.0;4.0;;11;1104;110411
2026;5;Lisboa;Cadaval;Cadaval e Pêro Moniz;Sódio;32.0;29.0;32.0;2060.0;11;1104;110411
2026;5;Lisboa;Cadaval;Painho e Figueiros;LED;941.0;931.0;933.0;31758.400215148926;11;1104;110413
2026;5;Lisboa;Cascais;São Domingos de Rana;Iodeto Metálico;28.0;28.0;28.0;2470.0;11;1105;110506
2026;5;Lisboa;Cascais;São Domingos de Rana;Mercúrio;35.0;35.0;35.0;2170.0;11;1105;110506
2026;5;Lisboa;Cascais;São Domingos de Rana;Sódio;6497.0;6414.0;6497.0;915610.0;11;1105;110506
2026;5;Lisboa;Cascais;Carcavelos e Parede;Fluorescente;3.0;3.0;3.0;150.0;11;1105;110507
2026;5;Lisboa;Cascais;Cascais e Estoril;Mercúrio;119.0;118.0;119.0;12620.0;11;1105;110508
2026;5;Lisboa;Lisboa;Lumiar;LED;402.0;294.0;402.0;20952.0;11;1106;110618
2026;5;Lisboa;Lisboa;São Domingos de Benfica;LED;156.0;128.0;156.0;5989.0;11;1106;110639
2026;5;Lisboa;Lisboa;Misericórdia;LED;60.0;49.0;60.0;2117.0;11;1106;110661
2026;5;Lisboa;Lisboa;Misericórdia;Outros/Não definido;1822.0;1706.0;1828.0;182669.0;11;1106;110661
2026;5;Lisboa;Lisboa;Parque das Nações;LED;47.0;44.0;47.0;3484.0;11;1106;110662
2026;5;Guarda;Trancoso;Moreira de Rei;LED;757.0;757.0;757.0;27149.600006103516;09;0913;091312
2026;5;Guarda;Trancoso;Póvoa do Concelho;LED;276.0;273.0;276.0;9550.0;09;0913;091314
2026;5;Guarda;Trancoso;Rio de Mel;LED;256.0;255.0;255.0;8447.0;09;0913;091316
2026;5;Guarda;Trancoso;Valdujo;Sódio;4.0;4.0;4.0;270.0;09;0913;091325
2026;5;Guarda;Trancoso;Torre do Terrenho, Sebadelhe da Serra e Terrenho;LED;575.0;575.0;575.0;22979.40000152588;09;0913;091331
2026;5;Guarda;Trancoso;Torre do Terrenho, Sebadelhe da Serra e Terrenho;Sódio;13.0;13.0;13.0;980.0;09;0913;091331
2026;5;Guarda;Trancoso;Trancoso (São Pedro e Santa Maria) e Souto Maior;Outros/Não definido;15.0;10.0;10.0;235.0;09;0913;091332
2026;5;Guarda;Trancoso;Vale do Seixo e Vila Garcia;LED;399.0;399.0;399.0;15544.800010681152;09;0913;091333
2026;5;Guarda;Trancoso;Vila Franca das Naves e Feital;Sódio;28.0;28.0;28.0;1840.0;09;0913;091334
2026;5;Guarda;Trancoso;Vilares e Carnicães;LED;457.0;455.0;457.0;15616.400001525879;09;0913;091335
2026;5;Guarda;Vila Nova de Foz Côa;Almendra;Outros/Não definido;1.0;1.0;1.0;;09;0914;091401
2026;5;Guarda;Vila Nova de Foz Côa;Castelo Melhor;LED;228.0;228.0;228.0;9083.0;09;0914;091402
2026;5;Guarda;Vila Nova de Foz Côa;Castelo Melhor;Outros/Não definido;9.0;9.0;9.0;90.0;09;0914;091402
2026;5;Guarda;Vila Nova de Foz Côa;Cedovim;LED;316.0;314.0;316.0;13237.0;09;0914;091403
2026;5;Guarda;Vila Nova de Foz Côa;Chãs;LED;186.0;186.0;186.0;7337.0;09;0914;091404
2026;5;Guarda;Vila Nova de Foz Côa;Custóias;LED;199.0;199.0;199.0;7424.0;09;0914;091405
2026;5;Guarda;Vila Nova de Foz Côa;Horta;Mercúrio;4.0;4.0;4.0;200.0;09;0914;091407
2026;5;Guarda;Vila Nova de Foz Côa;Numão;Mercúrio;1.0;1.0;1.0;50.0;09;0914;091411
2026;5;Guarda;Vila Nova de Foz Côa;Sebadelhe;LED;233.0;233.0;233.0;9348.200012207031;09;0914;091414
2026;5;Guarda;Vila Nova de Foz Côa;Sebadelhe;Outros/Não definido;3.0;3.0;3.0;;09;0914;091414
2026;5;Guarda;Vila Nova de Foz Côa;Freixo de Numão;LED;562.0;559.0;562.0;21627.10000228882;09;0914;091418
2026;5;Guarda;Vila Nova de Foz Côa;Freixo de Numão;Outros/Não definido;3.0;3.0;3.0;;09;0914;091418
2026;5;Guarda;Vila Nova de Foz Côa;Vila Nova de Foz Côa;Iodeto Metálico;4.0;2.0;4.0;100.0;09;0914;091419
2026;5;Guarda;Vila Nova de Foz Côa;Vila Nova de Foz Côa;Mercúrio;10.0;10.0;10.0;500.0;09;0914;091419
2026;5;Guarda;Vila Nova de Foz Côa;Vila Nova de Foz Côa;Sódio;35.0;29.0;35.0;2980.0;09;0914;091419
2026;5;Leiria;Alvaiázere;Maçãs de Dona Maria;LED;1284.0;1278.0;1286.0;46788.80047607422;10;1002;100204
2026;5;Leiria;Alvaiázere;Pelmá;LED;723.0;723.0;723.0;26085.900157928467;10;1002;100205
2026;5;Leiria;Alvaiázere;Pelmá;Mercúrio;1.0;1.0;1.0;50.0;10;1002;100205
2026;5;Leiria;Alvaiázere;Pelmá;Outros/Não definido;10.0;10.0;10.0;265.4000015258789;10;1002;100205
2026;5;Leiria;Alvaiázere;Alvaiázere;Mercúrio;3.0;3.0;3.0;150.0;10;1002;100208
2026;5;Leiria;Alvaiázere;Pussos São Pedro;Mercúrio;5.0;5.0;5.0;250.0;10;1002;100209
2026;5;Leiria;Alvaiázere;Pussos São Pedro;Outros/Não definido;11.0;11.0;11.0;225.0;10;1002;100209
2026;5;Leiria;Ansião;Avelar;LED;772.0;785.0;786.0;29964.000061035156;10;1003;100303
2026;5;Leiria;Ansião;Chão de Couce;LED;1526.0;1509.0;1524.0;66036.20008850098;10;1003;100304
2026;5;Leiria;Castanheira de Pêra;Castanheira de Pêra e Coentral;Mercúrio;8.0;5.0;5.0;400.0;10;1007;100703
2026;5;Leiria;Castanheira de Pêra;Castanheira de Pêra e Coentral;Outros/Não definido;38.0;38.0;38.0;;10;1007;100703
2026;5;Leiria;Leiria;Coimbrão;LED;902.0;896.0;902.0;39904.000453948975;10;1009;100909
2026;5;Leiria;Leiria;Coimbrão;Outros/Não definido;13.0;13.0;13.0;695.0;10;1009;100909
2026;5;Leiria;Leiria;Maceira;Sódio;720.0;710.0;712.0;54170.0;10;1009;100913
2026;5;Leiria;Leiria;Milagres;Outros/Não definido;21.0;21.0;21.0;565.0;10;1009;100915
2026;5;Leiria;Leiria;Bajouca;Sódio;280.0;276.0;280.0;19640.0;10;1009;100925
2026;5;Leiria;Leiria;Bidoeira de Cima;Mercúrio;4.0;4.0;4.0;230.0;10;1009;100926
2026;5;Leiria;Leiria;Colmeias e Memória;LED;2076.0;2067.0;2067.0;79930.1905593872;10;1009;100932
2026;5;Leiria;Leiria;Colmeias e Memória;Sódio;513.0;501.0;506.0;36690.0;10;1009;100932
2026;5;Leiria;Leiria;Santa Catarina da Serra e Chainça;Mercúrio;20.0;15.0;15.0;1090.0;10;1009;100938
2026;5;Leiria;Leiria;Santa Eufémia e Boa Vista;Outros/Não definido;20.0;20.0;20.0;405.0;10;1009;100939
2026;5;Leiria;Leiria;Santa Eufémia e Boa Vista;Sódio;287.0;280.0;282.0;20700.0;10;1009;100939
2026;5;Leiria;Marinha Grande;Vieira de Leiria;Mercúrio;1.0;1.0;1.0;50.0;10;1010;101002
2026;5;Leiria;Marinha Grande;Vieira de Leiria;Outros/Não definido;94.0;62.0;108.0;405.0;10;1010;101002
2026;5;Leiria;Óbidos;Amoreira;Sódio;38.0;35.0;38.0;3960.0;10;1012;101202
2026;5;Leiria;Óbidos;Vau;Iodeto Metálico;3.0;3.0;3.0;450.0;10;1012;101207
2026;5;Leiria;Óbidos;Santa Maria, São Pedro e Sobral da Lagoa;Outros/Não definido;22.0;21.0;22.0;225.0;10;1012;101210
2026;5;Leiria;Peniche;Serra d'El-Rei;Outros/Não definido;34.0;34.0;34.0;1415.0;10;1014;101405
2026;5;Leiria;Pombal;Almagreira;Mercúrio;36.0;36.0;36.0;1800.0;10;1015;101503
2026;5;Leiria;Pombal;Carnide;LED;1049.0;1037.0;1048.0;38466.00003051758;10;1015;101504
2026;5;Leiria;Pombal;Redinha;Outros/Não definido;147.0;141.0;141.0;90.0;10;1015;101510
2026;5;Leiria;Pombal;Redinha;Sódio;369.0;323.0;365.0;26810.0;10;1015;101510
2026;5;Leiria;Pombal;Vila Cã;LED;1104.0;1101.0;1104.0;40348.500020980835;10;1015;101514
2026;5;Leiria;Pombal;Meirinhas;Mercúrio;35.0;34.0;34.0;1750.0;10;1015;101515
2026;5;Leiria;Porto de Mós;Alqueidão da Serra;Fluorescente;3.0;3.0;3.0;150.0;10;1016;101602
2026;5;Leiria;Porto de Mós;Calvaria de Cima;Iodeto Metálico;1.0;1.0;1.0;400.0;10;1016;101605
2026;5;Leiria;Porto de Mós;Calvaria de Cima;Outros/Não definido;226.0;225.0;231.0;410.0;10;1016;101605
2026;5;Leiria;Porto de Mós;Calvaria de Cima;Sódio;248.0;246.0;248.0;23900.0;10;1016;101605
2026;5;Leiria;Porto de Mós;Juncal;Outros/Não definido;217.0;216.0;216.0;204.0;10;1016;101606
2026;5;Leiria;Porto de Mós;Juncal;Sódio;385.0;368.0;382.0;31950.0;10;1016;101606
2026;5;Leiria;Porto de Mós;Mira de Aire;Mercúrio;11.0;8.0;8.0;550.0;10;1016;101608
2026;5;Leiria;Porto de Mós;Mira de Aire;Sódio;309.0;293.0;293.0;25655.0;10;1016;101608
2026;5;Leiria;Porto de Mós;Pedreiras;LED;864.0;861.0;864.0;29941.30014038086;10;1016;101609
2026;5;Leiria;Porto de Mós;Pedreiras;Sódio;193.0;191.0;193.0;17130.0;10;1016;101609
2026;5;Leiria;Porto de Mós;Serro Ventoso;Iodeto Metálico;4.0;4.0;4.0;400.0;10;1016;101613
2026;5;Leiria;Porto de Mós;Serro Ventoso;LED;481.0;481.0;481.0;18327.400276184082;10;1016;101613
2026;5;Leiria;Porto de Mós;Serro Ventoso;Outros/Não definido;25.0;25.0;25.0;;10;1016;101613
2026;5;Leiria;Porto de Mós;Alvados e Alcaria;LED;570.0;567.0;567.0;20426.0;10;1016;101615
2026;5;Lisboa;Alenquer;Carnota;Mercúrio;1.0;1.0;1.0;50.0;11;1101;110106
2026;5;Lisboa;Alenquer;Meca;LED;768.0;761.0;761.0;24051.499885559082;11;1101;110107
2026;5;Lisboa;Alenquer;Olhalvo;LED;670.0;665.0;668.0;22588.59984588623;11;1101;110108
2026;5;Lisboa;Alenquer;Ventosa;LED;999.0;996.0;999.0;32358.199989318848;11;1101;110113
2026;5;Lisboa;Alenquer;Ventosa;Sódio;1.0;1.0;1.0;100.0;11;1101;110113
2026;5;Lisboa;Alenquer;Vila Verde dos Francos;Sódio;8.0;8.0;8.0;650.0;11;1101;110114
2026;5;Lisboa;Arruda dos Vinhos;Arranhó;LED;980.0;972.0;980.0;36182.99983215332;11;1102;110201
2026;5;Lisboa;Arruda dos Vinhos;Arranhó;Sódio;12.0;12.0;12.0;840.0;11;1102;110201
2026;5;Lisboa;Arruda dos Vinhos;Cardosas;Outros/Não definido;6.0;6.0;6.0;270.0;11;1102;110203
2026;5;Lisboa;Azambuja;Aveiras de Baixo;LED;637.0;629.0;637.0;22132.0;11;1103;110302
2026;5;Lisboa;Azambuja;Aveiras de Cima;Sódio;1.0;1.0;1.0;100.0;11;1103;110303
2026;5;Lisboa;Azambuja;Vila Nova da Rainha;LED;428.0;405.0;428.0;20181.0;11;1103;110307
2026;5;Lisboa;Azambuja;Vila Nova da Rainha;Outros/Não definido;9.0;9.0;9.0;;11;1103;110307
2026;5;Lisboa;Azambuja;Vila Nova da Rainha;Sódio;3.0;1.0;3.0;100.0;11;1103;110307
2026;5;Lisboa;Azambuja;Manique do Intendente, V. N. de S. Pedro e Maçussa;LED;1176.0;1173.0;1176.0;36036.0;11;1103;110310
2026;5;Lisboa;Cadaval;Lamas e Cercal;Outros/Não definido;2.0;2.0;2.0;;11;1104;110412
2026;5;Lisboa;Lisboa;Ajuda;Outros/Não definido;2471.0;2318.0;2480.0;247814.0;11;1106;110601
2026;5;Lisboa;Lisboa;Marvila;LED;165.0;166.0;166.0;6706.399971008301;11;1106;110621
2026;5;Lisboa;Lisboa;Santa Maria Maior;Outros/Não definido;2791.0;2596.0;2815.0;312442.0;11;1106;110665
2026;5;Lisboa;Lisboa;Santo António;Outros/Não definido;1972.0;1797.0;1976.0;234430.0;11;1106;110666
2026;5;Lisboa;Loures;Bucelas;Mercúrio;119.0;119.0;119.0;6370.0;11;1107;110702
2026;5;Lisboa;Loures;Bucelas;Outros/Não definido;184.0;184.0;184.0;4760.0;11;1107;110702
2026;5;Lisboa;Loures;Loures;LED;3873.0;3649.0;3873.0;237014.70133590698;11;1107;110707
2026;5;Lisboa;Loures;Loures;Mercúrio;26.0;26.0;26.0;1375.0;11;1107;110707
2026;5;Lisboa;Loures;Moscavide e Portela;Outros/Não definido;87.0;81.0;87.0;5600.0;11;1107;110726
2026;5;Lisboa;Loures;Sacavém e Prior Velho;Fluorescente;13.0;13.0;13.0;650.0;11;1107;110727
2026;5;Lisboa;Loures;Sacavém e Prior Velho;Iodeto Metálico;4.0;4.0;4.0;400.0;11;1107;110727
2026;5;Lisboa;Loures;Sacavém e Prior Velho;LED;1744.0;1675.0;1744.0;122746.8006515503;11;1107;110727
2026;5;Lisboa;Loures;Santa Iria de Azoia, São João da Talha e Bobadela;Mercúrio;60.0;60.0;60.0;3150.0;11;1107;110728
2026;5;Lisboa;Loures;Santa Iria de Azoia, São João da Talha e Bobadela;Sódio;1819.0;1678.0;1819.0;225055.0;11;1107;110728
2026;5;Lisboa;Loures;Santo Antão e São Julião do Tojal;LED;2593.0;2510.0;2611.0;138627.70029830933;11;1107;110729
2026;5;Lisboa;Loures;Santo António dos Cavaleiros e Frielas;Mercúrio;30.0;36.0;37.0;3550.0;11;1107;110730
2026;5;Lisboa;Loures;Santo António dos Cavaleiros e Frielas;Outros/Não definido;180.0;175.0;180.0;5290.0;11;1107;110730
2026;5;Lisboa;Loures;Camarate, Unhos e Apelação;Outros/Não definido;174.0;174.0;184.0;9680.0;11;1107;110731
2026;5;Lisboa;Mafra;Carvoeira;Outros/Não definido;104.0;104.0;104.0;1620.0;11;1109;110902
2026;5;Lisboa;Mafra;Ericeira;Outros/Não definido;224.0;224.0;224.0;905.0;11;1109;110906
2026;5;Lisboa;Mafra;Mafra;LED;5792.0;5332.0;5792.0;295483.20111083984;11;1109;110909
2026;5;Lisboa;Mafra;Mafra;Sódio;47.0;34.0;47.0;4420.0;11;1109;110909
2026;5;Lisboa;Mafra;Milharado;Outros/Não definido;304.0;304.0;304.0;3970.0;11;1109;110911
2026;5;Lisboa;Mafra;Igreja Nova e Cheleiros;LED;2054.0;1998.0;2054.0;98012.50024414062;11;1109;110920
2026;5;Lisboa;Oeiras;Barcarena;Outros/Não definido;830.0;726.0;830.0;42151.0;11;1110;111002
2026;5;Lisboa;Oeiras;Barcarena;Sódio;2381.0;2337.0;2381.0;373400.0;11;1110;111002
2026;5;Lisboa;Oeiras;Porto Salvo;Fluorescente;1.0;1.0;1.0;36.0;11;1110;111009
2026;5;Lisboa;Oeiras;Porto Salvo;Outros/Não definido;679.0;618.0;679.0;47771.0;11;1110;111009
2026;5;Lisboa;Oeiras;Algés, Linda-a-Velha e Cruz Quebrada-Dafundo;Sódio;3631.0;3354.0;3633.0;564250.0;11;1110;111012
2026;5;Lisboa;Oeiras;Carnaxide e Queijas;Sódio;2965.0;2802.0;3038.0;471780.0;11;1110;111013
2026;5;Lisboa;Sintra;Algueirão-Mem Martins;Mercúrio;10.0;10.0;10.0;1075.0;11;1111;111102
2026;5;Lisboa;Sintra;Algueirão-Mem Martins;Outros/Não definido;636.0;620.0;638.0;31430.0;11;1111;111102
2026;5;Lisboa;Sintra;Algueirão-Mem Martins;Sódio;2367.0;2343.0;2367.0;350540.0;11;1111;111102
2026;5;Lisboa;Sintra;Casal de Cambra;Sódio;667.0;654.0;667.0;92960.0;11;1111;111115
2026;5;Lisboa;Sintra;Agualva e Mira-Sintra;LED;2482.0;2323.0;2488.0;192544.40042495728;11;1111;111122
2026;5;Lisboa;Sintra;Almargem do Bispo, Pêro Pinheiro e Montelavar;Iodeto Metálico;3.0;3.0;3.0;300.0;11;1111;111123
2026;5;Lisboa;Sintra;Almargem do Bispo, Pêro Pinheiro e Montelavar;Mercúrio;12.0;12.0;12.0;1200.0;11;1111;111123
2026;5;Lisboa;Sintra;Almargem do Bispo, Pêro Pinheiro e Montelavar;Outros/Não definido;524.0;513.0;524.0;6550.0;11;1111;111123
2026;5;Lisboa;Sintra;Almargem do Bispo, Pêro Pinheiro e Montelavar;Sódio;2705.0;2685.0;2705.0;380240.0;11;1111;111123
2026;5;Lisboa;Sintra;São João das Lampas e Terrugem;Mercúrio;11.0;11.0;11.0;825.0;11;1111;111127
2026;5;Lisboa;Sintra;S. Maria, S. Miguel, S. Martinho e S. Pedro de Penaferrim;Mercúrio;83.0;65.0;83.0;8305.0;11;1111;111128
2026;5;Lisboa;Sobral de Monte Agraço;Sobral de Monte Agraço;Outros/Não definido;21.0;21.0;21.0;;11;1112;111203
2026;5;Lisboa;Torres Vedras;Ponte do Rol;LED;915.0;879.0;915.0;30166.699913024902;11;1113;111310
2026;5;Lisboa;Torres Vedras;São Pedro da Cadeira;LED;1604.0;1595.0;1607.0;57316.500228881836;11;1113;111314
2026;5;Lisboa;Torres Vedras;São Pedro da Cadeira;Outros/Não definido;46.0;47.0;47.0;1188.0;11;1113;111314
2026;5;Lisboa;Torres Vedras;Turcifal;Outros/Não definido;6.0;5.0;6.0;45.0;11;1113;111317
2026;5;Lisboa;Torres Vedras;Turcifal;Sódio;29.0;28.0;29.0;2420.0;11;1113;111317
2026;5;Lisboa;Torres Vedras;Ventosa;Outros/Não definido;13.0;12.0;12.0;115.0;11;1113;111318
2026;5;Lisboa;Torres Vedras;A dos Cunhados e Maceira;Outros/Não definido;144.0;142.0;142.0;534.0;11;1113;111321
2026;5;Lisboa;Torres Vedras;Maxial e Monte Redondo;Mercúrio;4.0;4.0;4.0;320.0;11;1113;111325
2026;5;Lisboa;Torres Vedras;Santa Maria, São Pedro e Matacães;Fluorescente;2.0;2.0;2.0;200.0;11;1113;111326
2026;5;Lisboa;Torres Vedras;Santa Maria, São Pedro e Matacães;LED;7374.0;7010.0;7397.0;286082.8981628418;11;1113;111326
2026;5;Lisboa;Vila Franca de Xira;Vialonga;LED;2892.0;2782.0;2892.0;196932.70360946655;11;1114;111408
2026;5;Lisboa;Vila Franca de Xira;Alverca do Ribatejo e Sobralinho;LED;4172.0;4065.0;4172.0;279933.60649871826;11;1114;111413
2026;5;Lisboa;Vila Franca de Xira;Alverca do Ribatejo e Sobralinho;Outros/Não definido;148.0;146.0;148.0;4280.0;11;1114;111413
2026;5;Lisboa;Amadora;Alfragide;Mercúrio;5.0;5.0;5.0;625.0;11;1115;111512
2026;5;Lisboa;Amadora;Águas Livres;Outros/Não definido;533.0;513.0;533.0;18850.0;11;1115;111513
2026;5;Lisboa;Amadora;Falagueira-Venda Nova;Iodeto Metálico;14.0;4.0;14.0;500.0;11;1115;111515
2026;5;Lisboa;Amadora;Falagueira-Venda Nova;Outros/Não definido;245.0;234.0;245.0;11770.0;11;1115;111515
2026;5;Lisboa;Amadora;Falagueira-Venda Nova;Sódio;277.0;258.0;277.0;35880.0;11;1115;111515
2026;5;Lisboa;Amadora;Mina de Água;Mercúrio;3.0;3.0;3.0;240.0;11;1115;111516
2026;5;Lisboa;Amadora;Mina de Água;Sódio;621.0;576.0;621.0;79710.0;11;1115;111516
2026;5;Lisboa;Amadora;Venteira;LED;2560.0;2296.0;2556.0;194414.30011749268;11;1115;111517
2026;5;Lisboa;Amadora;Venteira;Outros/Não definido;578.0;546.0;612.0;34440.0;11;1115;111517
2026;5;Lisboa;Amadora;Venteira;Sódio;642.0;504.0;644.0;71700.0;11;1115;111517
2026;5;Lisboa;Odivelas;Pontinha e Famões;Indução;6.0;6.0;6.0;600.0;11;1116;111608
2026;5;Lisboa;Odivelas;Pontinha e Famões;Iodeto Metálico;1.0;1.0;1.0;70.0;11;1116;111608
2026;5;Lisboa;Odivelas;Pontinha e Famões;LED;3141.0;3081.0;3141.0;164746.70077514648;11;1116;111608
2026;5;Lisboa;Odivelas;Póvoa de Santo Adrião e Olival Basto;Mercúrio;4.0;4.0;4.0;230.0;11;1116;111609
2026;5;Lisboa;Odivelas;Ramada e Caneças;LED;4104.0;3947.0;4104.0;215667.90111160278;11;1116;111610
2026;5;Portalegre;Campo Maior;São João Baptista;LED;1414.0;1308.0;1413.0;65909.7003326416;12;1204;120403
2026;5;Portalegre;Campo Maior;São João Baptista;Sódio;115.0;90.0;115.0;14340.0;12;1204;120403
2026;5;Portalegre;Crato;Crato e Mártires, Flor da Rosa e Vale do Peso;Outros/Não definido;63.0;63.0;63.0;720.0;12;1206;120607
2026;5;Portalegre;Elvas;Assunção, Ajuda, Salvador e Santo Ildefonso;Outros/Não definido;58.0;58.0;58.0;270.0;12;1207;120712
2026;5;Portalegre;Elvas;Assunção, Ajuda, Salvador e Santo Ildefonso;Sódio;47.0;45.0;47.0;4540.0;12;1207;120712
2026;5;Portalegre;Elvas;Caia, São Pedro e Alcáçova;Outros/Não definido;22.0;19.0;22.0;;12;1207;120713
2026;5;Portalegre;Fronteira;Cabeço de Vide;LED;640.0;619.0;640.0;34043.60020446777;12;1208;120801
2026;5;Portalegre;Nisa;Espírito Santo, Nossa Senhora da Graça e São Simão;Outros/Não definido;19.0;19.0;19.0;110.0;12;1212;121212
2026;5;Portalegre;Nisa;Espírito Santo, Nossa Senhora da Graça e São Simão;Sódio;149.0;116.0;149.0;13950.0;12;1212;121212
2026;5;Portalegre;Ponte de Sor;Ponte de Sor, Tramaga e Vale de Açor;Outros/Não definido;200.0;200.0;200.0;650.0;12;1213;121308
2026;5;Portalegre;Ponte de Sor;Ponte de Sor, Tramaga e Vale de Açor;Sódio;137.0;135.0;137.0;12960.0;12;1213;121308
2026;5;Portalegre;Portalegre;Fortios;Sódio;11.0;11.0;11.0;1070.0;12;1214;121404
2026;5;Portalegre;Portalegre;Sé e São Lourenço;Outros/Não definido;197.0;189.0;205.0;225.0;12;1214;121411
2026;5;Portalegre;Portalegre;Sé e São Lourenço;Sódio;184.0;159.0;184.0;18950.0;12;1214;121411
2026;5;Portalegre;Sousel;Sousel;Outros/Não definido;19.0;19.0;19.0;;12;1215;121504
2026;5;Porto;Amarante;Lufrei;LED;571.0;573.0;573.0;11146.0;13;1301;130121
2026;5;Porto;Amarante;Lufrei;Outros/Não definido;1.0;1.0;1.0;;13;1301;130121
2026;5;Porto;Amarante;Telões;LED;1472.0;1452.0;1479.0;35604.0;13;1301;130135
2026;5;Porto;Amarante;Telões;Outros/Não definido;53.0;50.0;53.0;845.0;13;1301;130135
2026;5;Lisboa;Lisboa;Penha de França;LED;70.0;70.0;70.0;4260.0;11;1106;110663
2026;5;Lisboa;Lisboa;Santa Clara;LED;269.0;197.0;269.0;12593.30000114441;11;1106;110664
2026;5;Lisboa;Lisboa;Santa Clara;Mercúrio;88.0;3.0;3.0;10865.0;11;1106;110664
2026;5;Lisboa;Lisboa;São Vicente;Outros/Não definido;1197.0;1160.0;1197.0;144560.0;11;1106;110667
2026;5;Lisboa;Loures;Fanhões;LED;798.0;794.0;798.0;33052.60001373291;11;1107;110705
2026;5;Lisboa;Loures;Lousa;LED;972.0;972.0;972.0;49812.30026626587;11;1107;110708
2026;5;Lisboa;Loures;Lousa;Outros/Não definido;75.0;75.0;75.0;2850.0;11;1107;110708
2026;5;Lisboa;Loures;Lousa;Sódio;471.0;471.0;471.0;54400.0;11;1107;110708
2026;5;Lisboa;Mafra;Encarnação;Outros/Não definido;56.0;56.0;56.0;900.0;11;1109;110904
2026;5;Lisboa;Mafra;Santo Isidoro;LED;2158.0;2150.0;2158.0;106707.2003288269;11;1109;110913
2026;5;Lisboa;Mafra;Santo Isidoro;Outros/Não definido;44.0;44.0;44.0;330.0;11;1109;110913
2026;5;Lisboa;Mafra;Santo Isidoro;Sódio;3.0;3.0;3.0;210.0;11;1109;110913
2026;5;Leiria;Pedrógão Grande;Graça;Sódio;30.0;28.0;30.0;5570.0;10;1013;101301
2026;5;Lisboa;Lourinhã;Moita dos Ferreiros;LED;1043.0;1039.0;1041.0;41580.799865722656;11;1108;110803
2026;5;Lisboa;Lourinhã;Moita dos Ferreiros;Sódio;27.0;27.0;27.0;2030.0;11;1108;110803
2026;5;Lisboa;Lourinhã;Santa Bárbara;Outros/Não definido;23.0;20.0;22.0;115.0;11;1108;110806
2026;5;Lisboa;Lourinhã;Vimeiro;Mercúrio;5.0;5.0;5.0;350.0;11;1108;110808
2026;5;Lisboa;Lourinhã;Ribamar;Outros/Não definido;12.0;12.0;12.0;;11;1108;110810
2026;5;Lisboa;Lourinhã;Lourinhã e Atalaia;LED;4993.0;4824.0;4991.0;186045.59983062744;11;1108;110812
2026;5;Lisboa;Lourinhã;Lourinhã e Atalaia;Mercúrio;30.0;8.0;30.0;1000.0;11;1108;110812
2026;5;Lisboa;Lourinhã;Lourinhã e Atalaia;Sódio;341.0;326.0;341.0;32530.0;11;1108;110812
2026;5;Lisboa;Lourinhã;Miragaia e Marteleira;Outros/Não definido;50.0;49.0;49.0;969.0;11;1108;110813
2026;5;Lisboa;Lourinhã;Miragaia e Marteleira;Sódio;154.0;149.0;151.0;14350.0;11;1108;110813
2026;5;Lisboa;Lourinhã;São Bartolomeu dos Galegos e Moledo;LED;986.0;977.0;998.0;31481.299758911133;11;1108;110814
2026;5;Lisboa;Mafra;Azueira e Sobral da Abelheira;Mercúrio;2.0;2.0;2.0;100.0;11;1109;110918
2026;5;Lisboa;Mafra;Enxara do Bispo, Gradil e Vila Franca do Rosário;Outros/Não definido;122.0;122.0;122.0;1715.2000007629395;11;1109;110919
2026;5;Lisboa;Mafra;Enxara do Bispo, Gradil e Vila Franca do Rosário;Sódio;11.0;9.0;11.0;960.0;11;1109;110919
2026;5;Lisboa;Mafra;Malveira e São Miguel de Alcainça;Outros/Não definido;129.0;129.0;129.0;900.0;11;1109;110921
2026;5;Lisboa;Sintra;Colares;Sódio;1598.0;1563.0;1602.0;215690.0;11;1111;111105
2026;5;Lisboa;Sintra;Cacém e São Marcos;Sódio;790.0;771.0;790.0;99760.0;11;1111;111124
2026;5;Lisboa;Sintra;Massamá e Monte Abraão;Mercúrio;1.0;1.0;1.0;125.0;11;1111;111125
2026;5;Lisboa;Sintra;Massamá e Monte Abraão;Sódio;1036.0;981.0;1037.0;131170.0;11;1111;111125
2026;5;Lisboa;Sobral de Monte Agraço;Santo Quintino;LED;1620.0;1616.0;1616.0;51382.599433898926;11;1112;111201
2026;5;Lisboa;Sobral de Monte Agraço;Sapataria;Sódio;3.0;3.0;3.0;290.0;11;1112;111202
2026;5;Lisboa;Torres Vedras;Freiria;Outros/Não definido;10.0;10.0;10.0;90.0;11;1113;111306
2026;5;Lisboa;Torres Vedras;Silveira;Sódio;123.0;123.0;123.0;11680.0;11;1113;111316
2026;5;Lisboa;Torres Vedras;Carvoeira e Carmões;Fluorescente;4.0;4.0;4.0;400.0;11;1113;111323
2026;5;Lisboa;Torres Vedras;Carvoeira e Carmões;LED;1266.0;1260.0;1264.0;41651.60018157959;11;1113;111323
2026;5;Lisboa;Torres Vedras;Dois Portos e Runa;Mercúrio;2.0;2.0;2.0;130.0;11;1113;111324
2026;5;Lisboa;Torres Vedras;Dois Portos e Runa;Sódio;48.0;48.0;48.0;3855.0;11;1113;111324
2026;5;Lisboa;Vila Franca de Xira;Vila Franca de Xira;Iodeto Metálico;18.0;18.0;18.0;2520.0;11;1114;111409
2026;5;Lisboa;Vila Franca de Xira;Vila Franca de Xira;Outros/Não definido;69.0;68.0;69.0;8010.0;11;1114;111409
2026;5;Lisboa;Vila Franca de Xira;Alhandra, São João dos Montes e Calhandriz;LED;2237.0;2204.0;2237.0;131240.80123519897;11;1114;111412
2026;5;Lisboa;Vila Franca de Xira;Alhandra, São João dos Montes e Calhandriz;Mercúrio;34.0;34.0;34.0;2000.0;11;1114;111412
2026;5;Lisboa;Vila Franca de Xira;Alhandra, São João dos Montes e Calhandriz;Sódio;1360.0;1337.0;1360.0;171670.0;11;1114;111412
2026;5;Lisboa;Vila Franca de Xira;Póvoa de Santa Iria e Forte da Casa;Sódio;380.0;347.0;380.0;46750.0;11;1114;111415
2026;5;Lisboa;Amadora;Encosta do Sol;LED;2014.0;1823.0;2014.0;161211.00003051758;11;1115;111514
2026;5;Lisboa;Amadora;Encosta do Sol;Mercúrio;9.0;5.0;9.0;725.0;11;1115;111514
2026;5;Lisboa;Odivelas;Odivelas;Mercúrio;4.0;4.0;4.0;200.0;11;1116;111603
2026;5;Lisboa;Odivelas;Odivelas;Outros/Não definido;112.0;112.0;112.0;8050.0;11;1116;111603
2026;5;Portalegre;Avis;Ervedal;LED;255.0;255.0;255.0;13315.0;12;1203;120305
2026;5;Portalegre;Avis;Ervedal;Outros/Não definido;9.0;9.0;9.0;;12;1203;120305
2026;5;Portalegre;Avis;Benavila e Valongo;Sódio;2.0;2.0;2.0;200.0;12;1203;120310
2026;5;Portalegre;Campo Maior;Nossa Senhora da Graça dos Degolados;LED;188.0;188.0;194.0;9794.400001525879;12;1204;120402
2026;5;Portalegre;Castelo de Vide;Santa Maria da Devesa;Sódio;90.0;49.0;90.0;3460.0;12;1205;120502
2026;5;Portalegre;Castelo de Vide;Santiago Maior;Outros/Não definido;48.0;48.0;48.0;565.0;12;1205;120503
2026;5;Portalegre;Castelo de Vide;Santiago Maior;Sódio;26.0;17.0;26.0;1190.0;12;1205;120503
2026;5;Portalegre;Crato;Gáfete;Outros/Não definido;17.0;17.0;17.0;;12;1206;120604
2026;5;Portalegre;Elvas;Santa Eulália;Outros/Não definido;3.0;1.0;1.0;;12;1207;120706
2026;5;Portalegre;Elvas;São Brás e São Lourenço;Outros/Não definido;7.0;7.0;7.0;240.0;12;1207;120707
2026;5;Portalegre;Elvas;São Vicente e Ventosa;LED;180.0;180.0;180.0;10357.200004577637;12;1207;120708
2026;5;Portalegre;Elvas;Barbacena e Vila Fernando;LED;401.0;396.0;401.0;23271.0;12;1207;120714
2026;5;Portalegre;Elvas;Barbacena e Vila Fernando;Outros/Não definido;5.0;5.0;5.0;;12;1207;120714
2026;5;Portalegre;Monforte;Assumar;Outros/Não definido;8.0;8.0;8.0;45.0;12;1211;121101
2026;5;Portalegre;Monforte;Vaiamonte;LED;314.0;302.0;314.0;15053.000076293945;12;1211;121104
2026;5;Portalegre;Monforte;Vaiamonte;Sódio;2.0;2.0;2.0;140.0;12;1211;121104
2026;5;Portalegre;Nisa;Santana;LED;191.0;191.0;191.0;9534.00006866455;12;1212;121207
2026;5;Portalegre;Nisa;Tolosa;LED;361.0;359.0;361.0;13674.0;12;1212;121210
2026;5;Portalegre;Nisa;Tolosa;Outros/Não definido;1.0;1.0;1.0;;12;1212;121210
2026;5;Portalegre;Nisa;Arez e Amieira do Tejo;Outros/Não definido;25.0;15.0;15.0;;12;1212;121211
2026;5;Portalegre;Nisa;Arez e Amieira do Tejo;Sódio;180.0;180.0;180.0;12600.0;12;1212;121211
2026;5;Portalegre;Ponte de Sor;Foros de Arrão;Sódio;4.0;4.0;4.0;340.0;12;1213;121304
2026;5;Portalegre;Portalegre;Alagoa;Sódio;28.0;28.0;28.0;2800.0;12;1214;121401
2026;5;Portalegre;Portalegre;Reguengo e São Julião;LED;757.0;755.0;755.0;24882.800003051758;12;1214;121412
2026;5;Portalegre;Portalegre;Reguengo e São Julião;Sódio;26.0;24.0;26.0;2210.0;12;1214;121412
2026;5;Portalegre;Sousel;Santo Amaro;LED;241.0;233.0;233.0;10142.800003051758;12;1215;121503
2026;5;Porto;Amarante;Fridão;LED;298.0;298.0;298.0;6235.0;13;1301;130115
2026;5;Porto;Amarante;Gondar;Mercúrio;1.0;1.0;1.0;80.0;13;1301;130117
2026;5;Porto;Amarante;Lomba;LED;381.0;379.0;381.0;8408.0;13;1301;130119
2026;5;Porto;Amarante;Padronelo;LED;329.0;327.0;329.0;7145.0;13;1301;130126
2026;5;Porto;Amarante;Vila Chã do Marão;LED;381.0;386.0;386.0;7265.0;13;1301;130139
2026;5;Porto;Baião;Campelo e Ovil;Fluorescente;1.0;1.0;1.0;50.0;13;1302;130223
2026;5;Porto;Baião;Campelo e Ovil;Iodeto Metálico;17.0;16.0;17.0;1120.0;13;1302;130223
2026;5;Porto;Baião;Campelo e Ovil;Mercúrio;18.0;15.0;18.0;1200.0;13;1302;130223
2026;5;Porto;Felgueiras;Airães;LED;633.0;631.0;633.0;22958.40000152588;13;1303;130302
2026;5;Porto;Felgueiras;Margaride, Várzea, Lagares, Varziela e Moure;Sódio;852.0;819.0;881.0;83350.0;13;1303;130335
2026;5;Porto;Felgueiras;Vila Verde e Santão;Mercúrio;2.0;2.0;2.0;160.0;13;1303;130341
2026;5;Porto;Gondomar;Rio Tinto;Outros/Não definido;39.0;39.0;41.0;45.20000076293945;13;1304;130408
2026;5;Porto;Gondomar;Fânzeres e São Pedro da Cova;Mercúrio;3.0;3.0;3.0;210.0;13;1304;130413
2026;5;Porto;Gondomar;Melres e Medas;Indução;11.0;11.0;11.0;770.0;13;1304;130416
2026;5;Porto;Gondomar;Melres e Medas;LED;2769.0;2759.0;2769.0;142262.0;13;1304;130416
2026;5;Porto;Gondomar;Melres e Medas;Sódio;4.0;4.0;4.0;600.0;13;1304;130416
2026;5;Porto;Lousada;Caíde de Rei;Outros/Não definido;8.0;8.0;8.0;;13;1305;130504
2026;5;Porto;Lousada;Lodares;LED;758.0;745.0;758.0;32759.399993896484;13;1305;130510
2026;5;Porto;Lousada;Cristelos, Boim e Ordem;LED;2088.0;1881.0;2088.0;82548.0;13;1305;130528
2026;5;Porto;Lousada;Lustosa e Barrosas (Santo Estêvão);LED;1565.0;1548.0;1565.0;68196.0;13;1305;130530
2026;5;Porto;Maia;Águas Santas;LED;1641.0;1600.0;1643.0;95705.20002746582;13;1306;130601
2026;5;Porto;Maia;Folgosa;LED;1213.0;1181.0;1213.0;63635.0;13;1306;130603
2026;5;Porto;Maia;Folgosa;Outros/Não definido;156.0;153.0;156.0;140.0;13;1306;130603
2026;5;Porto;Maia;Folgosa;Sódio;157.0;145.0;157.0;13800.0;13;1306;130603
2026;5;Porto;Maia;Milheirós;Fluorescente;15.0;15.0;15.0;1200.0;13;1306;130608
2026;5;Porto;Maia;Moreira;Iodeto Metálico;23.0;23.0;23.0;1720.0;13;1306;130609
2026;5;Porto;Maia;São Pedro Fins;LED;719.0;700.0;719.0;38424.0;13;1306;130613
2026;5;Porto;Maia;São Pedro Fins;Outros/Não definido;27.0;23.0;27.0;100.0;13;1306;130613
2026;5;Porto;Maia;Vila Nova da Telha;Iodeto Metálico;2.0;2.0;2.0;250.0;13;1306;130616
2026;5;Porto;Maia;Vila Nova da Telha;LED;554.0;511.0;554.0;26198.400009155273;13;1306;130616
2026;5;Porto;Maia;Pedrouços;Sódio;753.0;714.0;769.0;81000.0;13;1306;130617
2026;5;Porto;Maia;Cidade da Maia;Fluorescente;22.0;22.0;22.0;1760.0;13;1306;130619
2026;5;Porto;Maia;Cidade da Maia;LED;2926.0;2596.0;2926.0;182285.20030975342;13;1306;130619
2026;5;Porto;Maia;Cidade da Maia;Outros/Não definido;587.0;569.0;587.0;;13;1306;130619
2026;5;Porto;Maia;Nogueira e Silva Escura;Outros/Não definido;149.0;146.0;149.0;3700.0;13;1306;130620
2026;5;Porto;Marco de Canaveses;Constance;LED;591.0;586.0;591.0;19468.800018310547;13;1307;130705
2026;5;Porto;Marco de Canaveses;Bem Viver;Mercúrio;1.0;1.0;1.0;80.0;13;1307;130734
2026;5;Porto;Marco de Canaveses;Marco;Fluorescente;23.0;23.0;23.0;1150.0;13;1307;130736
2026;5;Porto;Marco de Canaveses;Marco;Sódio;2415.0;2172.0;2415.0;226880.0;13;1307;130736
2026;5;Porto;Marco de Canaveses;Sande e São Lourenço do Douro;LED;145.0;145.0;145.0;5842.0;13;1307;130739
2026;5;Porto;Marco de Canaveses;Sande e São Lourenço do Douro;Outros/Não definido;37.0;37.0;37.0;;13;1307;130739
2026;5;Porto;Matosinhos;Matosinhos e Leça da Palmeira;Sódio;4260.0;3947.0;4260.0;603940.0;13;1308;130812
2026;5;Porto;Matosinhos;São Mamede de Infesta e Senhora da Hora;Iodeto Metálico;22.0;16.0;22.0;1080.0;13;1308;130814
2026;5;Porto;Matosinhos;São Mamede de Infesta e Senhora da Hora;Outros/Não definido;821.0;801.0;821.0;900.0;13;1308;130814
2026;5;Porto;Paços de Ferreira;Carvalhosa;LED;1384.0;1351.0;1400.0;43943.5;13;1309;130902
2026;5;Porto;Paços de Ferreira;Carvalhosa;Sódio;6.0;6.0;6.0;670.0;13;1309;130902
2026;5;Porto;Paços de Ferreira;Figueiró;LED;668.0;666.0;668.0;23271.0;13;1309;130906
2026;5;Porto;Paços de Ferreira;Freamunde;LED;1621.0;1569.0;1649.0;52002.0;13;1309;130908
2026;5;Porto;Paços de Ferreira;Freamunde;Outros/Não definido;95.0;51.0;95.0;3570.0;13;1309;130908
2026;5;Porto;Paços de Ferreira;Freamunde;Sódio;53.0;53.0;53.0;6350.0;13;1309;130908
2026;5;Porto;Paços de Ferreira;Meixomil;LED;862.0;847.0;862.0;28669.0;13;1309;130910
2026;5;Porto;Paços de Ferreira;Frazão Arreigada;LED;1774.0;1671.0;1774.0;66617.20004272461;13;1309;130917
2026;5;Porto;Paços de Ferreira;Paços de Ferreira;LED;1916.0;1772.0;1916.0;60532.79999923706;13;1309;130918
2026;5;Porto;Paços de Ferreira;Paços de Ferreira;Sódio;54.0;52.0;54.0;6730.0;13;1309;130918
2026;5;Porto;Paredes;Baltar;Outros/Não definido;22.0;22.0;22.0;180.0;13;1310;131003
2026;5;Porto;Paredes;Gandra;LED;2120.0;2038.0;2120.0;74572.79957962036;13;1310;131011
2026;5;Porto;Paredes;Gandra;Mercúrio;20.0;20.0;20.0;1600.0;13;1310;131011
2026;5;Porto;Paredes;Gandra;Sódio;72.0;66.0;72.0;6040.0;13;1310;131011
2026;5;Porto;Paredes;Sobreira;Outros/Não definido;89.0;89.0;89.0;90.0;13;1310;131020
2026;5;Porto;Paredes;Sobreira;Sódio;52.0;52.0;52.0;4060.0;13;1310;131020
2026;5;Porto;Paredes;Vandoma;LED;796.0;769.0;796.0;26460.799716949463;13;1310;131022
2026;5;Porto;Paredes;Vandoma;Mercúrio;1.0;1.0;1.0;80.0;13;1310;131022
2026;5;Porto;Paredes;Vandoma;Sódio;26.0;26.0;26.0;2570.0;13;1310;131022
2026;5;Porto;Paredes;Vilela;LED;963.0;956.0;963.0;33510.19974517822;13;1310;131024
2026;5;Porto;Paredes;Paredes;Iodeto Metálico;6.0;3.0;6.0;210.0;13;1310;131025
2026;5;Porto;Paredes;Paredes;LED;4549.0;4355.0;4553.0;183757.79912948608;13;1310;131025
2026;5;Porto;Paredes;Paredes;Mercúrio;2.0;2.0;2.0;160.0;13;1310;131025
2026;5;Porto;Penafiel;Bustelo;Mercúrio;7.0;7.0;7.0;640.0;13;1311;131103
2026;5;Porto;Amarante;Travanca;LED;576.0;573.0;576.0;12126.0;13;1301;130136
2026;5;Porto;Amarante;Travanca;Outros/Não definido;4.0;4.0;4.0;;13;1301;130136
2026;5;Porto;Amarante;Freixo de Cima e de Baixo;LED;1071.0;1054.0;1073.0;27354.0;13;1301;130145
2026;5;Porto;Amarante;Vila Garcia, Aboim e Chapa;LED;747.0;741.0;749.0;16733.0;13;1301;130148
2026;5;Porto;Amarante;Vila Garcia, Aboim e Chapa;Mercúrio;1.0;1.0;1.0;70.0;13;1301;130148
2026;5;Porto;Amarante;Vila Garcia, Aboim e Chapa;Outros/Não definido;7.0;7.0;7.0;;13;1301;130148
2026;5;Porto;Baião;Frende;LED;250.0;250.0;250.0;7021.0;13;1302;130204
2026;5;Porto;Baião;Frende;Mercúrio;8.0;8.0;8.0;640.0;13;1302;130204
2026;5;Porto;Baião;Gestaçô;Mercúrio;20.0;20.0;20.0;1570.0;13;1302;130205
2026;5;Porto;Baião;Gestaçô;Sódio;75.0;75.0;75.0;5238.0;13;1302;130205
2026;5;Porto;Baião;Grilo;Mercúrio;5.0;5.0;5.0;2000.0;13;1302;130207
2026;5;Porto;Baião;Grilo;Sódio;27.0;27.0;27.0;1890.0;13;1302;130207
2026;5;Porto;Baião;Valadares;Mercúrio;2.0;2.0;2.0;160.0;13;1302;130219
2026;5;Porto;Baião;Viariz;Mercúrio;2.0;2.0;2.0;160.0;13;1302;130220
2026;5;Porto;Baião;Viariz;Outros/Não definido;1.0;1.0;1.0;;13;1302;130220
2026;5;Porto;Baião;Baião (Santa Leocádia) e Mesquinhata;Mercúrio;17.0;17.0;17.0;2200.0;13;1302;130222
2026;5;Porto;Baião;Baião (Santa Leocádia) e Mesquinhata;Outros/Não definido;2.0;2.0;2.0;28.0;13;1302;130222
2026;5;Portalegre;Alter do Chão;Seda;LED;208.0;208.0;208.0;9843.0;12;1201;120103
2026;5;Portalegre;Alter do Chão;Seda;Outros/Não definido;4.0;4.0;4.0;;12;1201;120103
2026;5;Portalegre;Alter do Chão;Cunheira;Outros/Não definido;20.0;17.0;17.0;;12;1201;120104
2026;5;Portalegre;Arronches;Assunção;LED;968.0;910.0;968.0;45877.600357055664;12;1202;120201
2026;5;Portalegre;Arronches;Assunção;Sódio;3.0;3.0;3.0;210.0;12;1202;120201
2026;5;Portalegre;Arronches;Esperança;LED;505.0;494.0;505.0;21114.200241088867;12;1202;120202
2026;5;Portalegre;Arronches;Esperança;Outros/Não definido;46.0;46.0;46.0;395.0;12;1202;120202
2026;5;Portalegre;Arronches;Mosteiros;LED;334.0;325.0;334.0;15120.000061035156;12;1202;120203
2026;5;Portalegre;Arronches;Mosteiros;Sódio;4.0;4.0;4.0;400.0;12;1202;120203
2026;5;Portalegre;Gavião;Belver;Outros/Não definido;51.0;48.0;48.0;225.0;12;1209;120902
2026;5;Portalegre;Gavião;Comenda;Outros/Não definido;6.0;6.0;6.0;;12;1209;120903
2026;5;Portalegre;Marvão;Beirã;Sódio;2.0;2.0;2.0;200.0;12;1210;121001
2026;5;Portalegre;Marvão;Santa Maria de Marvão;LED;374.0;363.0;374.0;15021.400291442871;12;1210;121002
2026;5;Portalegre;Marvão;Santa Maria de Marvão;Sódio;3.0;3.0;3.0;210.0;12;1210;121002
2026;5;Portalegre;Marvão;São Salvador da Aramenha;LED;1169.0;1139.0;1169.0;47992.600257873535;12;1210;121004
2026;5;Portalegre;Marvão;São Salvador da Aramenha;Mercúrio;2.0;2.0;2.0;100.0;12;1210;121004
2026;5;Porto;Baião;Loivos da Ribeira e Tresouras;LED;386.0;386.0;386.0;10256.0;13;1302;130224
2026;5;Porto;Baião;Loivos da Ribeira e Tresouras;Sódio;43.0;43.0;43.0;3850.0;13;1302;130224
2026;5;Porto;Baião;Santa Cruz do Douro e São Tomé de Covelas;Outros/Não definido;46.0;17.0;17.0;90.0;13;1302;130225
2026;5;Porto;Baião;Teixeira e Teixeiró;LED;450.0;450.0;450.0;15458.80016708374;13;1302;130226
2026;5;Porto;Baião;Teixeira e Teixeiró;Outros/Não definido;12.0;12.0;12.0;;13;1302;130226
2026;5;Porto;Felgueiras;Idães;Mercúrio;6.0;6.0;6.0;430.0;13;1303;130306
2026;5;Porto;Felgueiras;Jugueiros;LED;383.0;383.0;383.0;15557.0;13;1303;130307
2026;5;Porto;Felgueiras;Jugueiros;Sódio;85.0;85.0;85.0;5950.0;13;1303;130307
2026;5;Porto;Felgueiras;Pinheiro;LED;362.0;362.0;362.0;13389.400032043457;13;1303;130314
2026;5;Porto;Felgueiras;Pombeiro de Ribavizela;Sódio;81.0;81.0;81.0;6380.0;13;1303;130315
2026;5;Porto;Felgueiras;Refontoura;LED;423.0;423.0;423.0;15520.000045776367;13;1303;130317
2026;5;Porto;Felgueiras;Refontoura;Outros/Não definido;1.0;1.0;1.0;45.0;13;1303;130317
2026;5;Porto;Felgueiras;Regilde;LED;267.0;267.0;267.0;11185.0;13;1303;130318
2026;5;Porto;Felgueiras;Regilde;Sódio;111.0;111.0;111.0;10290.0;13;1303;130318
2026;5;Porto;Felgueiras;Revinhade;LED;342.0;342.0;342.0;15622.0;13;1303;130319
2026;5;Porto;Felgueiras;Sendim;Sódio;107.0;107.0;107.0;8310.0;13;1303;130324
2026;5;Porto;Felgueiras;Macieira da Lixa e Caramos;Outros/Não definido;4.0;4.0;4.0;135.0;13;1303;130334
2026;5;Porto;Felgueiras;Torrados e Sousa;Outros/Não definido;10.0;10.0;10.0;180.0;13;1303;130337
2026;5;Porto;Felgueiras;Unhão e Lordelo;LED;412.0;412.0;412.0;14914.800037384033;13;1303;130338
2026;5;Porto;Felgueiras;Vila Cova da Lixa e Borba de Godim;Sódio;420.0;406.0;420.0;35860.0;13;1303;130339
2026;5;Porto;Felgueiras;Vila Fria e Vizela (São Jorge);LED;369.0;369.0;369.0;12666.0;13;1303;130340
2026;5;Porto;Felgueiras;Vila Fria e Vizela (São Jorge);Outros/Não definido;9.0;9.0;9.0;225.0;13;1303;130340
2026;5;Porto;Gondomar;Lomba;Outros/Não definido;41.0;41.0;41.0;;13;1304;130405
2026;5;Porto;Lousada;Sousela;LED;646.0;646.0;646.0;28319.79997253418;13;1305;130524
2026;5;Porto;Lousada;Nespereira e Casais;LED;980.0;940.0;980.0;41357.0;13;1305;130531
2026;5;Porto;Marco de Canaveses;Banho e Carvalhosa;Outros/Não definido;4.0;4.0;4.0;;13;1307;130704
2026;5;Porto;Marco de Canaveses;Banho e Carvalhosa;Sódio;286.0;286.0;286.0;20260.0;13;1307;130704
2026;5;Porto;Marco de Canaveses;Soalhães;Sódio;466.0;452.0;463.0;43560.0;13;1307;130722
2026;5;Porto;Marco de Canaveses;Tabuado;LED;293.0;293.0;293.0;10309.100002288818;13;1307;130724
2026;5;Porto;Marco de Canaveses;Tabuado;Mercúrio;26.0;26.0;26.0;2080.0;13;1307;130724
2026;5;Porto;Marco de Canaveses;Tabuado;Sódio;234.0;234.0;234.0;17610.0;13;1307;130724
2026;5;Porto;Marco de Canaveses;Avessadas e Rosém;LED;298.0;298.0;298.0;10319.0;13;1307;130733
2026;5;Porto;Marco de Canaveses;Avessadas e Rosém;Mercúrio;51.0;51.0;51.0;4100.0;13;1307;130733
2026;5;Porto;Marco de Canaveses;Santo Isidoro e Livração;LED;491.0;485.0;491.0;18595.000072479248;13;1307;130735
2026;5;Porto;Marco de Canaveses;Santo Isidoro e Livração;Outros/Não definido;17.0;16.0;16.0;;13;1307;130735
2026;5;Porto;Marco de Canaveses;Santo Isidoro e Livração;Sódio;253.0;251.0;253.0;22860.0;13;1307;130735
2026;5;Porto;Marco de Canaveses;Paredes de Viadores e Manhuncelos;Fluorescente;7.0;7.0;7.0;560.0;13;1307;130737
2026;5;Porto;Marco de Canaveses;Paredes de Viadores e Manhuncelos;Mercúrio;10.0;10.0;10.0;870.0;13;1307;130737
2026;5;Porto;Marco de Canaveses;Paredes de Viadores e Manhuncelos;Outros/Não definido;2.0;2.0;2.0;;13;1307;130737
2026;5;Porto;Marco de Canaveses;Penha Longa e Paços de Gaiolo;Sódio;578.0;576.0;578.0;41130.0;13;1307;130738
2026;5;Porto;Marco de Canaveses;Várzea, Aliviada e Folhada;LED;659.0;659.0;659.0;21153.0;13;1307;130740
2026;5;Porto;Marco de Canaveses;Vila Boa de Quires e Maureles;LED;934.0;926.0;934.0;29177.600158691406;13;1307;130741
2026;5;Porto;Paços de Ferreira;Penamaior;Sódio;6.0;6.0;6.0;650.0;13;1309;130913
2026;5;Porto;Paços de Ferreira;Sanfins Lamoso Codessos;Outros/Não definido;9.0;8.0;8.0;440.0;13;1309;130919
2026;5;Porto;Paredes;Aguiar de Sousa;Outros/Não definido;150.0;150.0;150.0;4578.0;13;1310;131001
2026;5;Porto;Paredes;Aguiar de Sousa;Sódio;12.0;12.0;12.0;840.0;13;1310;131001
2026;5;Porto;Paredes;Recarei;Mercúrio;2.0;2.0;2.0;140.0;13;1310;131019
2026;5;Porto;Paredes;Recarei;Outros/Não definido;65.0;52.0;65.0;;13;1310;131019
2026;5;Porto;Paredes;Sobrosa;Outros/Não definido;61.0;61.0;61.0;690.0;13;1310;131021
2026;5;Porto;Penafiel;Abragão;Sódio;132.0;132.0;132.0;10690.0;13;1311;131101
2026;5;Porto;Penafiel;Boelhe;Mercúrio;15.0;15.0;15.0;1200.0;13;1311;131102
2026;5;Porto;Penafiel;Cabeça Santa;LED;605.0;605.0;605.0;21486.0;13;1311;131104
2026;5;Porto;Penafiel;Cabeça Santa;Mercúrio;32.0;32.0;32.0;2560.0;13;1311;131104
2026;5;Porto;Penafiel;Capela;Sódio;74.0;74.0;74.0;5180.0;13;1311;131106
2026;5;Porto;Penafiel;Castelões;Sódio;240.0;227.0;240.0;23090.0;13;1311;131107
2026;5;Porto;Penafiel;Croca;Mercúrio;22.0;22.0;22.0;1760.0;13;1311;131108
2026;5;Porto;Penafiel;Duas Igrejas;LED;639.0;634.0;640.0;20038.000003814697;13;1311;131109
2026;5;Porto;Penafiel;Perozelo;LED;501.0;501.0;501.0;18208.0;13;1311;131125
2026;5;Porto;Penafiel;Perozelo;Mercúrio;2.0;2.0;2.0;160.0;13;1311;131125
2026;5;Porto;Penafiel;Perozelo;Sódio;39.0;39.0;39.0;3010.0;13;1311;131125
2026;5;Porto;Penafiel;Rio de Moinhos;LED;1050.0;1024.0;1050.0;36149.400047302246;13;1311;131129
2026;5;Porto;Penafiel;Rio de Moinhos;Outros/Não definido;18.0;18.0;18.0;270.0;13;1311;131129
2026;5;Porto;Penafiel;Penafiel;Mercúrio;15.0;15.0;15.0;1140.0;13;1311;131139
2026;5;Porto;Penafiel;Penafiel;Outros/Não definido;132.0;132.0;132.0;135.0;13;1311;131139
2026;5;Porto;Penafiel;Penafiel;Sódio;992.0;872.0;992.0;88150.0;13;1311;131139
2026;5;Porto;Penafiel;Guilhufe e Urrô;Iodeto Metálico;1.0;1.0;1.0;100.0;13;1311;131141
2026;5;Porto;Penafiel;Guilhufe e Urrô;Mercúrio;20.0;20.0;20.0;1600.0;13;1311;131141
2026;5;Porto;Penafiel;Guilhufe e Urrô;Outros/Não definido;30.0;30.0;30.0;;13;1311;131141
2026;5;Porto;Porto;Bonfim;Iodeto Metálico;6.0;6.0;6.0;540.0;13;1312;131202
2026;5;Porto;Porto;Bonfim;LED;1660.0;1602.0;1661.0;103809.19996643066;13;1312;131202
2026;5;Porto;Porto;Bonfim;Sódio;386.0;372.0;386.0;58030.0;13;1312;131202
2026;5;Porto;Porto;Paranhos;Mercúrio;1.0;1.0;1.0;70.0;13;1312;131210
2026;5;Porto;Porto;Paranhos;Sódio;1305.0;1030.0;1338.0;189770.0;13;1312;131210
2026;5;Porto;Porto;Ramalde;LED;3684.0;3460.0;3708.0;209136.69999313354;13;1312;131211
2026;5;Porto;Porto;Ramalde;Sódio;1010.0;886.0;1046.0;168940.0;13;1312;131211
2026;5;Porto;Porto;Aldoar, Foz do Douro e Nevogilde;Indução;206.0;110.0;206.0;7910.0;13;1312;131216
2026;5;Porto;Porto;Cedofeita, Ildefonso, Sé, Miragaia, Nicolau, Vitória;Iodeto Metálico;288.0;172.0;288.0;14290.0;13;1312;131217
2026;5;Porto;Porto;Cedofeita, Ildefonso, Sé, Miragaia, Nicolau, Vitória;LED;3418.0;3192.0;3418.0;229523.89999771118;13;1312;131217
2026;5;Porto;Porto;Cedofeita, Ildefonso, Sé, Miragaia, Nicolau, Vitória;Mercúrio;321.0;298.0;321.0;26810.0;13;1312;131217
2026;5;Porto;Porto;Lordelo do Ouro e Massarelos;Indução;7.0;7.0;7.0;595.0;13;1312;131218
2026;5;Porto;Porto;Lordelo do Ouro e Massarelos;Iodeto Metálico;17.0;16.0;17.0;1760.0;13;1312;131218
2026;5;Porto;Póvoa de Varzim;Estela;Outros/Não definido;82.0;82.0;82.0;;13;1313;131307
2026;5;Porto;Póvoa de Varzim;Laundos;Outros/Não definido;40.0;40.0;40.0;900.0;13;1313;131308
2026;5;Porto;Póvoa de Varzim;Laundos;Sódio;821.0;783.0;821.0;90490.0;13;1313;131308
2026;5;Porto;Póvoa de Varzim;AVer-o-Mar, Amorim e Terroso;Sódio;3321.0;3187.0;3321.0;346600.0;13;1313;131313
2026;5;Porto;Póvoa de Varzim;Aguçadoura e Navais;Sódio;1400.0;1396.0;1400.0;123080.0;13;1313;131314
2026;5;Porto;Póvoa de Varzim;Póvoa de Varzim, Beiriz e Argivai;LED;511.0;422.0;511.0;21459.000019073486;13;1313;131315
2026;5;Porto;Póvoa de Varzim;Póvoa de Varzim, Beiriz e Argivai;Outros/Não definido;504.0;480.0;528.0;11055.5;13;1313;131315
2026;5;Porto;Póvoa de Varzim;Póvoa de Varzim, Beiriz e Argivai;Sódio;5491.0;4991.0;5491.0;675230.0;13;1313;131315
2026;5;Porto;Santo Tirso;Água Longa;Sódio;399.0;384.0;399.0;32360.0;13;1314;131402
2026;5;Porto;Santo Tirso;Aves;Mercúrio;11.0;11.0;11.0;880.0;13;1314;131405
2026;5;Porto;Santo Tirso;Aves;Outros/Não definido;92.0;92.0;92.0;312.0;13;1314;131405
2026;5;Porto;Santo Tirso;Monte Córdova;Sódio;85.0;84.0;85.0;6420.0;13;1314;131413
2026;5;Porto;Santo Tirso;St. Tirso, Couto (S. Cristina e S. Miguel) e Burgães;Fluorescente;10.0;10.0;10.0;700.0;13;1314;131437
2026;5;Porto;Santo Tirso;St. Tirso, Couto (S. Cristina e S. Miguel) e Burgães;Sódio;1040.0;978.0;1040.0;131270.0;13;1314;131437
2026;5;Porto;Valongo;Valongo;LED;4675.0;4636.0;4675.0;521133.00006484985;13;1315;131505
2026;5;Porto;Valongo;Valongo;Outros/Não definido;50.0;50.0;50.0;124.0;13;1315;131505
2026;5;Porto;Valongo;Campo e Sobrado;Mercúrio;5.0;5.0;5.0;350.0;13;1315;131506
2026;5;Porto;Vila do Conde;Árvore;Iodeto Metálico;1.0;1.0;1.0;70.0;13;1316;131602
2026;5;Porto;Vila do Conde;Árvore;Sódio;15.0;14.0;15.0;2800.0;13;1316;131602
2026;5;Porto;Vila do Conde;Aveleda;LED;531.0;520.0;531.0;18087.0;13;1316;131603
2026;5;Porto;Vila do Conde;Aveleda;Outros/Não definido;4.0;4.0;4.0;;13;1316;131603
2026;5;Porto;Vila do Conde;Gião;Outros/Não definido;1.0;1.0;1.0;;13;1316;131610
2026;5;Porto;Vila do Conde;Guilhabreu;LED;831.0;822.0;831.0;22467.0;13;1316;131611
2026;5;Porto;Vila do Conde;Macieira da Maia;LED;882.0;870.0;882.0;32075.0;13;1316;131614
2026;5;Porto;Vila do Conde;Macieira da Maia;Outros/Não definido;8.0;8.0;8.0;;13;1316;131614
2026;5;Porto;Vila do Conde;Vila do Conde;Outros/Não definido;520.0;500.0;520.0;70.0;13;1316;131628
2026;5;Porto;Vila Nova de Gaia;Arcozelo;Outros/Não definido;249.0;234.0;249.0;850.0;13;1317;131701
2026;5;Porto;Vila Nova de Gaia;Avintes;Outros/Não definido;125.0;125.0;125.0;90.0;13;1317;131702
2026;5;Porto;Vila Nova de Gaia;Canidelo;Outros/Não definido;445.0;385.0;445.0;;13;1317;131704
2026;5;Porto;Vila Nova de Gaia;Canidelo;Sódio;79.0;69.0;79.0;10360.0;13;1317;131704
2026;5;Porto;Vila Nova de Gaia;São Félix da Marinha;Outros/Não definido;80.0;80.0;80.0;135.0;13;1317;131717
2026;5;Porto;Vila Nova de Gaia;São Félix da Marinha;Sódio;12.0;12.0;12.0;2000.0;13;1317;131717
2026;5;Porto;Vila Nova de Gaia;Grijó e Sermonde;Sódio;39.0;39.0;39.0;5090.0;13;1317;131725
2026;5;Porto;Vila Nova de Gaia;Gulpilhares e Valadares;LED;3205.0;3168.0;3205.0;157960.899848938;13;1317;131726
2026;5;Porto;Vila Nova de Gaia;Gulpilhares e Valadares;Outros/Não definido;157.0;137.0;157.0;360.0;13;1317;131726
2026;5;Porto;Vila Nova de Gaia;Gulpilhares e Valadares;Sódio;16.0;16.0;16.0;2050.0;13;1317;131726
2026;5;Porto;Vila Nova de Gaia;Mafamude e Vilar do Paraíso;Sódio;154.0;149.0;154.0;29150.0;13;1317;131727
2026;5;Porto;Vila Nova de Gaia;Pedroso e Seixezelo;LED;4457.0;4415.0;4477.0;197520.99993515015;13;1317;131728
2026;5;Porto;Vila Nova de Gaia;Sandim, Olival, Lever e Crestuma;LED;5278.0;5249.0;5284.0;217351.90007019043;13;1317;131729
2026;5;Porto;Vila Nova de Gaia;Santa Marinha e São Pedro da Afurada;Iodeto Metálico;64.0;64.0;64.0;9600.0;13;1317;131730
2026;5;Porto;Vila Nova de Gaia;Santa Marinha e São Pedro da Afurada;Outros/Não definido;624.0;585.0;624.0;;13;1317;131730
2026;5;Porto;Vila Nova de Gaia;Serzedo e Perosinho;LED;2764.0;2751.0;2764.0;130631.30002975464;13;1317;131731
2026;5;Porto;Trofa;Bougado (São Martinho e Santiago);Sódio;529.0;520.0;529.0;65600.0;13;1318;131810
2026;5;Porto;Trofa;Coronado (São Romão e São Mamede);Outros/Não definido;15.0;15.0;15.0;100.0;13;1318;131811
2026;5;Santarém;Abrantes;São Miguel do Rio Torto e Rossio ao Sul do Tejo;LED;1584.0;1570.0;1584.0;68520.20038604736;14;1401;140124
2026;5;Santarém;Abrantes;São Miguel do Rio Torto e Rossio ao Sul do Tejo;Sódio;190.0;179.0;190.0;15750.0;14;1401;140124
2026;5;Santarém;Alcanena;Minde;Mercúrio;1.0;1.0;1.0;50.0;14;1402;140206
2026;5;Santarém;Alcanena;Moitas Venda;LED;405.0;402.0;404.0;22432.40000152588;14;1402;140207
2026;5;Santarém;Alcanena;Alcanena e Vila Moreira;Outros/Não definido;34.0;28.0;39.0;1350.0;14;1402;140211
2026;5;Santarém;Alcanena;Alcanena e Vila Moreira;Sódio;484.0;430.0;512.0;38300.0;14;1402;140211
2026;5;Santarém;Alcanena;Malhou, Louriceira e Espinheiro;LED;1011.0;1012.0;1010.0;45833.00012969971;14;1402;140212
2026;5;Santarém;Almeirim;Almeirim;LED;3888.0;3882.0;4161.0;205657.10022735596;14;1403;140301
2026;5;Santarém;Alpiarça;Alpiarça;LED;2275.0;2254.0;2300.0;102309.0;14;1404;140401
2026;5;Santarém;Benavente;Benavente;Mercúrio;6.0;6.0;6.0;300.0;14;1405;140501
2026;5;Santarém;Benavente;Benavente;Sódio;222.0;220.0;222.0;20090.0;14;1405;140501
2026;5;Santarém;Benavente;Samora Correia;LED;3612.0;3579.0;3689.0;164269.00003051758;14;1405;140502
2026;5;Santarém;Benavente;Samora Correia;Mercúrio;5.0;5.0;5.0;280.0;14;1405;140502
2026;5;Santarém;Benavente;Samora Correia;Outros/Não definido;468.0;438.0;438.0;3502.0;14;1405;140502
2026;5;Santarém;Benavente;Barrosa;LED;123.0;123.0;123.0;4765.400001525879;14;1405;140504
2026;5;Santarém;Benavente;Barrosa;Mercúrio;1.0;1.0;1.0;50.0;14;1405;140504
2026;5;Santarém;Cartaxo;Pontével;LED;1848.0;1848.0;1848.0;69082.30000686646;14;1406;140604
2026;5;Santarém;Cartaxo;Vila Chã de Ourique;LED;802.0;801.0;803.0;33561.0;14;1406;140607
2026;5;Santarém;Cartaxo;Vila Chã de Ourique;Mercúrio;1.0;1.0;1.0;50.0;14;1406;140607
2026;5;Santarém;Cartaxo;Vale da Pedra;Mercúrio;1.0;1.0;1.0;50.0;14;1406;140608
2026;5;Santarém;Cartaxo;Cartaxo e Vale da Pinta;LED;3172.0;3157.0;3165.0;133765.70009994507;14;1406;140609
2026;5;Santarém;Cartaxo;Cartaxo e Vale da Pinta;Mercúrio;5.0;5.0;5.0;325.0;14;1406;140609
2026;5;Santarém;Chamusca;Chamusca e Pinheiro Grande;Outros/Não definido;185.0;185.0;185.0;;14;1407;140708
2026;5;Santarém;Constância;Montalvo;Fluorescente;1.0;1.0;1.0;70.0;14;1408;140802
2026;5;Santarém;Constância;Montalvo;Outros/Não definido;19.0;4.0;4.0;;14;1408;140802
2026;5;Santarém;Coruche;Couço;Mercúrio;35.0;35.0;35.0;1840.0;14;1409;140902
2026;5;Santarém;Coruche;Couço;Sódio;308.0;308.0;308.0;31050.0;14;1409;140902
2026;5;Porto;Penafiel;Fonte Arcada;LED;442.0;441.0;442.0;12931.600009918213;13;1311;131112
2026;5;Porto;Penafiel;Galegos;Outros/Não definido;17.0;17.0;17.0;90.0;13;1311;131113
2026;5;Porto;Penafiel;Irivo;LED;563.0;558.0;569.0;21506.200107574463;13;1311;131115
2026;5;Porto;Penafiel;Irivo;Mercúrio;6.0;6.0;6.0;480.0;13;1311;131115
2026;5;Porto;Penafiel;Oldrões;Mercúrio;37.0;37.0;37.0;2960.0;13;1311;131121
2026;5;Porto;Penafiel;Paço de Sousa;LED;1092.0;1089.0;1099.0;37106.20000457764;13;1311;131122
2026;5;Porto;Penafiel;Rans;LED;520.0;511.0;520.0;14655.0;13;1311;131128
2026;5;Porto;Penafiel;Rans;Sódio;44.0;44.0;44.0;3360.0;13;1311;131128
2026;5;Porto;Penafiel;Recezinhos (São Mamede);Mercúrio;11.0;11.0;11.0;880.0;13;1311;131132
2026;5;Porto;Penafiel;Recezinhos (São Mamede);Sódio;55.0;55.0;55.0;4142.0;13;1311;131132
2026;5;Porto;Penafiel;Sebolido;LED;278.0;278.0;278.0;9865.400001525879;13;1311;131134
2026;5;Porto;Penafiel;Rio Mau;Outros/Não definido;27.0;27.0;27.0;;13;1311;131138
2026;5;Porto;Penafiel;Luzim e Vila Cova;LED;841.0;841.0;841.0;31603.00001144409;13;1311;131140
2026;5;Porto;Penafiel;Luzim e Vila Cova;Mercúrio;6.0;6.0;6.0;480.0;13;1311;131140
2026;5;Porto;Penafiel;Lagares e Figueira;LED;1196.0;1178.0;1196.0;32887.0;13;1311;131142
2026;5;Porto;Penafiel;Lagares e Figueira;Mercúrio;7.0;7.0;7.0;560.0;13;1311;131142
2026;5;Porto;Penafiel;Termas de São Vicente;Mercúrio;28.0;28.0;38.0;2610.0;13;1311;131143
2026;5;Porto;Póvoa de Varzim;Balazar;Outros/Não definido;60.0;60.0;60.0;;13;1313;131305
2026;5;Porto;Póvoa de Varzim;Balazar;Sódio;1097.0;1081.0;1115.0;104150.0;13;1313;131305
2026;5;Porto;Póvoa de Varzim;Rates;Outros/Não definido;70.0;70.0;70.0;45.0;13;1313;131311
2026;5;Porto;Póvoa de Varzim;Rates;Sódio;1162.0;1152.0;1162.0;106230.0;13;1313;131311
2026;5;Porto;Santo Tirso;Agrela;Outros/Não definido;70.0;70.0;70.0;;13;1314;131401
2026;5;Porto;Santo Tirso;Rebordões;LED;870.0;870.0;870.0;24056.0;13;1314;131416
2026;5;Porto;Santo Tirso;Reguenga;LED;553.0;552.0;553.0;13985.900001525879;13;1314;131418
2026;5;Porto;Santo Tirso;Roriz;Sódio;2.0;2.0;2.0;300.0;13;1314;131419
2026;5;Porto;Santo Tirso;Negrelos (São Tomé);Outros/Não definido;5.0;5.0;5.0;;13;1314;131430
2026;5;Porto;Santo Tirso;Vilarinho;LED;5.0;5.0;5.0;229.60000228881836;13;1314;131432
2026;5;Porto;Santo Tirso;Carreira e Refojos de Riba de Ave;Mercúrio;3.0;3.0;3.0;240.0;13;1314;131435
2026;5;Porto;Vila do Conde;Azurara;Outros/Não definido;54.0;54.0;54.0;;13;1316;131604
2026;5;Porto;Vila do Conde;Fajozes;Sódio;12.0;10.0;12.0;2100.0;13;1316;131607
2026;5;Porto;Vila do Conde;Junqueira;Outros/Não definido;23.0;23.0;23.0;;13;1316;131612
2026;5;Porto;Vila do Conde;Junqueira;Sódio;1.0;1.0;1.0;150.0;13;1316;131612
2026;5;Porto;Vila do Conde;Labruge;LED;839.0;763.0;839.0;33633.000007629395;13;1316;131613
2026;5;Porto;Vila do Conde;Modivas;LED;627.0;577.0;627.0;29031.0;13;1316;131617
2026;5;Porto;Vila do Conde;Modivas;Outros/Não definido;16.0;9.0;16.0;;13;1316;131617
2026;5;Porto;Vila do Conde;Modivas;Sódio;1.0;1.0;1.0;70.0;13;1316;131617
2026;5;Porto;Vila do Conde;Vila Chã;Outros/Não definido;8.0;8.0;8.0;;13;1316;131627
2026;5;Porto;Vila do Conde;Bagunte, Ferreiró, Outeiro Maior e Parada;LED;1625.0;1610.0;1625.0;63198.0;13;1316;131631
2026;5;Porto;Vila do Conde;Bagunte, Ferreiró, Outeiro Maior e Parada;Sódio;12.0;12.0;12.0;2600.0;13;1316;131631
2026;5;Porto;Vila do Conde;Retorta e Tougues;LED;863.0;845.0;863.0;43845.5;13;1316;131634
2026;5;Porto;Vila do Conde;Retorta e Tougues;Sódio;2.0;2.0;2.0;200.0;13;1316;131634
2026;5;Porto;Vila do Conde;Rio Mau e Arcos;Outros/Não definido;23.0;23.0;23.0;;13;1316;131635
2026;5;Porto;Vila do Conde;Rio Mau e Arcos;Sódio;4.0;4.0;4.0;360.0;13;1316;131635
2026;5;Porto;Vila do Conde;Touguinha e Touguinhó;LED;1361.0;1337.0;1361.0;49204.40003967285;13;1316;131636
2026;5;Porto;Vila do Conde;Touguinha e Touguinhó;Sódio;15.0;15.0;15.0;1050.0;13;1316;131636
2026;5;Porto;Vila do Conde;Vilar e Mosteiró;LED;978.0;961.0;978.0;38677.29999923706;13;1316;131637
2026;5;Porto;Vila do Conde;Vilar e Mosteiró;Outros/Não definido;4.0;4.0;4.0;45.0;13;1316;131637
2026;5;Porto;Vila Nova de Gaia;Madalena;LED;1620.0;1604.0;1620.0;83451.19990539551;13;1317;131709
2026;5;Porto;Vila Nova de Gaia;Oliveira do Douro;LED;2700.0;2621.0;2722.0;132171.70011901855;13;1317;131712
2026;5;Porto;Vila Nova de Gaia;Oliveira do Douro;Sódio;64.0;64.0;68.0;9050.0;13;1317;131712
2026;5;Porto;Vila Nova de Gaia;Vilar de Andorinho;LED;1999.0;1941.0;2001.0;99748.49996566772;13;1317;131723
2026;5;Porto;Vila Nova de Gaia;Vilar de Andorinho;Outros/Não definido;43.0;43.0;43.0;;13;1317;131723
2026;5;Porto;Trofa;Alvarelhos e Guidões;Outros/Não definido;13.0;13.0;13.0;;13;1318;131809
2026;5;Santarém;Abrantes;Bemposta;LED;874.0;803.0;819.0;37769.000312805176;14;1401;140104
2026;5;Santarém;Abrantes;Martinchel;Outros/Não definido;12.0;12.0;12.0;540.0;14;1401;140105
2026;5;Santarém;Abrantes;Pego;LED;572.0;572.0;572.0;23221.00022125244;14;1401;140107
2026;5;Santarém;Abrantes;Rio de Moinhos;LED;498.0;495.0;498.0;22887.600006103516;14;1401;140108
2026;5;Santarém;Abrantes;Rio de Moinhos;Outros/Não definido;3.0;3.0;3.0;210.0;14;1401;140108
2026;5;Santarém;Abrantes;Tramagal;Outros/Não definido;36.0;36.0;36.0;1750.0;14;1401;140115
2026;5;Santarém;Abrantes;Carvalhal;Outros/Não definido;12.0;8.0;12.0;560.0;14;1401;140119
2026;5;Santarém;Abrantes;Carvalhal;Sódio;7.0;7.0;7.0;610.0;14;1401;140119
2026;5;Santarém;Alcanena;Monsanto;Iodeto Metálico;13.0;7.0;13.0;520.0;14;1402;140208
2026;5;Santarém;Alcanena;Monsanto;Sódio;40.0;38.0;40.0;3050.0;14;1402;140208
2026;5;Santarém;Alcanena;Serra de Santo António;LED;385.0;385.0;385.0;19460.800064086914;14;1402;140209
2026;5;Santarém;Alcanena;Serra de Santo António;Sódio;101.0;101.0;101.0;8960.0;14;1402;140209
2026;5;Santarém;Benavente;Santo Estêvão;Mercúrio;15.0;7.0;7.0;750.0;14;1405;140503
2026;5;Santarém;Benavente;Santo Estêvão;Outros/Não definido;54.0;53.0;53.0;700.0;14;1405;140503
2026;5;Santarém;Benavente;Santo Estêvão;Sódio;179.0;179.0;179.0;17720.0;14;1405;140503
2026;5;Santarém;Chamusca;Ulme;Mercúrio;11.0;11.0;11.0;580.0;14;1407;140704
2026;5;Santarém;Chamusca;Ulme;Outros/Não definido;24.0;24.0;24.0;90.0;14;1407;140704
2026;5;Santarém;Chamusca;Carregueira;Mercúrio;6.0;6.0;6.0;300.0;14;1407;140707
2026;5;Santarém;Chamusca;Parreira e Chouto;Mercúrio;51.0;51.0;51.0;2760.0;14;1407;140709
2026;5;Santarém;Chamusca;Parreira e Chouto;Outros/Não definido;37.0;37.0;37.0;135.0;14;1407;140709
2026;5;Santarém;Constância;Constância;Iodeto Metálico;2.0;2.0;2.0;250.0;14;1408;140801
2026;5;Santarém;Coruche;São José da Lamarosa;Mercúrio;6.0;6.0;6.0;300.0;14;1409;140903
2026;5;Santarém;Coruche;São José da Lamarosa;Sódio;14.0;14.0;14.0;1250.0;14;1409;140903
2026;5;Santarém;Coruche;Biscainho;LED;452.0;452.0;452.0;17933.0;14;1409;140907
2026;5;Santarém;Coruche;Biscainho;Mercúrio;1.0;1.0;1.0;50.0;14;1409;140907
2026;5;Santarém;Coruche;Biscainho;Sódio;21.0;19.0;21.0;1780.0;14;1409;140907
2026;5;Santarém;Coruche;Santana do Mato;LED;498.0;498.0;498.0;19311.0;14;1409;140908
2026;5;Santarém;Coruche;Coruche, Fajarda e Erra;Mercúrio;78.0;78.0;78.0;3990.0;14;1409;140909
2026;5;Santarém;Coruche;Coruche, Fajarda e Erra;Sódio;855.0;832.0;855.0;81040.0;14;1409;140909
2026;5;Santarém;Entroncamento;São João Baptista;Iodeto Metálico;20.0;20.0;20.0;1400.0;14;1410;141001
2026;5;Santarém;Entroncamento;São João Baptista;LED;1637.0;1629.0;2069.0;68161.30000305176;14;1410;141001
2026;5;Santarém;Entroncamento;Nossa Senhora de Fátima;Outros/Não definido;22.0;22.0;22.0;;14;1410;141002
2026;5;Santarém;Ferreira do Zêzere;Igreja Nova do Sobral;Mercúrio;2.0;2.0;2.0;100.0;14;1411;141107
2026;5;Santarém;Ferreira do Zêzere;Igreja Nova do Sobral;Outros/Não definido;12.0;12.0;12.0;90.0;14;1411;141107
2026;5;Santarém;Ferreira do Zêzere;Igreja Nova do Sobral;Sódio;103.0;103.0;103.0;15010.0;14;1411;141107
2026;5;Santarém;Golegã;Azinhaga;Iodeto Metálico;4.0;4.0;4.0;280.0;14;1412;141201
2026;5;Santarém;Golegã;Golegã;Fluorescente;10.0;10.0;10.0;540.0;14;1412;141202
2026;5;Santarém;Golegã;Golegã;Iodeto Metálico;14.0;14.0;14.0;1500.0;14;1412;141202
2026;5;Santarém;Rio Maior;Rio Maior;Mercúrio;3.0;3.0;3.0;550.0;14;1414;141408
2026;5;Santarém;Rio Maior;Rio Maior;Outros/Não definido;8.0;8.0;8.0;;14;1414;141408
2026;5;Santarém;Rio Maior;Rio Maior;Sódio;6.0;3.0;6.0;390.0;14;1414;141408
2026;5;Santarém;Salvaterra de Magos;Marinhais;Mercúrio;4.0;4.0;4.0;200.0;14;1415;141502
2026;5;Santarém;Salvaterra de Magos;Muge;Outros/Não definido;25.0;25.0;25.0;;14;1415;141503
2026;5;Santarém;Salvaterra de Magos;Salvaterra de Magos e Foros de Salvaterra;Sódio;199.0;184.0;199.0;18670.0;14;1415;141508
2026;5;Santarém;Santarém;Alcanede;LED;2640.0;2640.0;2640.0;99233.0;14;1416;141604
2026;5;Santarém;Santarém;Alcanede;Sódio;34.0;34.0;34.0;3060.0;14;1416;141604
2026;5;Santarém;Santarém;Pernes;Outros/Não definido;46.0;46.0;46.0;;14;1416;141614
2026;5;Santarém;Santarém;Pernes;Sódio;18.0;18.0;18.0;1530.0;14;1416;141614
2026;5;Santarém;Santarém;Romeira e Várzea;LED;1621.0;1621.0;1621.0;67692.20000457764;14;1416;141632
2026;5;Santarém;Santarém;Romeira e Várzea;Sódio;12.0;11.0;12.0;1440.0;14;1416;141632
2026;5;Santarém;Sardoal;Sardoal;LED;1338.0;1314.0;1338.0;60661.80025100708;14;1417;141703
2026;5;Santarém;Sardoal;Sardoal;Mercúrio;1.0;1.0;1.0;50.0;14;1417;141703
2026;5;Santarém;Tomar;São Pedro de Tomar;Outros/Não definido;10.0;10.0;10.0;90.0;14;1418;141813
2026;5;Santarém;Torres Novas;Riachos;LED;899.0;889.0;912.0;35821.50011062622;14;1419;141910
2026;5;Santarém;Torres Novas;Riachos;Outros/Não definido;64.0;63.0;63.0;2238.0;14;1419;141910
2026;5;Santarém;Torres Novas;Riachos;Sódio;304.0;292.0;304.0;32030.0;14;1419;141910
2026;5;Santarém;Torres Novas;Meia Via;Outros/Não definido;23.0;23.0;23.0;;14;1419;141917
2026;5;Santarém;Torres Novas;Torres Novas (Santa Maria, Salvador e Santiago);Fluorescente;5.0;5.0;5.0;350.0;14;1419;141920
2026;5;Santarém;Torres Novas;Torres Novas (Santa Maria, Salvador e Santiago);Outros/Não definido;126.0;117.0;130.0;6160.0;14;1419;141920
2026;5;Santarém;Torres Novas;Torres Novas (São Pedro), Lapas e Ribeira Branca;LED;793.0;783.0;793.0;28275.300117492676;14;1419;141921
2026;5;Santarém;Vila Nova da Barquinha;Vila Nova da Barquinha;Iodeto Metálico;7.0;7.0;7.0;810.0;14;1420;142006
2026;5;Santarém;Vila Nova da Barquinha;Vila Nova da Barquinha;Mercúrio;1.0;1.0;1.0;125.0;14;1420;142006
2026;5;Santarém;Vila Nova da Barquinha;Vila Nova da Barquinha;Outros/Não definido;218.0;187.0;218.0;14700.0;14;1420;142006
2026;5;Santarém;Ourém;Atouguia;Mercúrio;17.0;12.0;12.0;850.0;14;1421;142102
2026;5;Santarém;Ourém;Atouguia;Outros/Não definido;17.0;15.0;15.0;470.0;14;1421;142102
2026;5;Santarém;Ourém;Caxarias;LED;870.0;864.0;867.0;35078.20000457764;14;1421;142104
2026;5;Santarém;Ourém;Fátima;LED;1766.0;1749.0;1764.0;66310.80035018921;14;1421;142106
2026;5;Santarém;Ourém;Nossa Senhora da Piedade;LED;819.0;817.0;817.0;35800.50020980835;14;1421;142115
2026;5;Santarém;Ourém;Nossa Senhora da Piedade;Outros/Não definido;156.0;152.0;156.0;620.0;14;1421;142115
2026;5;Santarém;Ourém;Freixianda, Ribeira do Farrio e Formigais;Sódio;704.0;689.0;700.0;57410.0;14;1421;142119
2026;5;Setúbal;Almada;Almada, Cova da Piedade, Pragal e Cacilhas;LED;131.0;127.0;133.0;8376.200004577637;15;1503;150312
2026;5;Setúbal;Almada;Caparica e Trafaria;LED;644.0;633.0;644.0;33736.00061798096;15;1503;150313
2026;5;Setúbal;Almada;Charneca de Caparica e Sobreda;LED;3450.0;3427.0;3450.0;163284.50270843506;15;1503;150314
2026;5;Setúbal;Almada;Charneca de Caparica e Sobreda;Sódio;9906.0;9710.0;9910.0;874160.0;15;1503;150314
2026;5;Setúbal;Almada;Laranjeiro e Feijó;Iodeto Metálico;189.0;189.0;189.0;12710.0;15;1503;150315
2026;5;Setúbal;Almada;Laranjeiro e Feijó;LED;61.0;59.0;61.0;2904.0000076293945;15;1503;150315
2026;5;Setúbal;Almada;Laranjeiro e Feijó;Outros/Não definido;514.0;488.0;514.0;4780.0;15;1503;150315
2026;5;Setúbal;Barreiro;Alto do Seixalinho, Santo André e Verderena;Mercúrio;73.0;73.0;73.0;6200.0;15;1504;150409
2026;5;Setúbal;Barreiro;Barreiro e Lavradio;Iodeto Metálico;127.0;115.0;127.0;12610.0;15;1504;150410
2026;5;Setúbal;Barreiro;Barreiro e Lavradio;LED;2172.0;2073.0;2172.0;82080.30000686646;15;1504;150410
2026;5;Setúbal;Barreiro;Barreiro e Lavradio;Sódio;245.0;237.0;245.0;30400.0;15;1504;150410
2026;5;Setúbal;Barreiro;Palhais e Coina;Outros/Não definido;156.0;156.0;156.0;6760.0;15;1504;150411
2026;5;Setúbal;Barreiro;Palhais e Coina;Sódio;80.0;74.0;80.0;9730.0;15;1504;150411
2026;5;Setúbal;Grândola;Carvalhal;Mercúrio;2.0;2.0;2.0;100.0;15;1505;150505
2026;5;Setúbal;Grândola;Carvalhal;Outros/Não definido;125.0;125.0;125.0;196.0;15;1505;150505
2026;5;Setúbal;Grândola;Carvalhal;Sódio;1335.0;1563.0;1565.0;148475.0;15;1505;150505
2026;5;Setúbal;Grândola;Grândola e Santa Margarida da Serra;Iodeto Metálico;124.0;106.0;124.0;14220.0;15;1505;150506
2026;5;Setúbal;Grândola;Grândola e Santa Margarida da Serra;LED;4300.0;4222.0;4310.0;191050.20066833496;15;1505;150506
2026;5;Setúbal;Grândola;Grândola e Santa Margarida da Serra;Mercúrio;13.0;13.0;13.0;920.0;15;1505;150506
2026;5;Setúbal;Grândola;Grândola e Santa Margarida da Serra;Outros/Não definido;431.0;431.0;443.0;290.0;15;1505;150506
2026;5;Setúbal;Moita;Alhos Vedros;Mercúrio;12.0;12.0;12.0;960.0;15;1506;150601
2026;5;Setúbal;Moita;Alhos Vedros;Sódio;159.0;157.0;159.0;15890.0;15;1506;150601
2026;5;Setúbal;Moita;Moita;Mercúrio;30.0;30.0;30.0;4860.0;15;1506;150603
2026;5;Setúbal;Moita;Moita;Outros/Não definido;140.0;140.0;140.0;1775.0;15;1506;150603
2026;5;Setúbal;Moita;Baixa da Banheira e Vale da Amoreira;LED;2643.0;2518.0;2643.0;115135.10000228882;15;1506;150607
2026;5;Setúbal;Moita;Baixa da Banheira e Vale da Amoreira;Sódio;124.0;115.0;124.0;10150.0;15;1506;150607
2026;5;Setúbal;Montijo;Sarilhos Grandes;Outros/Não definido;85.0;83.0;85.0;1850.0;15;1507;150704
2026;5;Setúbal;Montijo;Pegões;Outros/Não definido;134.0;134.0;134.0;1310.0;15;1507;150711
2026;5;Setúbal;Palmela;Palmela;Sódio;167.0;164.0;169.0;18910.0;15;1508;150802
2026;5;Setúbal;Palmela;Pinhal Novo;Iodeto Metálico;9.0;9.0;9.0;1050.0;15;1508;150803
2026;5;Setúbal;Palmela;Pinhal Novo;LED;5659.0;5538.0;5661.0;179552.8006401062;15;1508;150803
2026;5;Setúbal;Palmela;Quinta do Anjo;Mercúrio;8.0;8.0;8.0;730.0;15;1508;150804
2026;5;Setúbal;Palmela;Quinta do Anjo;Outros/Não definido;343.0;343.0;363.0;;15;1508;150804
2026;5;Setúbal;Palmela;Quinta do Anjo;Sódio;670.0;599.0;801.0;71540.0;15;1508;150804
2026;5;Setúbal;Santiago do Cacém;Cercal;Outros/Não definido;40.0;38.0;40.0;90.0;15;1509;150903
2026;5;Setúbal;Santiago do Cacém;Cercal;Sódio;8.0;8.0;8.0;800.0;15;1509;150903
2026;5;Setúbal;Santiago do Cacém;Santo André;LED;4620.0;4474.0;4620.0;178603.2013053894;15;1509;150907
2026;5;Setúbal;Santiago do Cacém;Santo André;Sódio;206.0;191.0;206.0;25070.0;15;1509;150907
2026;5;Setúbal;Santiago do Cacém;Santiago do Cacém, S. Cruz e S. Bartolomeu da Serra;LED;3358.0;3266.0;3356.0;113096.90074920654;15;1509;150912
2026;5;Setúbal;Seixal;Amora;Fluorescente;26.0;20.0;26.0;1600.0;15;1510;151002
2026;5;Setúbal;Seixal;Amora;Outros/Não definido;664.0;660.0;668.0;6445.0;15;1510;151002
2026;5;Setúbal;Seixal;Corroios;Sódio;381.0;355.0;381.0;34550.0;15;1510;151005
2026;5;Setúbal;Seixal;Fernão Ferro;Iodeto Metálico;3.0;3.0;3.0;210.0;15;1510;151006
2026;5;Setúbal;Seixal;Fernão Ferro;LED;6004.0;5962.0;6004.0;155234.30069732666;15;1510;151006
2026;5;Santarém;Ferreira do Zêzere;Águas Belas;LED;820.0;814.0;819.0;24322.30005645752;14;1411;141101
2026;5;Santarém;Ferreira do Zêzere;Águas Belas;Mercúrio;20.0;20.0;20.0;1000.0;14;1411;141101
2026;5;Santarém;Ferreira do Zêzere;Beco;LED;769.0;767.0;769.0;25562.200187683105;14;1411;141103
2026;5;Santarém;Ferreira do Zêzere;Beco;Mercúrio;50.0;50.0;50.0;2500.0;14;1411;141103
2026;5;Santarém;Ferreira do Zêzere;Beco;Sódio;87.0;87.0;87.0;6390.0;14;1411;141103
2026;5;Santarém;Ferreira do Zêzere;Chãos;LED;554.0;554.0;554.0;10108.0;14;1411;141104
2026;5;Santarém;Ferreira do Zêzere;Chãos;Sódio;2.0;2.0;2.0;140.0;14;1411;141104
2026;5;Santarém;Ferreira do Zêzere;Ferreira do Zêzere;Outros/Não definido;45.0;44.0;50.0;520.0;14;1411;141106
2026;5;Santarém;Golegã;Pombalinho;Sódio;4.0;4.0;4.0;550.0;14;1412;141203
2026;5;Santarém;Mação;Amêndoa;Sódio;22.0;22.0;22.0;1680.0;14;1413;141302
2026;5;Santarém;Mação;Ortiga;LED;449.0;445.0;449.0;22471.0;14;1413;141307
2026;5;Santarém;Mação;Ortiga;Outros/Não definido;1.0;1.0;1.0;118.0;14;1413;141307
2026;5;Santarém;Mação;Mação, Penhascoso e Aboboreira;LED;2458.0;2394.0;2458.0;97692.80034637451;14;1413;141309
2026;5;Santarém;Mação;Mação, Penhascoso e Aboboreira;Mercúrio;6.0;6.0;6.0;330.0;14;1413;141309
2026;5;Santarém;Mação;Mação, Penhascoso e Aboboreira;Sódio;329.0;311.0;329.0;30620.0;14;1413;141309
2026;5;Santarém;Rio Maior;Arrouquelas;Sódio;1.0;1.0;1.0;70.0;14;1414;141402
2026;5;Santarém;Salvaterra de Magos;Glória do Ribatejo e Granho;Outros/Não definido;71.0;29.0;29.0;5400.0;14;1415;141507
2026;5;Santarém;Santarém;Abitureiras;LED;763.0;763.0;763.0;31774.0;14;1416;141601
2026;5;Santarém;Santarém;Abitureiras;Sódio;1.0;1.0;1.0;70.0;14;1416;141601
2026;5;Santarém;Santarém;Abrã;Outros/Não definido;16.0;4.0;4.0;222.0;14;1416;141602
2026;5;Santarém;Santarém;Arneiro das Milhariças;Sódio;1.0;1.0;1.0;100.0;14;1416;141608
2026;5;Santarém;Santarém;Moçarria;Outros/Não definido;1.0;;;50.0;14;1416;141613
2026;5;Santarém;Santarém;Póvoa da Isenta;Outros/Não definido;73.0;1.0;1.0;4114.0;14;1416;141616
2026;5;Santarém;Santarém;Póvoa da Isenta;Sódio;2.0;2.0;2.0;170.0;14;1416;141616
2026;5;Santarém;Santarém;Vale de Santarém;Outros/Não definido;7.0;1.0;1.0;174.0;14;1416;141625
2026;5;Santarém;Santarém;Gançaria;LED;324.0;324.0;324.0;11100.0;14;1416;141628
2026;5;Santarém;Santarém;Azoia de Cima e Tremês;LED;1436.0;1434.0;1436.0;55897.0;14;1416;141630
2026;5;Santarém;Santarém;Azoia de Cima e Tremês;Sódio;2.0;2.0;2.0;200.0;14;1416;141630
2026;5;Santarém;Santarém;Casével e Vaqueiros;Sódio;21.0;21.0;21.0;1470.0;14;1416;141631
2026;5;Santarém;Sardoal;Santiago de Montalegre;LED;365.0;365.0;365.0;18243.000106811523;14;1417;141702
2026;5;Santarém;Sardoal;Santiago de Montalegre;Outros/Não definido;16.0;16.0;16.0;590.0;14;1417;141702
2026;5;Santarém;Sardoal;Santiago de Montalegre;Sódio;1.0;1.0;1.0;50.0;14;1417;141702
2026;5;Santarém;Tomar;Asseiceira;Outros/Não definido;2.0;2.0;2.0;;14;1418;141802
2026;5;Santarém;Tomar;Asseiceira;Sódio;6.0;6.0;6.0;420.0;14;1418;141802
2026;5;Santarém;Tomar;Olalhas;Outros/Não definido;2.0;2.0;2.0;45.0;14;1418;141808
2026;5;Santarém;Tomar;Paialvo;LED;826.0;826.0;826.0;20766.800003051758;14;1418;141809
2026;5;Santarém;Tomar;Além da Ribeira e Pedreira;LED;493.0;493.0;493.0;12374.400001525879;14;1418;141817
2026;5;Santarém;Tomar;Casais e Alviobeira;LED;1461.0;1459.0;1461.0;36552.000007629395;14;1418;141818
2026;5;Santarém;Tomar;Serra e Junceira;LED;1313.0;1307.0;1313.0;32764.800003051758;14;1418;141820
2026;5;Santarém;Torres Novas;Assentiz;Fluorescente;2.0;2.0;2.0;100.0;14;1419;141902
2026;5;Santarém;Torres Novas;Assentiz;LED;972.0;968.0;968.0;34331.60000991821;14;1419;141902
2026;5;Santarém;Torres Novas;Chancelaria;Fluorescente;2.0;2.0;2.0;100.0;14;1419;141904
2026;5;Santarém;Torres Novas;Chancelaria;Sódio;126.0;126.0;126.0;16130.0;14;1419;141904
2026;5;Santarém;Torres Novas;Pedrógão;LED;739.0;737.0;739.0;27995.40000152588;14;1419;141909
2026;5;Santarém;Torres Novas;Pedrógão;Outros/Não definido;31.0;31.0;31.0;200.0;14;1419;141909
2026;5;Santarém;Torres Novas;Zibreira;Fluorescente;1.0;1.0;1.0;50.0;14;1419;141916
2026;5;Santarém;Torres Novas;Zibreira;Mercúrio;4.0;4.0;4.0;200.0;14;1419;141916
2026;5;Santarém;Torres Novas;Brogueira, Parceiros de Igreja e Alcorochel;Fluorescente;3.0;3.0;3.0;170.0;14;1419;141918
2026;5;Santarém;Torres Novas;Brogueira, Parceiros de Igreja e Alcorochel;Sódio;340.0;340.0;340.0;42760.0;14;1419;141918
2026;5;Santarém;Torres Novas;Olaia e Paço;Fluorescente;2.0;2.0;2.0;140.0;14;1419;141919
2026;5;Santarém;Torres Novas;Olaia e Paço;Mercúrio;2.0;2.0;2.0;100.0;14;1419;141919
2026;5;Santarém;Torres Novas;Olaia e Paço;Sódio;381.0;380.0;380.0;48470.0;14;1419;141919
2026;5;Santarém;Vila Nova da Barquinha;Atalaia;Iodeto Metálico;2.0;2.0;2.0;300.0;14;1420;142001
2026;5;Santarém;Vila Nova da Barquinha;Atalaia;LED;606.0;589.0;624.0;40741.5000038147;14;1420;142001
2026;5;Santarém;Vila Nova da Barquinha;Atalaia;Sódio;13.0;13.0;13.0;1300.0;14;1420;142001
2026;5;Santarém;Vila Nova da Barquinha;Praia do Ribatejo;Mercúrio;1.0;1.0;1.0;50.0;14;1420;142002
2026;5;Santarém;Ourém;Alburitel;Mercúrio;2.0;2.0;2.0;100.0;14;1421;142101
2026;5;Santarém;Ourém;Alburitel;Outros/Não definido;7.0;7.0;7.0;;14;1421;142101
2026;5;Santarém;Ourém;Espite;Mercúrio;10.0;10.0;10.0;500.0;14;1421;142105
2026;5;Santarém;Ourém;Espite;Outros/Não definido;33.0;6.0;6.0;1290.0;14;1421;142105
2026;5;Santarém;Ourém;Espite;Sódio;257.0;257.0;257.0;18410.0;14;1421;142105
2026;5;Santarém;Ourém;Nossa Senhora das Misericórdias;LED;1746.0;1741.0;1743.0;74849.00030517578;14;1421;142111
2026;5;Santarém;Ourém;Nossa Senhora das Misericórdias;Outros/Não definido;22.0;22.0;22.0;405.0;14;1421;142111
2026;5;Santarém;Ourém;Nossa Senhora das Misericórdias;Sódio;535.0;515.0;531.0;44150.0;14;1421;142111
2026;5;Santarém;Ourém;Seiça;Outros/Não definido;11.0;11.0;11.0;315.0;14;1421;142113
2026;5;Santarém;Ourém;Urqueira;Mercúrio;11.0;11.0;11.0;550.0;14;1421;142114
2026;5;Santarém;Ourém;Gondemaria e Olival;Mercúrio;26.0;25.0;25.0;1300.0;14;1421;142120
2026;5;Santarém;Ourém;Gondemaria e Olival;Outros/Não definido;8.0;6.0;6.0;98.0;14;1421;142120
2026;5;Santarém;Ourém;Gondemaria e Olival;Sódio;506.0;496.0;496.0;36740.0;14;1421;142120
2026;5;Santarém;Ourém;Matas e Cercal;Mercúrio;4.0;4.0;4.0;200.0;14;1421;142121
2026;5;Santarém;Ourém;Matas e Cercal;Sódio;267.0;267.0;267.0;18880.0;14;1421;142121
2026;5;Santarém;Ourém;Rio de Couros e Casal dos Bernardos;Outros/Não definido;20.0;13.0;13.0;897.0;14;1421;142122
2026;5;Setúbal;Alcácer do Sal;Torrão;LED;843.0;836.0;843.0;31750.60011291504;15;1501;150104
2026;5;Setúbal;Alcácer do Sal;Torrão;Sódio;14.0;14.0;14.0;1340.0;15;1501;150104
2026;5;Setúbal;Alcácer do Sal;Comporta;LED;904.0;898.0;903.0;42014.400390625;15;1501;150106
2026;5;Setúbal;Alcochete;São Francisco;Sódio;54.0;54.0;54.0;3960.0;15;1502;150203
2026;5;Setúbal;Almada;Costa da Caparica;Iodeto Metálico;226.0;100.0;228.0;7320.0;15;1503;150303
2026;5;Setúbal;Barreiro;Santo António da Charneca;Sódio;81.0;82.0;82.0;7820.0;15;1504;150407
2026;5;Setúbal;Grândola;Azinheira dos Barros e São Mamede do Sádão;Outros/Não definido;1.0;4.0;1.0;65.0;15;1505;150501
2026;5;Setúbal;Grândola;Melides;Iodeto Metálico;7.0;7.0;7.0;700.0;15;1505;150503
2026;5;Setúbal;Moita;Gaio-Rosário e Sarilhos Pequenos;LED;770.0;706.0;770.0;29014.0;15;1506;150608
2026;5;Setúbal;Moita;Gaio-Rosário e Sarilhos Pequenos;Sódio;130.0;130.0;130.0;11040.0;15;1506;150608
2026;5;Setúbal;Montijo;Canha;LED;179.0;179.0;179.0;7029.0;15;1507;150701
2026;5;Setúbal;Montijo;Canha;Mercúrio;12.0;12.0;12.0;1050.0;15;1507;150701
2026;5;Setúbal;Montijo;Atalaia e Alto Estanqueiro-Jardia;Mercúrio;34.0;34.0;34.0;2600.0;15;1507;150709
2026;5;Setúbal;Santiago do Cacém;São Domingos e Vale de Água;Outros/Não definido;9.0;9.0;9.0;;15;1509;150913
2026;5;Setúbal;Seixal;Seixal, Arrentela e Aldeia de Paio Pires;LED;7132.0;6748.0;7135.0;285752.6000061035;15;1510;151007
2026;5;Setúbal;Seixal;Seixal, Arrentela e Aldeia de Paio Pires;Outros/Não definido;703.0;694.0;725.0;3994.0;15;1510;151007
2026;5;Setúbal;Seixal;Seixal, Arrentela e Aldeia de Paio Pires;Sódio;1044.0;978.0;1044.0;80800.0;15;1510;151007
2026;5;Setúbal;Sesimbra;Sesimbra (Castelo);LED;9223.0;9095.0;9223.0;406669.1022987366;15;1511;151101
2026;5;Setúbal;Sesimbra;Sesimbra (Castelo);Outros/Não definido;266.0;263.0;266.0;9000.0;15;1511;151101
2026;5;Setúbal;Sesimbra;Quinta do Conde;Sódio;142.0;136.0;142.0;12860.0;15;1511;151103
2026;5;Setúbal;Setúbal;Setúbal (São Sebastião);Iodeto Metálico;9.0;9.0;9.0;1350.0;15;1512;151205
2026;5;Setúbal;Setúbal;Setúbal (São Sebastião);LED;5725.0;5238.0;5875.0;281758.67000579834;15;1512;151205
2026;5;Setúbal;Setúbal;Gâmbia-Pontes-Alto da Guerra;Mercúrio;3.0;3.0;3.0;200.0;15;1512;151207
2026;5;Setúbal;Setúbal;Gâmbia-Pontes-Alto da Guerra;Sódio;87.0;87.0;87.0;7210.0;15;1512;151207
2026;5;Setúbal;Setúbal;Azeitão (São Lourenço e São Simão);LED;6673.0;6660.0;6674.0;283437.6026954651;15;1512;151209
2026;5;Setúbal;Setúbal;Azeitão (São Lourenço e São Simão);Outros/Não definido;259.0;258.0;259.0;430.0;15;1512;151209
2026;5;Setúbal;Setúbal;Azeitão (São Lourenço e São Simão);Sódio;742.0;704.0;752.0;56330.0;15;1512;151209
2026;5;Setúbal;Setúbal;S. Julião, N. S. da Anunciada e S. Maria da Graça;Fluorescente;1.0;1.0;1.0;100.0;15;1512;151210
2026;5;Setúbal;Setúbal;S. Julião, N. S. da Anunciada e S. Maria da Graça;LED;3864.0;3742.0;4024.0;185252.78010368347;15;1512;151210
2026;5;Setúbal;Setúbal;S. Julião, N. S. da Anunciada e S. Maria da Graça;Outros/Não definido;722.0;671.0;722.0;9165.0;15;1512;151210
2026;5;Setúbal;Sines;Sines;Mercúrio;23.0;23.0;23.0;2280.0;15;1513;151301
2026;5;Viana do Castelo;Arcos de Valdevez;Vale;Outros/Não definido;31.0;31.0;31.0;855.0;16;1601;160149
2026;5;Viana do Castelo;Arcos de Valdevez;Vale;Sódio;50.0;50.0;50.0;3860.0;16;1601;160149
2026;5;Viana do Castelo;Arcos de Valdevez;Arcos de Valdevez (Salvador), Vila Fonche e Parada;LED;656.0;638.0;656.0;24328.300022125244;16;1601;160154
2026;5;Viana do Castelo;Caminha;Caminha (Matriz) e Vilarelho;LED;1033.0;975.0;1033.0;45071.800216674805;16;1602;160222
2026;5;Viana do Castelo;Caminha;Caminha (Matriz) e Vilarelho;Outros/Não definido;287.0;283.0;287.0;180.0;16;1602;160222
2026;5;Viana do Castelo;Monção;Trute;LED;205.0;205.0;205.0;7958.0;16;1604;160431
2026;5;Viana do Castelo;Monção;Trute;Sódio;2.0;2.0;2.0;140.0;16;1604;160431
2026;5;Viana do Castelo;Ponte de Lima;Anais;LED;345.0;343.0;345.0;11722.0;16;1607;160701
2026;5;Viana do Castelo;Ponte de Lima;Calheiros;Outros/Não definido;62.0;62.0;62.0;1665.0;16;1607;160713
2026;5;Viana do Castelo;Ponte de Lima;Calheiros;Sódio;95.0;95.0;95.0;7530.0;16;1607;160713
2026;5;Viana do Castelo;Ponte de Lima;Feitosa;Outros/Não definido;46.0;43.0;43.0;630.0;16;1607;160719
2026;5;Setúbal;Sesimbra;Sesimbra (Santiago);LED;898.0;852.0;898.0;44405.10029602051;15;1511;151102
2026;5;Setúbal;Sesimbra;Sesimbra (Santiago);Mercúrio;1.0;1.0;1.0;50.0;15;1511;151102
2026;5;Setúbal;Sines;Porto Covo;LED;1073.0;1073.0;1073.0;36413.600257873535;15;1513;151302
2026;5;Viana do Castelo;Arcos de Valdevez;Aguiã;Outros/Não definido;29.0;29.0;29.0;900.0;16;1601;160102
2026;5;Viana do Castelo;Arcos de Valdevez;Ázere;Mercúrio;27.0;27.0;27.0;1350.0;16;1601;160104
2026;5;Viana do Castelo;Arcos de Valdevez;Ázere;Outros/Não definido;3.0;3.0;3.0;;16;1601;160104
2026;5;Viana do Castelo;Arcos de Valdevez;Cabana Maior;Outros/Não definido;1.0;1.0;1.0;;16;1601;160105
2026;5;Viana do Castelo;Arcos de Valdevez;Cabreiro;LED;370.0;370.0;370.0;13340.800003051758;16;1601;160106
2026;5;Viana do Castelo;Arcos de Valdevez;Cabreiro;Mercúrio;10.0;10.0;10.0;500.0;16;1601;160106
2026;5;Viana do Castelo;Arcos de Valdevez;Cendufe;LED;233.0;233.0;233.0;9559.5;16;1601;160108
2026;5;Viana do Castelo;Arcos de Valdevez;Couto;LED;393.0;393.0;393.0;11372.30001449585;16;1601;160109
2026;5;Viana do Castelo;Arcos de Valdevez;Couto;Mercúrio;7.0;7.0;7.0;350.0;16;1601;160109
2026;5;Viana do Castelo;Arcos de Valdevez;Miranda;LED;283.0;283.0;283.0;9881.0;16;1601;160121
2026;5;Viana do Castelo;Arcos de Valdevez;Oliveira;LED;138.0;138.0;138.0;4477.800006866455;16;1601;160123
2026;5;Viana do Castelo;Arcos de Valdevez;Paçô;Sódio;547.0;519.0;547.0;58730.0;16;1601;160124
2026;5;Viana do Castelo;Arcos de Valdevez;Padroso;Sódio;14.0;14.0;14.0;1140.0;16;1601;160125
2026;5;Viana do Castelo;Arcos de Valdevez;Prozelo;Sódio;28.0;28.0;28.0;2720.0;16;1601;160128
2026;5;Viana do Castelo;Arcos de Valdevez;Rio Frio;Mercúrio;46.0;40.0;46.0;2000.0;16;1601;160130
2026;5;Viana do Castelo;Arcos de Valdevez;Rio de Moinhos;LED;326.0;326.0;326.0;10831.0;16;1601;160131
2026;5;Viana do Castelo;Arcos de Valdevez;Rio de Moinhos;Mercúrio;3.0;3.0;3.0;150.0;16;1601;160131
2026;5;Viana do Castelo;Arcos de Valdevez;Sabadim;Mercúrio;10.0;10.0;10.0;900.0;16;1601;160133
2026;5;Viana do Castelo;Arcos de Valdevez;Jolda (São Paio);Outros/Não definido;9.0;9.0;9.0;270.0;16;1601;160142
2026;5;Viana do Castelo;Arcos de Valdevez;Jolda (São Paio);Sódio;13.0;13.0;13.0;890.0;16;1601;160142
2026;5;Viana do Castelo;Arcos de Valdevez;Senharei;Mercúrio;6.0;6.0;6.0;400.0;16;1601;160144
2026;5;Viana do Castelo;Arcos de Valdevez;Senharei;Outros/Não definido;3.0;3.0;3.0;135.0;16;1601;160144
2026;5;Viana do Castelo;Arcos de Valdevez;Sistelo;Sódio;97.0;97.0;97.0;6750.0;16;1601;160145
2026;5;Viana do Castelo;Arcos de Valdevez;Soajo;LED;772.0;768.0;768.0;23333.800003051758;16;1601;160146
2026;5;Viana do Castelo;Arcos de Valdevez;Soajo;Mercúrio;26.0;26.0;26.0;1320.0;16;1601;160146
2026;5;Viana do Castelo;Arcos de Valdevez;Soajo;Outros/Não definido;44.0;40.0;40.0;360.0;16;1601;160146
2026;5;Viana do Castelo;Arcos de Valdevez;Alvora e Loureda;Outros/Não definido;16.0;16.0;16.0;90.0;16;1601;160152
2026;5;Viana do Castelo;Arcos de Valdevez;Arcos de Valdevez (São Paio) e Giela;LED;478.0;464.0;478.0;15870.0;16;1601;160153
2026;5;Viana do Castelo;Arcos de Valdevez;Arcos de Valdevez (São Paio) e Giela;Outros/Não definido;95.0;95.0;95.0;360.0;16;1601;160153
2026;5;Viana do Castelo;Arcos de Valdevez;Eiras e Mei;LED;247.0;247.0;247.0;9119.0;16;1601;160155
2026;5;Viana do Castelo;Arcos de Valdevez;Grade e Carralcova;Outros/Não definido;12.0;12.0;12.0;;16;1601;160156
2026;5;Viana do Castelo;Arcos de Valdevez;Guilhadeses e Santar;Mercúrio;19.0;19.0;19.0;950.0;16;1601;160157
2026;5;Viana do Castelo;Arcos de Valdevez;Guilhadeses e Santar;Sódio;165.0;143.0;165.0;16520.0;16;1601;160157
2026;5;Viana do Castelo;Arcos de Valdevez;Jolda (Madalena) e Rio Cabrão;LED;198.0;198.0;198.0;8537.000007629395;16;1601;160158
2026;5;Viana do Castelo;Arcos de Valdevez;Portela e Extremo;Outros/Não definido;13.0;13.0;13.0;225.0;16;1601;160160
2026;5;Viana do Castelo;Arcos de Valdevez;Souto e Tabaçô;Fluorescente;4.0;4.0;4.0;200.0;16;1601;160162
2026;5;Viana do Castelo;Arcos de Valdevez;Souto e Tabaçô;LED;687.0;687.0;687.0;26273.0;16;1601;160162
2026;5;Viana do Castelo;Arcos de Valdevez;Souto e Tabaçô;Outros/Não definido;32.0;32.0;32.0;495.0;16;1601;160162
2026;5;Viana do Castelo;Arcos de Valdevez;Souto e Tabaçô;Sódio;81.0;78.0;81.0;6220.0;16;1601;160162
2026;5;Viana do Castelo;Arcos de Valdevez;Távora (Santa Maria e São Vicente);Mercúrio;23.0;23.0;23.0;1150.0;16;1601;160163
2026;5;Viana do Castelo;Arcos de Valdevez;Távora (Santa Maria e São Vicente);Outros/Não definido;15.0;15.0;15.0;;16;1601;160163
2026;5;Viana do Castelo;Arcos de Valdevez;Távora (Santa Maria e São Vicente);Sódio;87.0;87.0;87.0;7040.0;16;1601;160163
2026;5;Viana do Castelo;Arcos de Valdevez;Vilela, São Cosme e São Damião e Sá;LED;502.0;502.0;502.0;18112.0;16;1601;160164
2026;5;Viana do Castelo;Caminha;Lanhelas;LED;369.0;369.0;369.0;12544.0;16;1602;160211
2026;5;Viana do Castelo;Caminha;Lanhelas;Sódio;20.0;20.0;20.0;1400.0;16;1602;160211
2026;5;Viana do Castelo;Caminha;Riba de Âncora;Outros/Não definido;8.0;8.0;8.0;;16;1602;160214
2026;5;Viana do Castelo;Caminha;Riba de Âncora;Sódio;25.0;25.0;25.0;1810.0;16;1602;160214
2026;5;Viana do Castelo;Caminha;Seixas;Outros/Não definido;34.0;34.0;34.0;45.0;16;1602;160215
2026;5;Viana do Castelo;Caminha;Vila Praia de Âncora;LED;1220.0;1203.0;1226.0;55745.70012664795;16;1602;160217
2026;5;Viana do Castelo;Caminha;Vila Praia de Âncora;Outros/Não definido;175.0;173.0;175.0;2620.0;16;1602;160217
2026;5;Viana do Castelo;Caminha;Vila Praia de Âncora;Sódio;520.0;463.0;520.0;50970.0;16;1602;160217
2026;5;Viana do Castelo;Caminha;Vilar de Mouros;LED;485.0;483.0;485.0;15736.800003051758;16;1602;160218
2026;5;Viana do Castelo;Caminha;Gondar e Orbacém;LED;389.0;389.0;389.0;16353.0;16;1602;160223
2026;5;Viana do Castelo;Caminha;Gondar e Orbacém;Mercúrio;10.0;10.0;10.0;1140.0;16;1602;160223
2026;5;Viana do Castelo;Caminha;Gondar e Orbacém;Outros/Não definido;14.0;14.0;14.0;;16;1602;160223
2026;5;Viana do Castelo;Caminha;Moledo e Cristelo;Outros/Não definido;71.0;71.0;71.0;45.0;16;1602;160224
2026;5;Viana do Castelo;Caminha;Moledo e Cristelo;Sódio;232.0;228.0;232.0;20020.0;16;1602;160224
2026;5;Viana do Castelo;Caminha;Venade e Azevedo;Mercúrio;8.0;8.0;8.0;400.0;16;1602;160225
2026;5;Viana do Castelo;Melgaço;Alvaredo;LED;339.0;337.0;339.0;9280.0;16;1603;160301
2026;5;Viana do Castelo;Melgaço;Cousso;LED;163.0;163.0;163.0;5797.5;16;1603;160304
2026;5;Viana do Castelo;Melgaço;Cristoval;Sódio;73.0;71.0;73.0;4970.0;16;1603;160305
2026;5;Viana do Castelo;Melgaço;Paderne;Iodeto Metálico;92.0;92.0;92.0;6440.0;16;1603;160311
2026;5;Viana do Castelo;Melgaço;Paderne;LED;621.0;615.0;659.0;20382.5;16;1603;160311
2026;5;Viana do Castelo;Melgaço;Paderne;Mercúrio;1.0;1.0;1.0;50.0;16;1603;160311
2026;5;Viana do Castelo;Melgaço;Penso;Sódio;89.0;89.0;89.0;8460.0;16;1603;160313
2026;5;Viana do Castelo;Melgaço;São Paio;Outros/Não definido;25.0;25.0;25.0;;16;1603;160317
2026;5;Viana do Castelo;Melgaço;São Paio;Sódio;45.0;45.0;45.0;3110.0;16;1603;160317
2026;5;Viana do Castelo;Melgaço;Castro Laboreiro e Lamas de Mouro;Sódio;2.0;2.0;2.0;140.0;16;1603;160319
2026;5;Viana do Castelo;Melgaço;Parada do Monte e Cubalhão;Mercúrio;3.0;3.0;3.0;150.0;16;1603;160321
2026;5;Viana do Castelo;Melgaço;Vila e Roussas;Outros/Não definido;44.0;44.0;44.0;1026.0;16;1603;160323
2026;5;Viana do Castelo;Monção;Abedim;LED;163.0;163.0;163.0;7081.0;16;1604;160401
2026;5;Viana do Castelo;Monção;Abedim;Outros/Não definido;3.0;3.0;3.0;90.0;16;1604;160401
2026;5;Viana do Castelo;Monção;Barbeita;Outros/Não definido;27.0;27.0;27.0;765.0;16;1604;160404
2026;5;Viana do Castelo;Monção;Barbeita;Sódio;160.0;160.0;160.0;11980.0;16;1604;160404
2026;5;Viana do Castelo;Monção;Bela;Mercúrio;45.0;45.0;45.0;2250.0;16;1604;160406
2026;5;Viana do Castelo;Monção;Cambeses;Mercúrio;4.0;4.0;4.0;240.0;16;1604;160407
2026;5;Viana do Castelo;Monção;Cambeses;Outros/Não definido;1.0;1.0;1.0;45.0;16;1604;160407
2026;5;Viana do Castelo;Monção;Cambeses;Sódio;74.0;74.0;74.0;5180.0;16;1604;160407
2026;5;Viana do Castelo;Monção;Lara;LED;224.0;224.0;224.0;8856.400001525879;16;1604;160410
2026;5;Viana do Castelo;Monção;Lara;Sódio;8.0;8.0;8.0;540.0;16;1604;160410
2026;5;Viana do Castelo;Monção;Longos Vales;Outros/Não definido;40.0;40.0;40.0;405.0;16;1604;160411
2026;5;Viana do Castelo;Monção;Merufe;LED;551.0;551.0;551.0;18047.0;16;1604;160415
2026;5;Viana do Castelo;Monção;Merufe;Mercúrio;6.0;6.0;6.0;300.0;16;1604;160415
2026;5;Viana do Castelo;Monção;Moreira;Sódio;25.0;25.0;25.0;1810.0;16;1604;160418
2026;5;Viana do Castelo;Monção;Pinheiros;LED;161.0;161.0;161.0;5098.5;16;1604;160421
2026;5;Viana do Castelo;Monção;Pinheiros;Sódio;26.0;25.0;26.0;1710.0;16;1604;160421
2026;5;Viana do Castelo;Monção;Podame;LED;257.0;257.0;257.0;9678.0;16;1604;160422
2026;5;Viana do Castelo;Monção;Portela;Mercúrio;6.0;6.0;6.0;300.0;16;1604;160423
2026;5;Viana do Castelo;Monção;Portela;Outros/Não definido;12.0;12.0;12.0;135.0;16;1604;160423
2026;5;Viana do Castelo;Monção;Riba de Mouro;LED;251.0;251.0;251.0;9762.0;16;1604;160424
2026;5;Viana do Castelo;Monção;Riba de Mouro;Mercúrio;78.0;78.0;78.0;3930.0;16;1604;160424
2026;5;Viana do Castelo;Monção;Riba de Mouro;Outros/Não definido;18.0;17.0;17.0;270.0;16;1604;160424
2026;5;Viana do Castelo;Monção;Segude;LED;81.0;81.0;81.0;2999.0;16;1604;160427
2026;5;Viana do Castelo;Monção;Segude;Outros/Não definido;16.0;16.0;16.0;135.0;16;1604;160427
2026;5;Viana do Castelo;Monção;Tangil;Mercúrio;61.0;61.0;61.0;3070.0;16;1604;160428
2026;5;Viana do Castelo;Monção;Anhões e Luzio;LED;211.0;211.0;211.0;7373.0;16;1604;160434
2026;5;Viana do Castelo;Monção;Anhões e Luzio;Mercúrio;1.0;1.0;1.0;50.0;16;1604;160434
2026;5;Viana do Castelo;Monção;Ceivães e Badim;Mercúrio;64.0;64.0;64.0;3220.0;16;1604;160435
2026;5;Viana do Castelo;Monção;Ceivães e Badim;Sódio;190.0;184.0;190.0;14140.0;16;1604;160435
2026;5;Viana do Castelo;Monção;Mazedo e Cortes;Mercúrio;26.0;24.0;26.0;1825.0;16;1604;160436
2026;5;Viana do Castelo;Monção;Messegães, Valadares e Sá;LED;429.0;429.0;429.0;14292.0;16;1604;160437
2026;5;Viana do Castelo;Monção;Sago, Lordelo e Parada;Sódio;29.0;29.0;29.0;2030.0;16;1604;160439
2026;5;Viana do Castelo;Monção;Troporiz e Lapela;Mercúrio;2.0;2.0;2.0;100.0;16;1604;160440
2026;5;Viana do Castelo;Paredes de Coura;Castanheira;LED;357.0;357.0;357.0;16938.40000152588;16;1605;160503
2026;5;Viana do Castelo;Paredes de Coura;Castanheira;Sódio;79.0;74.0;79.0;9660.0;16;1605;160503
2026;5;Viana do Castelo;Paredes de Coura;Coura;Outros/Não definido;20.0;20.0;20.0;270.0;16;1605;160505
2026;5;Viana do Castelo;Paredes de Coura;Coura;Sódio;1.0;1.0;1.0;70.0;16;1605;160505
2026;5;Viana do Castelo;Paredes de Coura;Cunha;Iodeto Metálico;1.0;1.0;1.0;150.0;16;1605;160507
2026;5;Viana do Castelo;Paredes de Coura;Cunha;LED;261.0;261.0;261.0;12427.0;16;1605;160507
2026;5;Viana do Castelo;Paredes de Coura;Padornelo;LED;371.0;371.0;371.0;18051.0;16;1605;160514
2026;5;Viana do Castelo;Paredes de Coura;Padornelo;Sódio;1.0;1.0;1.0;70.0;16;1605;160514
2026;5;Viana do Castelo;Paredes de Coura;Parada;Outros/Não definido;7.0;7.0;7.0;180.0;16;1605;160515
2026;5;Viana do Castelo;Paredes de Coura;Cossourado e Linhares;Sódio;29.0;27.0;29.0;1970.0;16;1605;160523
2026;5;Viana do Castelo;Paredes de Coura;Formariz e Ferreira;Sódio;38.0;38.0;38.0;5700.0;16;1605;160524
2026;5;Viana do Castelo;Paredes de Coura;Insalde e Porreiras;LED;348.0;348.0;348.0;17297.0;16;1605;160525
2026;5;Viana do Castelo;Paredes de Coura;Insalde e Porreiras;Sódio;1.0;1.0;1.0;70.0;16;1605;160525
2026;5;Viana do Castelo;Paredes de Coura;Paredes de Coura e Resende;Iodeto Metálico;13.0;9.0;13.0;630.0;16;1605;160526
2026;5;Viana do Castelo;Paredes de Coura;Paredes de Coura e Resende;Sódio;116.0;115.0;116.0;11580.0;16;1605;160526
2026;5;Viana do Castelo;Ponte de Lima;São Pedro d'Arcos;LED;262.0;262.0;262.0;9084.800003051758;16;1607;160703
2026;5;Viana do Castelo;Ponte de Lima;São Pedro d'Arcos;Mercúrio;18.0;18.0;18.0;900.0;16;1607;160703
2026;5;Viana do Castelo;Ponte de Lima;São Pedro d'Arcos;Sódio;119.0;119.0;119.0;10400.0;16;1607;160703
2026;5;Viana do Castelo;Ponte de Lima;Arcozelo;Fluorescente;2.0;2.0;2.0;100.0;16;1607;160704
2026;5;Viana do Castelo;Ponte de Lima;Beiral do Lima;LED;221.0;221.0;221.0;7904.800003051758;16;1607;160707
2026;5;Viana do Castelo;Ponte de Lima;Bertiandos;Sódio;10.0;10.0;10.0;780.0;16;1607;160708
2026;5;Viana do Castelo;Ponte de Lima;Boalhosa;LED;36.0;36.0;36.0;4300.0;16;1607;160709
2026;5;Viana do Castelo;Ponte de Lima;Calvelo;Mercúrio;28.0;28.0;28.0;1460.0;16;1607;160714
2026;5;Viana do Castelo;Ponte de Lima;Estorãos;LED;172.0;172.0;178.0;5911.0;16;1607;160717
2026;5;Viana do Castelo;Ponte de Lima;Estorãos;Outros/Não definido;43.0;43.0;43.0;360.0;16;1607;160717
2026;5;Viana do Castelo;Ponte de Lima;Estorãos;Sódio;77.0;74.0;77.0;5390.0;16;1607;160717
2026;5;Viana do Castelo;Ponte de Lima;Facha;Mercúrio;4.0;4.0;4.0;200.0;16;1607;160718
2026;5;Viana do Castelo;Ponte de Lima;Fontão;LED;258.0;258.0;258.0;9953.0;16;1607;160721
2026;5;Viana do Castelo;Ponte de Lima;Friastelas;LED;75.0;74.0;74.0;2855.0;16;1607;160724
2026;5;Viana do Castelo;Ponte de Lima;Friastelas;Outros/Não definido;4.0;3.0;4.0;;16;1607;160724
2026;5;Viana do Castelo;Ponte de Lima;Gandra;LED;270.0;270.0;270.0;12744.400005340576;16;1607;160726
2026;5;Viana do Castelo;Ponte de Lima;Gandra;Outros/Não definido;9.0;9.0;9.0;;16;1607;160726
2026;5;Viana do Castelo;Valença;Fontoura;Mercúrio;1.0;1.0;1.0;50.0;16;1608;160805
2026;5;Viana do Castelo;Valença;Fontoura;Outros/Não definido;38.0;38.0;38.0;765.0;16;1608;160805
2026;5;Viana do Castelo;Valença;Gandra e Taião;LED;811.0;805.0;811.0;34576.40004348755;16;1608;160817
2026;5;Viana do Castelo;Valença;Gandra e Taião;Sódio;28.0;28.0;28.0;4300.0;16;1608;160817
2026;5;Viana do Castelo;Viana do Castelo;Anha;Mercúrio;3.0;3.0;3.0;150.0;16;1609;160904
2026;5;Viana do Castelo;Viana do Castelo;Castelo do Neiva;Sódio;304.0;298.0;304.0;21200.0;16;1609;160910
2026;5;Viana do Castelo;Viana do Castelo;São Romão de Neiva;Outros/Não definido;4.0;2.0;4.0;;16;1609;160923
2026;5;Viana do Castelo;Viana do Castelo;Santa Marta de Portuzelo;LED;565.0;565.0;565.0;20032.900047302246;16;1609;160928
2026;5;Viana do Castelo;Viana do Castelo;Santa Marta de Portuzelo;Outros/Não definido;37.0;37.0;37.0;3970.0;16;1609;160928
2026;5;Viana do Castelo;Viana do Castelo;Santa Marta de Portuzelo;Sódio;916.0;859.0;916.0;65940.0;16;1609;160928
2026;5;Viana do Castelo;Viana do Castelo;Vila de Punhe;Outros/Não definido;5.0;5.0;5.0;225.0;16;1609;160938
2026;5;Viana do Castelo;Viana do Castelo;Geraz do Lima (S. Maria, S. Leocádia, Moreira), Deão;LED;805.0;800.0;805.0;25575.000091552734;16;1609;160943
2026;5;Viana do Castelo;Vila Nova de Cerveira;Cornes;Outros/Não definido;28.0;28.0;28.0;;16;1610;161003
2026;5;Viana do Castelo;Vila Nova de Cerveira;Vila Nova de Cerveira e Lovelhe;Fluorescente;57.0;57.0;57.0;2850.0;16;1610;161019
2026;5;Viana do Castelo;Vila Nova de Cerveira;Vila Nova de Cerveira e Lovelhe;Iodeto Metálico;147.0;53.0;147.0;5300.0;16;1610;161019
2026;5;Viana do Castelo;Vila Nova de Cerveira;Vila Nova de Cerveira e Lovelhe;Mercúrio;3.0;3.0;3.0;150.0;16;1610;161019
2026;5;Vila Real;Boticas;Beça;LED;765.0;765.0;765.0;25655.0;17;1702;170203
2026;5;Vila Real;Boticas;Beça;Outros/Não definido;5.0;5.0;5.0;180.0;17;1702;170203
2026;5;Vila Real;Boticas;Boticas e Granja;Outros/Não definido;37.0;37.0;37.0;45.0;17;1702;170219
2026;5;Vila Real;Chaves;Santa Maria Maior;Iodeto Metálico;83.0;71.0;83.0;10100.0;17;1703;170350
2026;5;Vila Real;Chaves;Santa Maria Maior;LED;2665.0;2465.0;2665.0;109675.0000038147;17;1703;170350
2026;5;Vila Real;Chaves;Santa Maria Maior;Mercúrio;14.0;14.0;14.0;1165.0;17;1703;170350
2026;5;Vila Real;Chaves;Madalena e Samaiões;LED;1552.0;1516.0;1552.0;63210.20000076294;17;1703;170354
2026;5;Vila Real;Chaves;Santa Cruz/Trindade e Sanjurge;Iodeto Metálico;6.0;6.0;6.0;420.0;17;1703;170358
2026;5;Viana do Castelo;Ponte de Lima;Gemieira;LED;226.0;223.0;226.0;9894.500003814697;16;1607;160727
2026;5;Viana do Castelo;Ponte de Lima;Gemieira;Mercúrio;8.0;8.0;8.0;460.0;16;1607;160727
2026;5;Viana do Castelo;Ponte de Lima;Gondufe;Outros/Não definido;2.0;2.0;2.0;;16;1607;160728
2026;5;Viana do Castelo;Ponte de Lima;Gondufe;Sódio;68.0;68.0;68.0;4790.0;16;1607;160728
2026;5;Viana do Castelo;Ponte de Lima;Labruja;LED;199.0;199.0;199.0;7232.5;16;1607;160729
2026;5;Viana do Castelo;Ponte de Lima;Labruja;Mercúrio;22.0;22.0;22.0;1100.0;16;1607;160729
2026;5;Viana do Castelo;Ponte de Lima;Poiares;Sódio;113.0;113.0;113.0;8050.0;16;1607;160734
2026;5;Viana do Castelo;Ponte de Lima;Refóios do Lima;Mercúrio;27.0;27.0;27.0;1350.0;16;1607;160737
2026;5;Viana do Castelo;Ponte de Lima;Santa Comba;Sódio;26.0;26.0;26.0;1820.0;16;1607;160742
2026;5;Viana do Castelo;Ponte de Lima;Seara;LED;255.0;255.0;263.0;12037.10000038147;16;1607;160745
2026;5;Viana do Castelo;Ponte de Lima;Seara;Outros/Não definido;13.0;13.0;13.0;;16;1607;160745
2026;5;Viana do Castelo;Ponte de Lima;Serdedelo;LED;109.0;109.0;109.0;3894.0;16;1607;160746
2026;5;Viana do Castelo;Ponte de Lima;Serdedelo;Sódio;31.0;31.0;31.0;2270.0;16;1607;160746
2026;5;Viana do Castelo;Ponte de Lima;Vitorino das Donas;Mercúrio;36.0;36.0;36.0;2170.0;16;1607;160750
2026;5;Viana do Castelo;Ponte de Lima;Ardegão, Freixo e Mato;Outros/Não definido;36.0;36.0;36.0;990.0;16;1607;160753
2026;5;Viana do Castelo;Ponte de Lima;Ardegão, Freixo e Mato;Sódio;198.0;198.0;198.0;14340.0;16;1607;160753
2026;5;Viana do Castelo;Ponte de Lima;Associação de freguesias do Vale do Neiva;Iodeto Metálico;4.0;4.0;4.0;400.0;16;1607;160754
2026;5;Viana do Castelo;Ponte de Lima;Associação de freguesias do Vale do Neiva;LED;462.0;462.0;462.0;18178.0;16;1607;160754
2026;5;Viana do Castelo;Ponte de Lima;Associação de freguesias do Vale do Neiva;Mercúrio;36.0;36.0;36.0;2190.0;16;1607;160754
2026;5;Viana do Castelo;Ponte de Lima;Bárrio e Cepões;Iodeto Metálico;6.0;6.0;6.0;420.0;16;1607;160755
2026;5;Viana do Castelo;Ponte de Lima;Bárrio e Cepões;Mercúrio;33.0;32.0;33.0;1630.0;16;1607;160755
2026;5;Viana do Castelo;Ponte de Lima;Bárrio e Cepões;Outros/Não definido;160.0;160.0;160.0;1350.0;16;1607;160755
2026;5;Viana do Castelo;Ponte de Lima;Cabaços e Fojo Lobal;Mercúrio;42.0;42.0;42.0;2250.0;16;1607;160756
2026;5;Viana do Castelo;Ponte de Lima;Cabração e Moreira do Lima;LED;417.0;417.0;417.0;14494.0;16;1607;160757
2026;5;Viana do Castelo;Ponte de Lima;Fornelos e Queijada;LED;654.0;649.0;654.0;24397.10000228882;16;1607;160758
2026;5;Viana do Castelo;Ponte de Lima;Fornelos e Queijada;Outros/Não definido;60.0;60.0;60.0;810.0;16;1607;160758
2026;5;Viana do Castelo;Ponte de Lima;Labrujó, Rendufe e Vilar do Monte;Outros/Não definido;4.0;4.0;4.0;135.0;16;1607;160759
2026;5;Viana do Castelo;Ponte de Lima;Navió e Vitorino dos Piães;LED;795.0;795.0;795.0;30402.50001525879;16;1607;160760
2026;5;Viana do Castelo;Valença;Boivão;Sódio;5.0;5.0;5.0;430.0;16;1608;160802
2026;5;Viana do Castelo;Valença;Ganfei;LED;471.0;471.0;471.0;20227.60001373291;16;1608;160808
2026;5;Viana do Castelo;Valença;Ganfei;Mercúrio;3.0;3.0;3.0;150.0;16;1608;160808
2026;5;Viana do Castelo;Valença;Verdoejo;Outros/Não definido;24.0;24.0;24.0;405.0;16;1608;160816
2026;5;Viana do Castelo;Valença;Gondomil e Sanfins;Mercúrio;26.0;26.0;26.0;1300.0;16;1608;160818
2026;5;Viana do Castelo;Valença;Gondomil e Sanfins;Sódio;11.0;11.0;11.0;850.0;16;1608;160818
2026;5;Viana do Castelo;Valença;São Julião e Silva;LED;427.0;425.0;427.0;16283.400001525879;16;1608;160819
2026;5;Viana do Castelo;Viana do Castelo;Afife;LED;946.0;940.0;946.0;39169.70026397705;16;1609;160901
2026;5;Viana do Castelo;Viana do Castelo;Afife;Outros/Não definido;2.0;2.0;2.0;90.0;16;1609;160901
2026;5;Viana do Castelo;Viana do Castelo;Alvarães;LED;1122.0;1107.0;1122.0;44769.40018081665;16;1609;160902
2026;5;Viana do Castelo;Viana do Castelo;Alvarães;Mercúrio;1.0;1.0;1.0;50.0;16;1609;160902
2026;5;Viana do Castelo;Viana do Castelo;Amonde;LED;369.0;369.0;369.0;11835.0;16;1609;160903
2026;5;Viana do Castelo;Viana do Castelo;Amonde;Sódio;19.0;19.0;19.0;1490.0;16;1609;160903
2026;5;Viana do Castelo;Viana do Castelo;Areosa;Mercúrio;16.0;16.0;16.0;800.0;16;1609;160905
2026;5;Viana do Castelo;Viana do Castelo;Carreço;Sódio;180.0;167.0;180.0;15340.0;16;1609;160908
2026;5;Viana do Castelo;Viana do Castelo;Outeiro;Outros/Não definido;1.0;1.0;1.0;;16;1609;160925
2026;5;Viana do Castelo;Viana do Castelo;Outeiro;Sódio;49.0;49.0;49.0;3410.0;16;1609;160925
2026;5;Viana do Castelo;Viana do Castelo;Perre;LED;619.0;617.0;619.0;24791.99988937378;16;1609;160926
2026;5;Viana do Castelo;Viana do Castelo;Chafé;LED;544.0;544.0;544.0;20294.0;16;1609;160940
2026;5;Viana do Castelo;Viana do Castelo;Cardielos e Serreleis;Mercúrio;3.0;3.0;3.0;150.0;16;1609;160942
2026;5;Viana do Castelo;Viana do Castelo;Mazarefes e Vila Fria;Mercúrio;6.0;6.0;6.0;320.0;16;1609;160944
2026;5;Viana do Castelo;Viana do Castelo;Nogueira, Meixedo e Vilar de Murteda;Sódio;54.0;44.0;54.0;3320.0;16;1609;160945
2026;5;Viana do Castelo;Viana do Castelo;Subportela, Deocriste e Portela Susã;Sódio;223.0;192.0;223.0;14060.0;16;1609;160946
2026;5;Viana do Castelo;Viana do Castelo;Torre e Vila Mou;LED;486.0;486.0;486.0;15726.0;16;1609;160947
2026;5;Viana do Castelo;Viana do Castelo;Torre e Vila Mou;Sódio;92.0;89.0;92.0;6570.0;16;1609;160947
2026;5;Viana do Castelo;Vila Nova de Cerveira;Gondarém;Fluorescente;22.0;22.0;22.0;1100.0;16;1610;161006
2026;5;Viana do Castelo;Vila Nova de Cerveira;Mentrestido;Sódio;2.0;2.0;2.0;140.0;16;1610;161009
2026;5;Viana do Castelo;Vila Nova de Cerveira;Sopo;LED;282.0;282.0;282.0;8281.0;16;1610;161013
2026;5;Viana do Castelo;Vila Nova de Cerveira;Campos e Vila Meã;Iodeto Metálico;6.0;6.0;6.0;1200.0;16;1610;161016
2026;5;Viana do Castelo;Vila Nova de Cerveira;Campos e Vila Meã;Sódio;309.0;284.0;309.0;22310.0;16;1610;161016
2026;5;Viana do Castelo;Vila Nova de Cerveira;Reboreda e Nogueira;Mercúrio;16.0;16.0;16.0;800.0;16;1610;161018
2026;5;Viana do Castelo;Vila Nova de Cerveira;Reboreda e Nogueira;Sódio;62.0;62.0;62.0;5220.0;16;1610;161018
2026;5;Vila Real;Boticas;Pinho;LED;365.0;365.0;365.0;12598.0;17;1702;170213
2026;5;Vila Real;Boticas;Alturas do Barroso e Cerdedo;LED;511.0;511.0;511.0;16363.0;17;1702;170217
2026;5;Vila Real;Boticas;Alturas do Barroso e Cerdedo;Outros/Não definido;3.0;3.0;3.0;;17;1702;170217
2026;5;Vila Real;Boticas;Ardãos e Bobadela;LED;558.0;555.0;558.0;18034.0;17;1702;170218
2026;5;Vila Real;Boticas;Codessoso, Curros e Fiães do Tâmega;LED;343.0;343.0;343.0;11868.0;17;1702;170220
2026;5;Viana do Castelo;Ponte da Barca;Boivães;LED;190.0;190.0;190.0;5438.0;16;1606;160602
2026;5;Viana do Castelo;Ponte da Barca;Boivães;Outros/Não definido;3.0;3.0;3.0;135.0;16;1606;160602
2026;5;Viana do Castelo;Ponte da Barca;Bravães;Mercúrio;3.0;3.0;3.0;150.0;16;1606;160603
2026;5;Viana do Castelo;Ponte da Barca;Bravães;Outros/Não definido;5.0;5.0;5.0;180.0;16;1606;160603
2026;5;Viana do Castelo;Ponte da Barca;Britelo;LED;406.0;403.0;403.0;14388.0;16;1606;160604
2026;5;Viana do Castelo;Ponte da Barca;Britelo;Outros/Não definido;19.0;12.0;12.0;255.0;16;1606;160604
2026;5;Viana do Castelo;Ponte da Barca;Lindoso;LED;296.0;296.0;296.0;9676.0;16;1606;160612
2026;5;Viana do Castelo;Ponte da Barca;Nogueira;Outros/Não definido;3.0;3.0;3.0;45.0;16;1606;160613
2026;5;Viana do Castelo;Ponte da Barca;Oleiros;LED;276.0;276.0;276.0;12728.400001525879;16;1606;160614
2026;5;Viana do Castelo;Ponte da Barca;Oleiros;Sódio;58.0;52.0;58.0;5080.0;16;1606;160614
2026;5;Viana do Castelo;Ponte da Barca;Sampriz;LED;289.0;289.0;289.0;8751.000003814697;16;1606;160619
2026;5;Viana do Castelo;Ponte da Barca;Vade (São Pedro);Sódio;26.0;24.0;26.0;1680.0;16;1606;160623
2026;5;Viana do Castelo;Ponte da Barca;Vade (São Tomé);Sódio;37.0;37.0;37.0;2480.0;16;1606;160624
2026;5;Viana do Castelo;Ponte da Barca;Ponte da Barca, V. N. Muía, Paço Vedro Magalhães;Fluorescente;6.0;6.0;6.0;420.0;16;1606;160628
2026;5;Viana do Castelo;Ponte da Barca;Ponte da Barca, V. N. Muía, Paço Vedro Magalhães;LED;1579.0;1523.0;1613.0;72008.19998931885;16;1606;160628
2026;5;Viana do Castelo;Ponte da Barca;Ponte da Barca, V. N. Muía, Paço Vedro Magalhães;Mercúrio;23.0;24.0;24.0;1210.0;16;1606;160628
2026;5;Viana do Castelo;Ponte da Barca;Ponte da Barca, V. N. Muía, Paço Vedro Magalhães;Sódio;705.0;662.0;709.0;65555.0;16;1606;160628
2026;5;Viana do Castelo;Ponte da Barca;Touvedo (São Lourenço e Salvador);LED;219.0;219.0;219.0;7045.0;16;1606;160629
2026;5;Viana do Castelo;Ponte da Barca;Touvedo (São Lourenço e Salvador);Mercúrio;1.0;1.0;1.0;70.0;16;1606;160629
2026;5;Viana do Castelo;Ponte da Barca;Touvedo (São Lourenço e Salvador);Outros/Não definido;6.0;6.0;6.0;45.0;16;1606;160629
2026;5;Viana do Castelo;Ponte da Barca;Vila Chã (São João Baptista e Santiago);LED;294.0;294.0;294.0;9681.0;16;1606;160630
2026;5;Vila Real;Alijó;Favaios;Sódio;1.0;1.0;1.0;70.0;17;1701;170107
2026;5;Vila Real;Alijó;Pegarinhos;Outros/Não definido;9.0;9.0;9.0;90.0;17;1701;170108
2026;5;Vila Real;Alijó;Pinhão;Sódio;1.0;1.0;1.0;70.0;17;1701;170109
2026;5;Vila Real;Alijó;Sanfins do Douro;Outros/Não definido;18.0;18.0;18.0;;17;1701;170112
2026;5;Vila Real;Alijó;Sanfins do Douro;Sódio;53.0;51.0;53.0;3570.0;17;1701;170112
2026;5;Vila Real;Alijó;Vila Verde;Outros/Não definido;17.0;17.0;17.0;495.0;17;1701;170117
2026;5;Vila Real;Alijó;Vila Verde;Sódio;14.0;14.0;14.0;1540.0;17;1701;170117
2026;5;Vila Real;Alijó;Carlão e Amieiro;Outros/Não definido;11.0;11.0;11.0;;17;1701;170120
2026;5;Vila Real;Alijó;Carlão e Amieiro;Sódio;6.0;6.0;6.0;420.0;17;1701;170120
2026;5;Vila Real;Alijó;Vale Mendiz, Casal Loivos, Vilarinho Cotas;Mercúrio;2.0;2.0;2.0;100.0;17;1701;170123
2026;5;Vila Real;Boticas;Vilar e Viveiro;Outros/Não definido;1.0;1.0;1.0;45.0;17;1702;170221
2026;5;Vila Real;Chaves;Águas Frias;LED;488.0;488.0;488.0;19445.0;17;1703;170301
2026;5;Vila Real;Chaves;Bustelo;Outros/Não definido;3.0;3.0;3.0;45.0;17;1703;170305
2026;5;Vila Real;Chaves;Ervededo;LED;400.0;400.0;400.0;13802.0;17;1703;170312
2026;5;Vila Real;Chaves;Faiões;LED;468.0;468.0;468.0;19976.0;17;1703;170313
2026;5;Vila Real;Chaves;Faiões;Outros/Não definido;21.0;21.0;21.0;495.0;17;1703;170313
2026;5;Vila Real;Chaves;Lama de Arcos;LED;233.0;233.0;233.0;8381.0;17;1703;170314
2026;5;Vila Real;Chaves;Mairos;LED;100.0;100.0;100.0;3178.0;17;1703;170316
2026;5;Vila Real;Chaves;Moreiras;LED;198.0;198.0;198.0;6835.0;17;1703;170317
2026;5;Vila Real;Chaves;Sanfins;Outros/Não definido;2.0;2.0;2.0;90.0;17;1703;170327
2026;5;Vila Real;Chaves;Sanfins;Sódio;3.0;3.0;3.0;210.0;17;1703;170327
2026;5;Vila Real;Chaves;Santa Leocádia;Outros/Não definido;2.0;2.0;2.0;;17;1703;170329
2026;5;Vila Real;Chaves;Santo António de Monforte;Mercúrio;1.0;1.0;1.0;80.0;17;1703;170330
2026;5;Vila Real;Chaves;Santo Estêvão;LED;417.0;413.0;417.0;17113.0;17;1703;170331
2026;5;Vila Real;Chaves;Santo Estêvão;Outros/Não definido;14.0;14.0;14.0;180.0;17;1703;170331
2026;5;Vila Real;Chaves;Santo Estêvão;Sódio;17.0;15.0;17.0;1450.0;17;1703;170331
2026;5;Vila Real;Chaves;São Pedro de Agostém;Mercúrio;10.0;10.0;10.0;800.0;17;1703;170333
2026;5;Vila Real;Chaves;São Pedro de Agostém;Outros/Não definido;13.0;13.0;13.0;225.0;17;1703;170333
2026;5;Vila Real;Chaves;Tronco;LED;197.0;195.0;197.0;6221.200000762939;17;1703;170340
2026;5;Vila Real;Chaves;Tronco;Sódio;4.0;4.0;4.0;280.0;17;1703;170340
2026;5;Vila Real;Chaves;Vale de Anta;Iodeto Metálico;95.0;95.0;95.0;6650.0;17;1703;170341
2026;5;Vila Real;Chaves;Vale de Anta;LED;717.0;705.0;717.0;25966.0;17;1703;170341
2026;5;Vila Real;Chaves;Vilarelho da Raia;Sódio;5.0;5.0;5.0;350.0;17;1703;170345
2026;5;Vila Real;Chaves;Vilas Boas;LED;137.0;137.0;137.0;5307.0;17;1703;170347
2026;5;Vila Real;Chaves;Vilela Seca;Outros/Não definido;1.0;1.0;1.0;;17;1703;170348
2026;5;Vila Real;Chaves;Vilela Seca;Sódio;135.0;135.0;135.0;9450.0;17;1703;170348
2026;5;Vila Real;Chaves;Vilela do Tâmega;Outros/Não definido;2.0;2.0;2.0;;17;1703;170349
2026;5;Vila Real;Chaves;Planalto de Monforte (Oucidres e Bobadela);Sódio;6.0;6.0;6.0;480.0;17;1703;170353
2026;5;Vila Real;Chaves;Eiras, São Julião de Montenegro e Cela;Outros/Não definido;5.0;5.0;5.0;;17;1703;170355
2026;5;Vila Real;Chaves;Loivos e Póvoa de Agrações;Outros/Não definido;4.0;4.0;4.0;180.0;17;1703;170357
2026;5;Vila Real;Chaves;Soutelo e Seara Velha;LED;339.0;339.0;339.0;11385.0;17;1703;170359
2026;5;Vila Real;Montalegre;Montalegre e Padroso;Sódio;10.0;6.0;10.0;580.0;17;1706;170638
2026;5;Vila Real;Murça;Murça;LED;1245.0;1203.0;1245.0;75566.20000839233;17;1707;170705
2026;5;Vila Real;Peso da Régua;Poiares e Canelas;LED;832.0;832.0;832.0;29899.0;17;1708;170816
2026;5;Vila Real;Peso da Régua;Poiares e Canelas;Outros/Não definido;56.0;56.0;56.0;830.0;17;1708;170816
2026;5;Vila Real;Sabrosa;Celeirós;LED;91.0;91.0;91.0;3590.0;17;1710;171001
2026;5;Vila Real;Vila Pouca de Aguiar;Vila Pouca de Aguiar;LED;1518.0;1499.0;1513.0;75913.80001068115;17;1713;171314
2026;5;Vila Real;Vila Pouca de Aguiar;Sabroso de Aguiar;Outros/Não definido;8.0;8.0;8.0;180.0;17;1713;171317
2026;5;Vila Real;Vila Real;Folhadela;Mercúrio;15.0;4.0;15.0;310.0;17;1714;171409
2026;5;Vila Real;Vila Real;Lordelo;LED;727.0;725.0;725.0;38845.90009689331;17;1714;171414
2026;5;Vila Real;Vila Real;Lordelo;Sódio;252.0;228.0;252.0;17590.0;17;1714;171414
2026;5;Vila Real;Vila Real;Vila Real;Fluorescente;10.0;10.0;10.0;564.0;17;1714;171438
2026;5;Vila Real;Vila Real;Vila Real;Outros/Não definido;418.0;418.0;418.0;280.0;17;1714;171438
2026;5;Viseu;Castro daire;Castro Daire;Sódio;11.0;11.0;11.0;770.0;18;1803;180304
2026;5;Viseu;Lamego;Várzea de Abrunhais;Outros/Não definido;8.0;8.0;8.0;45.0;18;1805;180523
2026;5;Vila Real;Chaves;Vidago, Arcossó, Selhariz, Vilarinho Paranheiras;Sódio;59.0;57.0;59.0;5120.0;17;1703;170361
2026;5;Vila Real;Mesão Frio;Cidadelhe;Outros/Não definido;7.0;7.0;7.0;;17;1704;170402
2026;5;Vila Real;Mesão Frio;Oliveira;LED;229.0;229.0;229.0;7053.0;17;1704;170403
2026;5;Vila Real;Mesão Frio;Mesão Frio (Santo André);Outros/Não definido;19.0;19.0;19.0;202.0;17;1704;170408
2026;5;Vila Real;Montalegre;Chã;LED;754.0;754.0;754.0;23245.0;17;1706;170604
2026;5;Vila Real;Montalegre;Chã;Outros/Não definido;7.0;7.0;7.0;80.0;17;1706;170604
2026;5;Vila Real;Montalegre;Covelo do Gerês;LED;80.0;80.0;80.0;2394.0;17;1706;170607
2026;5;Vila Real;Montalegre;Covelo do Gerês;Outros/Não definido;13.0;13.0;13.0;90.0;17;1706;170607
2026;5;Vila Real;Montalegre;Ferral;LED;486.0;486.0;486.0;13145.800003051758;17;1706;170609
2026;5;Vila Real;Montalegre;Gralhas;LED;195.0;195.0;195.0;6023.0;17;1706;170612
2026;5;Vila Real;Montalegre;Pitões das Junias;LED;211.0;210.0;211.0;6430.0;17;1706;170623
2026;5;Vila Real;Montalegre;Pitões das Junias;Outros/Não definido;4.0;4.0;4.0;;17;1706;170623
2026;5;Vila Real;Montalegre;Reigoso;LED;199.0;198.0;198.0;5251.0;17;1706;170625
2026;5;Vila Real;Montalegre;Reigoso;Sódio;1.0;;;100.0;17;1706;170625
2026;5;Vila Real;Montalegre;Solveira;LED;218.0;218.0;218.0;6754.0;17;1706;170631
2026;5;Vila Real;Montalegre;Tourém;LED;142.0;142.0;142.0;6394.0;17;1706;170632
2026;5;Vila Real;Montalegre;Paradela, Contim e Fiães;LED;365.0;279.0;279.0;10940.0;17;1706;170639
2026;5;Vila Real;Montalegre;Sezelhe e Covelães;LED;344.0;344.0;344.0;11876.0;17;1706;170640
2026;5;Vila Real;Montalegre;Venda Nova e Pondras;Sódio;4.0;4.0;4.0;400.0;17;1706;170641
2026;5;Vila Real;Murça;Candedo;Outros/Não definido;12.0;12.0;12.0;45.0;17;1707;170701
2026;5;Vila Real;Murça;Jou;LED;577.0;577.0;577.0;13041.0;17;1707;170704
2026;5;Vila Real;Murça;Jou;Sódio;22.0;22.0;22.0;1620.0;17;1707;170704
2026;5;Vila Real;Murça;Valongo de Milhais;LED;289.0;289.0;289.0;8058.39999961853;17;1707;170708
2026;5;Vila Real;Murça;Carva e Vilares;Outros/Não definido;11.0;11.0;11.0;45.0;17;1707;170710
2026;5;Vila Real;Murça;Noura e Palheiros;Outros/Não definido;4.0;4.0;4.0;180.0;17;1707;170711
2026;5;Vila Real;Peso da Régua;Fontelas;LED;332.0;332.0;332.0;8783.0;17;1708;170802
2026;5;Vila Real;Peso da Régua;Fontelas;Outros/Não definido;4.0;2.0;2.0;148.0;17;1708;170802
2026;5;Vila Real;Peso da Régua;Loureiro;Sódio;111.0;110.0;111.0;7760.0;17;1708;170805
2026;5;Vila Real;Peso da Régua;Sedielos;Sódio;5.0;5.0;5.0;350.0;17;1708;170809
2026;5;Vila Real;Peso da Régua;Vilarinho dos Freires;Sódio;29.0;10.0;14.0;2290.0;17;1708;170810
2026;5;Vila Real;Peso da Régua;Galafura e Covelinhas;LED;569.0;566.0;569.0;21117.0;17;1708;170813
2026;5;Vila Real;Peso da Régua;Moura Morta e Vinhós;Outros/Não definido;18.0;18.0;18.0;225.0;17;1708;170814
2026;5;Vila Real;Peso da Régua;Peso da Régua e Godim;Iodeto Metálico;27.0;27.0;27.0;2220.0;17;1708;170815
2026;5;Vila Real;Peso da Régua;Peso da Régua e Godim;Outros/Não definido;391.0;390.0;391.0;1805.0;17;1708;170815
2026;5;Vila Real;Sabrosa;Covas do Douro;Sódio;52.0;52.0;52.0;3730.0;17;1710;171002
2026;5;Vila Real;Sabrosa;Gouvinhas;Sódio;3.0;3.0;3.0;210.0;17;1710;171004
2026;5;Vila Real;Sabrosa;Parada de Pinhão;Outros/Não definido;20.0;20.0;20.0;135.0;17;1710;171005
2026;5;Vila Real;Sabrosa;Paços;Outros/Não definido;25.0;25.0;25.0;;17;1710;171007
2026;5;Vila Real;Sabrosa;Sabrosa;LED;580.0;570.0;580.0;26100.0;17;1710;171009
2026;5;Vila Real;Sabrosa;Sabrosa;Mercúrio;2.0;2.0;2.0;160.0;17;1710;171009
2026;5;Vila Real;Sabrosa;Provesende, Gouvães Douro, S. Cristóvão Douro;Sódio;118.0;118.0;118.0;9010.0;17;1710;171016
2026;5;Vila Real;Sabrosa;São Martinho de Antas e Paradela de Guiães;Outros/Não definido;40.0;40.0;40.0;260.0;17;1710;171017
2026;5;Vila Real;Santa Marta de Penaguião;Alvações do Corgo;LED;274.0;274.0;274.0;10257.0;17;1711;171101
2026;5;Vila Real;Santa Marta de Penaguião;Cumieira;LED;563.0;563.0;563.0;18777.0;17;1711;171102
2026;5;Vila Real;Santa Marta de Penaguião;Cumieira;Outros/Não definido;9.0;9.0;9.0;135.0;17;1711;171102
2026;5;Vila Real;Santa Marta de Penaguião;Cumieira;Sódio;2.0;2.0;2.0;140.0;17;1711;171102
2026;5;Vila Real;Santa Marta de Penaguião;Sever;Sódio;11.0;11.0;11.0;950.0;17;1711;171110
2026;5;Vila Real;Vila Pouca de Aguiar;Alfarela de Jales;Outros/Não definido;6.0;6.0;6.0;;17;1713;171302
2026;5;Vila Real;Vila Pouca de Aguiar;Capeludos;Outros/Não definido;2.0;2.0;2.0;;17;1713;171305
2026;5;Vila Real;Vila Pouca de Aguiar;Capeludos;Sódio;1.0;1.0;1.0;70.0;17;1713;171305
2026;5;Vila Real;Vila Pouca de Aguiar;Soutelo de Aguiar;LED;521.0;521.0;521.0;17687.800003051758;17;1713;171310
2026;5;Vila Real;Vila Pouca de Aguiar;Soutelo de Aguiar;Sódio;3.0;1.0;3.0;70.0;17;1713;171310
2026;5;Vila Real;Vila Pouca de Aguiar;Telões;Sódio;84.0;84.0;84.0;5880.0;17;1713;171311
2026;5;Vila Real;Vila Pouca de Aguiar;Valoura;LED;276.0;276.0;276.0;9973.0;17;1713;171313
2026;5;Vila Real;Vila Pouca de Aguiar;Valoura;Outros/Não definido;23.0;23.0;23.0;145.0;17;1713;171313
2026;5;Vila Real;Vila Pouca de Aguiar;Valoura;Sódio;4.0;;;400.0;17;1713;171313
2026;5;Vila Real;Vila Pouca de Aguiar;Alvão;LED;995.0;995.0;995.0;39639.0;17;1713;171319
2026;5;Vila Real;Vila Pouca de Aguiar;Alvão;Sódio;6.0;6.0;6.0;420.0;17;1713;171319
2026;5;Vila Real;Vila Real;Abaças;Outros/Não definido;26.0;26.0;26.0;225.0;17;1714;171401
2026;5;Vila Real;Vila Real;Andrães;LED;315.0;315.0;315.0;18390.0;17;1714;171403
2026;5;Vila Real;Vila Real;Arroios;Sódio;287.0;287.0;287.0;20730.0;17;1714;171404
2026;5;Vila Real;Vila Real;Campeã;Sódio;136.0;136.0;136.0;10110.0;17;1714;171406
2026;5;Vila Real;Vila Real;Mateus;Outros/Não definido;202.0;202.0;202.0;3886.0;17;1714;171415
2026;5;Vila Real;Vila Real;Parada de Cunhos;LED;584.0;572.0;584.0;21463.0;17;1714;171420
2026;5;Vila Real;Vila Real;Adoufe e Vilarinho de Samardã;LED;407.0;407.0;407.0;16701.40000152588;17;1714;171431
2026;5;Vila Real;Vila Real;Adoufe e Vilarinho de Samardã;Sódio;50.0;50.0;50.0;3750.0;17;1714;171431
2026;5;Vila Real;Vila Real;Borbela e Lamas de Olo;Outros/Não definido;702.0;702.0;702.0;209.0;17;1714;171432
2026;5;Vila Real;Vila Real;Borbela e Lamas de Olo;Sódio;116.0;114.0;116.0;9500.0;17;1714;171432
2026;5;Vila Real;Vila Real;Constantim e Vale de Nogueiras;LED;687.0;686.0;687.0;53863.0;17;1714;171433
2026;5;Vila Real;Vila Real;Constantim e Vale de Nogueiras;Outros/Não definido;31.0;31.0;31.0;315.0;17;1714;171433
2026;5;Vila Real;Vila Real;Nogueira e Ermida;Outros/Não definido;12.0;12.0;12.0;240.0;17;1714;171435
2026;5;Vila Real;Vila Real;Nogueira e Ermida;Sódio;327.0;327.0;327.0;22890.0;17;1714;171435
2026;5;Vila Real;Vila Real;Pena, Quintã e Vila Cova;LED;150.0;150.0;150.0;4664.0;17;1714;171436
2026;5;Vila Real;Vila Real;São Tomé do Castelo e Justes;Iodeto Metálico;35.0;35.0;35.0;2450.0;17;1714;171437
2026;5;Viseu;Armamar;Aldeias;LED;276.0;276.0;276.0;8176.400001525879;18;1801;180101
2026;5;Viseu;Armamar;Cimbres;Mercúrio;9.0;9.0;9.0;720.0;18;1801;180104
2026;5;Vila Real;Mondim de Basto;Atei;LED;754.0;754.0;754.0;27182.0;17;1705;170501
2026;5;Vila Real;Mondim de Basto;Atei;Mercúrio;1.0;1.0;1.0;50.0;17;1705;170501
2026;5;Vila Real;Mondim de Basto;Atei;Outros/Não definido;3.0;3.0;3.0;;17;1705;170501
2026;5;Vila Real;Mondim de Basto;Bilhó;Outros/Não definido;5.0;5.0;5.0;225.0;17;1705;170502
2026;5;Vila Real;Mondim de Basto;São Cristóvão de Mondim de Basto;Mercúrio;1.0;1.0;1.0;80.0;17;1705;170505
2026;5;Vila Real;Mondim de Basto;São Cristóvão de Mondim de Basto;Sódio;2.0;2.0;2.0;140.0;17;1705;170505
2026;5;Vila Real;Mondim de Basto;Vilar de Ferreiros;LED;537.0;537.0;537.0;19698.0;17;1705;170508
2026;5;Vila Real;Mondim de Basto;Vilar de Ferreiros;Outros/Não definido;6.0;6.0;6.0;180.0;17;1705;170508
2026;5;Vila Real;Mondim de Basto;Campanhó e Paradança;LED;515.0;513.0;515.0;18589.0;17;1705;170509
2026;5;Vila Real;Ribeira de Pena;Alvadia;LED;215.0;215.0;215.0;8543.0;17;1709;170901
2026;5;Vila Real;Ribeira de Pena;Canedo;LED;405.0;405.0;405.0;13482.0;17;1709;170902
2026;5;Vila Real;Ribeira de Pena;Cerva e Limões;Mercúrio;6.0;6.0;6.0;480.0;17;1709;170908
2026;5;Vila Real;Ribeira de Pena;Cerva e Limões;Sódio;237.0;232.0;237.0;24680.0;17;1709;170908
2026;5;Vila Real;Ribeira de Pena;Salvador e Santo Aleixo de Além-Tâmega;Mercúrio;6.0;6.0;6.0;440.0;17;1709;170909
2026;5;Vila Real;Ribeira de Pena;Salvador e Santo Aleixo de Além-Tâmega;Outros/Não definido;80.0;80.0;80.0;585.0;17;1709;170909
2026;5;Vila Real;Valpaços;Algeriz;LED;456.0;454.0;454.0;12414.400001525879;17;1712;171203
2026;5;Vila Real;Valpaços;Ervões;LED;520.0;518.0;520.0;11953.79999923706;17;1712;171209
2026;5;Vila Real;Valpaços;Friões;LED;697.0;692.0;696.0;24616.20000076294;17;1712;171212
2026;5;Vila Real;Valpaços;Friões;Outros/Não definido;1.0;1.0;1.0;25.0;17;1712;171212
2026;5;Vila Real;Valpaços;Possacos;Outros/Não definido;6.0;6.0;6.0;225.0;17;1712;171216
2026;5;Vila Real;Valpaços;Rio Torto;LED;452.0;450.0;452.0;13356.0;17;1712;171217
2026;5;Vila Real;Valpaços;Santa Maria de Emeres;Sódio;1.0;1.0;1.0;70.0;17;1712;171219
2026;5;Vila Real;Valpaços;Santa Valha;LED;340.0;338.0;340.0;8245.0;17;1712;171220
2026;5;Vila Real;Valpaços;Santiago da Ribeira de Alhariz;Indução;12.0;12.0;12.0;840.0;17;1712;171221
2026;5;Vila Real;Valpaços;Santiago da Ribeira de Alhariz;Mercúrio;7.0;7.0;7.0;560.0;17;1712;171221
2026;5;Vila Real;Valpaços;Santiago da Ribeira de Alhariz;Sódio;21.0;17.0;21.0;1310.0;17;1712;171221
2026;5;Vila Real;Valpaços;São Pedro de Veiga de Lila;Outros/Não definido;2.0;2.0;2.0;;17;1712;171223
2026;5;Vila Real;Valpaços;Vales;LED;211.0;211.0;211.0;4760.0;17;1712;171227
2026;5;Vila Real;Valpaços;Vassal;Indução;2.0;2.0;2.0;140.0;17;1712;171229
2026;5;Vila Real;Valpaços;Vassal;LED;367.0;363.0;363.0;16396.0;17;1712;171229
2026;5;Vila Real;Valpaços;Vassal;Sódio;11.0;11.0;11.0;770.0;17;1712;171229
2026;5;Vila Real;Valpaços;Veiga de Lila;Outros/Não definido;4.0;4.0;4.0;;17;1712;171230
2026;5;Vila Real;Valpaços;Vilarandelo;LED;663.0;632.0;663.0;21523.70000076294;17;1712;171231
2026;5;Vila Real;Valpaços;Vilarandelo;Outros/Não definido;36.0;36.0;36.0;;17;1712;171231
2026;5;Vila Real;Valpaços;Carrazedo de Montenegro e Curros;Iodeto Metálico;7.0;5.0;7.0;500.0;17;1712;171232
2026;5;Vila Real;Valpaços;Carrazedo de Montenegro e Curros;LED;1275.0;1213.0;1275.0;46463.0000038147;17;1712;171232
2026;5;Vila Real;Valpaços;Carrazedo de Montenegro e Curros;Mercúrio;8.0;8.0;8.0;640.0;17;1712;171232
2026;5;Vila Real;Valpaços;Carrazedo de Montenegro e Curros;Sódio;126.0;126.0;126.0;12830.0;17;1712;171232
2026;5;Vila Real;Valpaços;Lebução, Fiães e Nozelos;Outros/Não definido;13.0;13.0;13.0;265.0;17;1712;171233
2026;5;Vila Real;Valpaços;Tinhela e Alvarelhos;LED;377.0;377.0;377.0;8928.0;17;1712;171235
2026;5;Vila Real;Valpaços;Valpaços e Sanfins;LED;1536.0;1497.0;1536.0;65393.100006103516;17;1712;171236
2026;5;Vila Real;Valpaços;Valpaços e Sanfins;Outros/Não definido;185.0;185.0;185.0;1695.0;17;1712;171236
2026;5;Vila Real;Valpaços;Valpaços e Sanfins;Sódio;1041.0;919.0;1041.0;108540.0;17;1712;171236
2026;5;Viseu;Armamar;Queimadela;LED;156.0;155.0;156.0;6100.0;18;1801;180110
2026;5;Viseu;Armamar;Santa Cruz;Fluorescente;1.0;1.0;1.0;70.0;18;1801;180111
2026;5;Viseu;Armamar;Santa Cruz;LED;187.0;187.0;187.0;4426.0;18;1801;180111
2026;5;Viseu;Armamar;São Cosmado;Mercúrio;1.0;1.0;1.0;80.0;18;1801;180114
2026;5;Viseu;Armamar;São Cosmado;Outros/Não definido;8.0;8.0;8.0;45.0;18;1801;180114
2026;5;Viseu;Armamar;São Cosmado;Sódio;21.0;21.0;21.0;2450.0;18;1801;180114
2026;5;Viseu;Armamar;São Martinho das Chãs;Outros/Não definido;21.0;21.0;21.0;;18;1801;180115
2026;5;Viseu;Armamar;Vacalar;LED;144.0;144.0;144.0;4479.0;18;1801;180118
2026;5;Viseu;Armamar;São Romão e Santiago;LED;278.0;278.0;278.0;7923.0;18;1801;180122
2026;5;Viseu;Armamar;São Romão e Santiago;Outros/Não definido;6.0;6.0;6.0;225.0;18;1801;180122
2026;5;Viseu;Armamar;Vila Seca e Santo Adrião;Sódio;4.0;4.0;4.0;280.0;18;1801;180123
2026;5;Viseu;Castro daire;Almofala;LED;171.0;168.0;171.0;6057.0;18;1803;180301
2026;5;Viseu;Castro daire;Pepim;LED;308.0;308.0;308.0;11115.0;18;1803;180317
2026;5;Viseu;Castro daire;São Joaninho;Outros/Não definido;5.0;5.0;5.0;90.0;18;1803;180322
2026;5;Viseu;Castro daire;Mamouros, Alva e Ribolhos;Outros/Não definido;15.0;1.0;1.0;;18;1803;180323
2026;5;Viseu;Castro daire;Parada de Ester e Ester;LED;796.0;796.0;796.0;28666.0;18;1803;180325
2026;5;Viseu;Castro daire;Picão e Ermida;LED;440.0;440.0;440.0;15564.0;18;1803;180326
2026;5;Viseu;Castro daire;Picão e Ermida;Outros/Não definido;1.0;1.0;1.0;45.0;18;1803;180326
2026;5;Viseu;Lamego;Avões;Sódio;10.0;10.0;14.0;560.0;18;1805;180502
2026;5;Viseu;Lamego;Ferreirim;LED;676.0;676.0;676.0;25606.0;18;1805;180507
2026;5;Viseu;Lamego;Ferreirim;Outros/Não definido;42.0;42.0;42.0;1325.0;18;1805;180507
2026;5;Viseu;Lamego;Ferreirim;Sódio;4.0;4.0;4.0;280.0;18;1805;180507
2026;5;Viseu;Lamego;Lalim;Outros/Não definido;37.0;37.0;37.0;794.0;18;1805;180510
2026;5;Viseu;Lamego;Penajóia;LED;660.0;660.0;660.0;21176.0;18;1805;180516
2026;5;Viseu;Lamego;Penajóia;Outros/Não definido;20.0;20.0;20.0;315.0;18;1805;180516
2026;5;Viseu;Lamego;Penude;LED;696.0;694.0;696.0;22896.0;18;1805;180517
2026;5;Viseu;Lamego;Penude;Sódio;9.0;9.0;9.0;630.0;18;1805;180517
2026;5;Viseu;Lamego;Samodães;LED;196.0;196.0;196.0;4782.0;18;1805;180519
2026;5;Viseu;Lamego;Vila Nova de Souto d'El-Rei;Outros/Não definido;1.0;1.0;1.0;;18;1805;180524
2026;5;Viseu;Lamego;Vila Nova de Souto d'El-Rei;Sódio;1.0;1.0;1.0;70.0;18;1805;180524
2026;5;Viseu;Mangualde;Santiago de Cassurrães e Póvoa de Cervães;Outros/Não definido;19.0;5.0;5.0;;18;1806;180621
2026;5;Viseu;Moimenta da Beira;Arcozelos;LED;483.0;483.0;483.0;19008.0;18;1807;180703
2026;5;Viseu;Moimenta da Beira;Moimenta da Beira;LED;1149.0;1104.0;1149.0;42739.999992370605;18;1807;180710
2026;5;Viseu;Moimenta da Beira;Moimenta da Beira;Outros/Não definido;13.0;13.0;13.0;135.0;18;1807;180710
2026;5;Viseu;Nelas;Canas de Senhorim;Mercúrio;5.0;5.0;5.0;310.0;18;1809;180901
2026;5;Viseu;Nelas;Canas de Senhorim;Sódio;137.0;136.0;136.0;10740.0;18;1809;180901
2026;5;Viseu;Nelas;Nelas;LED;2028.0;1776.0;2036.0;79107.70001983643;18;1809;180903
2026;5;Viseu;Resende;Resende;LED;1278.0;1253.0;1278.0;48865.40000152588;18;1813;181311
2026;5;Viseu;Santa Comba Dão;Santa Comba Dão e Couto do Mosteiro;LED;1702.0;1634.0;1700.0;69273.69998931885;18;1814;181411
2026;5;Viseu;Santa Comba Dão;Santa Comba Dão e Couto do Mosteiro;Mercúrio;17.0;17.0;17.0;880.0;18;1814;181411
2026;5;Viseu;São Pedro do Sul;Bordonhos;LED;515.0;515.0;515.0;16471.800003051758;18;1816;181602
2026;5;Viseu;São Pedro do Sul;Bordonhos;Outros/Não definido;6.0;6.0;6.0;225.0;18;1816;181602
2026;5;Viseu;São Pedro do Sul;São Pedro do Sul, Várzea e Baiões;LED;2914.0;2845.0;2916.0;118886.60000610352;18;1816;181623
2026;5;Viseu;São Pedro do Sul;São Pedro do Sul, Várzea e Baiões;Outros/Não definido;57.0;45.0;59.0;1250.0;18;1816;181623
2026;5;Viseu;São Pedro do Sul;São Pedro do Sul, Várzea e Baiões;Sódio;554.0;513.0;554.0;45480.0;18;1816;181623
2026;5;Viseu;Sátão;Sátão;Sódio;1.0;1.0;1.0;70.0;18;1817;181710
2026;5;Viseu;Sátão;Silvã de Cima;LED;322.0;320.0;322.0;11851.0;18;1817;181711
2026;5;Viseu;Sátão;Silvã de Cima;Outros/Não definido;6.0;;;;18;1817;181711
2026;5;Viseu;Lamego;Bigorne, Magueija e Pretarouca;LED;542.0;541.0;541.0;19826.000164031982;18;1805;180526
2026;5;Viseu;Lamego;Bigorne, Magueija e Pretarouca;Outros/Não definido;3.0;2.0;2.0;;18;1805;180526
2026;5;Viseu;Lamego;Cepões, Meijinhos e Melcões;Outros/Não definido;39.0;39.0;39.0;630.0;18;1805;180527
2026;5;Viseu;Lamego;Parada do Bispo e Valdigem;LED;604.0;604.0;604.0;19654.0;18;1805;180528
2026;5;Viseu;Mangualde;Abrunhosa-a-Velha;LED;432.0;432.0;432.0;15193.200004577637;18;1806;180601
2026;5;Viseu;Mangualde;Abrunhosa-a-Velha;Mercúrio;2.0;2.0;2.0;100.0;18;1806;180601
2026;5;Viseu;Mangualde;Abrunhosa-a-Velha;Outros/Não definido;17.0;17.0;17.0;270.0;18;1806;180601
2026;5;Viseu;Mangualde;Abrunhosa-a-Velha;Sódio;21.0;20.0;21.0;1400.0;18;1806;180601
2026;5;Viseu;Mangualde;Alcafache;LED;488.0;488.0;488.0;14217.699970245361;18;1806;180602
2026;5;Viseu;Mangualde;Alcafache;Outros/Não definido;17.0;;;;18;1806;180602
2026;5;Viseu;Mangualde;Cunha Baixa;LED;510.0;508.0;510.0;12408.5;18;1806;180605
2026;5;Viseu;Mangualde;Espinho;LED;687.0;687.0;687.0;19612.0;18;1806;180606
2026;5;Viseu;Mangualde;Espinho;Sódio;301.0;301.0;301.0;21330.0;18;1806;180606
2026;5;Viseu;Mangualde;Fornos de Maceira Dão;Outros/Não definido;39.0;36.0;36.0;405.0;18;1806;180607
2026;5;Viseu;Mangualde;Freixiosa;LED;248.0;240.0;240.0;8151.0;18;1806;180608
2026;5;Viseu;Mangualde;Freixiosa;Mercúrio;1.0;1.0;1.0;50.0;18;1806;180608
2026;5;Viseu;Mangualde;Freixiosa;Outros/Não definido;2.0;;;;18;1806;180608
2026;5;Viseu;Mangualde;Quintela de Azurara;Sódio;26.0;26.0;26.0;1850.0;18;1806;180614
2026;5;Viseu;Mangualde;São João da Fresta;Sódio;30.0;30.0;30.0;2100.0;18;1806;180616
2026;5;Viseu;Mangualde;Mangualde, Mesquitela e Cunha Alta;LED;3832.0;3601.0;3850.0;140818.50032806396;18;1806;180619
2026;5;Viseu;Mangualde;Moimenta de Maceira Dão e Lobelhe do Mato;Sódio;198.0;198.0;198.0;14730.0;18;1806;180620
2026;5;Viseu;Mangualde;Tavares (Chãs, Várzea e Travanca);Sódio;641.0;629.0;641.0;44030.0;18;1806;180622
2026;5;Viseu;Moimenta da Beira;Baldos;Outros/Não definido;1.0;1.0;1.0;;18;1807;180705
2026;5;Viseu;Moimenta da Beira;Cabaços;Outros/Não definido;6.0;6.0;6.0;45.0;18;1807;180706
2026;5;Viseu;Moimenta da Beira;Cabaços;Sódio;18.0;18.0;18.0;1180.0;18;1807;180706
2026;5;Viseu;Moimenta da Beira;Castelo;LED;248.0;248.0;248.0;7743.0;18;1807;180708
2026;5;Viseu;Moimenta da Beira;Leomil;Outros/Não definido;19.0;19.0;19.0;350.0;18;1807;180709
2026;5;Viseu;Moimenta da Beira;Passô;Outros/Não definido;4.0;4.0;4.0;135.0;18;1807;180713
2026;5;Viseu;Moimenta da Beira;Vila da Rua;LED;501.0;501.0;501.0;17296.60000228882;18;1807;180716
2026;5;Viseu;Moimenta da Beira;Vila da Rua;Mercúrio;1.0;1.0;1.0;50.0;18;1807;180716
2026;5;Viseu;Moimenta da Beira;Vila da Rua;Outros/Não definido;74.0;66.0;74.0;3135.0;18;1807;180716
2026;5;Viseu;Moimenta da Beira;Sarzedo;LED;149.0;149.0;149.0;4323.0;18;1807;180717
2026;5;Viseu;Moimenta da Beira;Sever;Mercúrio;5.0;5.0;5.0;250.0;18;1807;180719
2026;5;Viseu;Moimenta da Beira;Paradinha e Nagosa;LED;350.0;348.0;384.0;11282.30005645752;18;1807;180721
2026;5;Viseu;Moimenta da Beira;Paradinha e Nagosa;Outros/Não definido;2.0;2.0;2.0;;18;1807;180721
2026;5;Viseu;Moimenta da Beira;Pêra Velha, Aldeia de Nacomba e Ariz;Outros/Não definido;7.0;7.0;7.0;;18;1807;180722
2026;5;Viseu;Moimenta da Beira;Peva e Segões;Mercúrio;55.0;55.0;55.0;2750.0;18;1807;180723
2026;5;Viseu;Moimenta da Beira;Peva e Segões;Sódio;27.0;27.0;27.0;2250.0;18;1807;180723
2026;5;Viseu;Nelas;Vilar Seco;Mercúrio;11.0;11.0;11.0;580.0;18;1809;180906
2026;5;Viseu;Nelas;Lapa do Lobo;LED;441.0;437.0;441.0;14606.5;18;1809;180908
2026;5;Viseu;Nelas;Lapa do Lobo;Sódio;6.0;4.0;6.0;280.0;18;1809;180908
2026;5;Viseu;Nelas;Carvalhal Redondo e Aguieira;LED;863.0;861.0;863.0;28239.50000190735;18;1809;180910
2026;5;Viseu;Nelas;Santar e Moreira;LED;1010.0;986.0;1010.0;27622.0;18;1809;180911
2026;5;Viseu;Nelas;Santar e Moreira;Mercúrio;1.0;1.0;1.0;50.0;18;1809;180911
2026;5;Viseu;Penalva do Castelo;Castelo de Penalva;Outros/Não definido;17.0;11.0;11.0;45.0;18;1811;181102
2026;5;Viseu;Penalva do Castelo;Esmolfe;LED;444.0;435.0;440.0;16742.0;18;1811;181103
2026;5;Viseu;Penalva do Castelo;Esmolfe;Outros/Não definido;9.0;9.0;9.0;45.0;18;1811;181103
2026;5;Viseu;Penalva do Castelo;Germil;Outros/Não definido;2.0;2.0;2.0;;18;1811;181104
2026;5;Viseu;Penalva do Castelo;Lusinde;LED;197.0;197.0;197.0;5358.600006103516;18;1811;181106
2026;5;Viseu;Penalva do Castelo;Lusinde;Outros/Não definido;10.0;2.0;2.0;45.0;18;1811;181106
2026;5;Viseu;Penalva do Castelo;Lusinde;Sódio;10.0;10.0;10.0;700.0;18;1811;181106
2026;5;Viseu;Penalva do Castelo;Pindo;Mercúrio;4.0;4.0;4.0;200.0;18;1811;181109
2026;5;Viseu;Penalva do Castelo;Pindo;Outros/Não definido;26.0;23.0;23.0;585.0;18;1811;181109
2026;5;Viseu;Penalva do Castelo;Pindo;Sódio;96.0;96.0;96.0;6720.0;18;1811;181109
2026;5;Viseu;Penalva do Castelo;Real;Outros/Não definido;2.0;2.0;2.0;45.0;18;1811;181110
2026;5;Viseu;Penalva do Castelo;Sezures;Mercúrio;9.0;9.0;9.0;450.0;18;1811;181111
2026;5;Viseu;Penalva do Castelo;Trancozelos;Outros/Não definido;5.0;3.0;3.0;90.0;18;1811;181112
2026;5;Viseu;Penalva do Castelo;Antas e Matela;Mercúrio;16.0;16.0;16.0;800.0;18;1811;181114
2026;5;Viseu;Resende;Barrô;Outros/Não definido;1.0;1.0;1.0;45.0;18;1813;181302
2026;5;Viseu;Resende;Barrô;Sódio;24.0;24.0;24.0;1600.0;18;1813;181302
2026;5;Viseu;Resende;Cárquere;Mercúrio;29.0;29.0;29.0;2120.0;18;1813;181303
2026;5;Viseu;Resende;Paus;LED;435.0;435.0;435.0;13898.0;18;1813;181310
2026;5;Viseu;Resende;Paus;Mercúrio;4.0;4.0;4.0;290.0;18;1813;181310
2026;5;Viseu;Resende;São João de Fontoura;Outros/Não definido;6.0;6.0;6.0;135.0;18;1813;181313
2026;5;Viseu;Resende;São Martinho de Mouros;LED;880.0;880.0;880.0;31637.600025177002;18;1813;181314
2026;5;Viseu;Resende;São Martinho de Mouros;Outros/Não definido;7.0;5.0;5.0;90.0;18;1813;181314
2026;5;Viseu;Resende;Anreade e São Romão de Aregos;Fluorescente;1.0;1.0;1.0;50.0;18;1813;181316
2026;5;Viseu;Resende;Anreade e São Romão de Aregos;LED;838.0;837.0;844.0;25923.0;18;1813;181316
2026;5;Viseu;Resende;Anreade e São Romão de Aregos;Mercúrio;92.0;92.0;92.0;7420.0;18;1813;181316
2026;5;Viseu;Resende;Felgueiras e Feirão;Mercúrio;2.0;2.0;2.0;140.0;18;1813;181317
2026;5;Viseu;Resende;Felgueiras e Feirão;Sódio;37.0;37.0;37.0;2590.0;18;1813;181317
2026;5;Viseu;Resende;Freigil e Miomães;Mercúrio;46.0;46.0;46.0;3670.0;18;1813;181318
2026;5;Viseu;Resende;Ovadas e Panchorra;Outros/Não definido;3.0;3.0;3.0;;18;1813;181319
2026;5;Viseu;Resende;Ovadas e Panchorra;Sódio;8.0;8.0;8.0;560.0;18;1813;181319
2026;5;Viseu;Santa Comba Dão;Pinheiro de Ázere;Mercúrio;4.0;4.0;4.0;200.0;18;1814;181403
2026;5;Viseu;Santa Comba Dão;São João de Areias;LED;702.0;701.0;701.0;26277.40000152588;18;1814;181406
2026;5;Viseu;Santa Comba Dão;São João de Areias;Mercúrio;2.0;2.0;2.0;100.0;18;1814;181406
2026;5;Viseu;Santa Comba Dão;Treixedo e Nagozela;LED;818.0;794.0;818.0;31414.800003051758;18;1814;181412
2026;5;Viseu;Santa Comba Dão;Treixedo e Nagozela;Mercúrio;48.0;48.0;48.0;2400.0;18;1814;181412
2026;5;Viseu;Santa Comba Dão;Treixedo e Nagozela;Outros/Não definido;17.0;14.0;14.0;;18;1814;181412
2026;5;Viseu;Carregal do Sal;Beijós;LED;598.0;598.0;598.0;19128.0;18;1802;180201
2026;5;Viseu;Carregal do Sal;Cabanas de Viriato;LED;896.0;895.0;935.0;32233.800006866455;18;1802;180202
2026;5;Viseu;Carregal do Sal;Cabanas de Viriato;Outros/Não definido;12.0;2.0;2.0;45.0;18;1802;180202
2026;5;Viseu;Carregal do Sal;Oliveira do Conde;LED;1835.0;1815.0;1923.0;59659.29999923706;18;1802;180204
2026;5;Viseu;Carregal do Sal;Oliveira do Conde;Outros/Não definido;4.0;4.0;4.0;45.0;18;1802;180204
2026;5;Viseu;Carregal do Sal;Parada;LED;465.0;463.0;465.0;11024.0;18;1802;180206
2026;5;Viseu;Carregal do Sal;Carregal do Sal;Outros/Não definido;3.0;2.0;2.0;90.0;18;1802;180208
2026;5;Viseu;Cinfães;Cinfães;Mercúrio;105.0;89.0;105.0;6350.0;18;1804;180403
2026;5;Viseu;Cinfães;Espadanedo;LED;599.0;605.0;605.0;22015.0;18;1804;180404
2026;5;Viseu;Cinfães;Ferreiros de Tendais;Sódio;6.0;6.0;6.0;430.0;18;1804;180405
2026;5;Viseu;Cinfães;Fornelos;Outros/Não definido;8.0;8.0;8.0;90.0;18;1804;180406
2026;5;Viseu;Cinfães;Fornelos;Sódio;7.0;7.0;7.0;590.0;18;1804;180406
2026;5;Viseu;Cinfães;Moimenta;LED;329.0;334.0;334.0;12232.0;18;1804;180408
2026;5;Viseu;Cinfães;Moimenta;Mercúrio;32.0;32.0;32.0;2575.0;18;1804;180408
2026;5;Viseu;Cinfães;Moimenta;Sódio;7.0;7.0;7.0;1180.0;18;1804;180408
2026;5;Viseu;Cinfães;Nespereira;LED;1018.0;999.0;1000.0;34851.0;18;1804;180409
2026;5;Viseu;Cinfães;Oliveira do Douro;Outros/Não definido;59.0;9.0;9.0;;18;1804;180410
2026;5;Viseu;Cinfães;Santiago de Piães;LED;593.0;260.0;260.0;22090.60001182556;18;1804;180412
2026;5;Viseu;Cinfães;Santiago de Piães;Sódio;14.0;8.0;14.0;650.0;18;1804;180412
2026;5;Viseu;Cinfães;São Cristóvão de Nogueira;Mercúrio;36.0;33.0;36.0;2595.0;18;1804;180413
2026;5;Viseu;Cinfães;São Cristóvão de Nogueira;Sódio;47.0;45.0;47.0;3820.0;18;1804;180413
2026;5;Viseu;Cinfães;Souselo;Fluorescente;36.0;36.0;36.0;1800.0;18;1804;180414
2026;5;Viseu;Cinfães;Souselo;LED;1072.0;1066.0;1076.0;38632.0;18;1804;180414
2026;5;Viseu;Cinfães;Souselo;Mercúrio;89.0;84.0;89.0;6020.0;18;1804;180414
2026;5;Viseu;Cinfães;Tarouquela;Sódio;2.0;2.0;2.0;170.0;18;1804;180415
2026;5;Viseu;Cinfães;Tendais;Outros/Não definido;2.0;1.0;1.0;;18;1804;180416
2026;5;Viseu;Cinfães;Travanca;Outros/Não definido;33.0;33.0;33.0;405.0;18;1804;180417
2026;5;Viseu;Cinfães;Alhões, Bustelo, Gralheira e Ramires;LED;489.0;489.0;489.0;17159.0;18;1804;180418
2026;5;Viseu;Cinfães;Alhões, Bustelo, Gralheira e Ramires;Mercúrio;17.0;17.0;17.0;1700.0;18;1804;180418
2026;5;Viseu;Cinfães;Alhões, Bustelo, Gralheira e Ramires;Sódio;24.0;24.0;24.0;1980.0;18;1804;180418
2026;5;Viseu;Mortágua;Cercosa;LED;229.0;229.0;229.0;6859.0;18;1808;180802
2026;5;Viseu;Mortágua;Espinho;LED;1235.0;1235.0;1235.0;40108.0;18;1808;180804
2026;5;Viseu;Mortágua;Espinho;Sódio;12.0;12.0;12.0;840.0;18;1808;180804
2026;5;Viseu;Mortágua;Pala;Mercúrio;14.0;14.0;14.0;700.0;18;1808;180807
2026;5;Viseu;Mortágua;Pala;Outros/Não definido;4.0;4.0;4.0;180.0;18;1808;180807
2026;5;Viseu;Mortágua;Sobral;LED;1436.0;1436.0;1436.0;48840.00006866455;18;1808;180808
2026;5;Viseu;Mortágua;Sobral;Sódio;21.0;21.0;21.0;1470.0;18;1808;180808
2026;5;Viseu;Mortágua;Trezói;Sódio;3.0;3.0;3.0;210.0;18;1808;180809
2026;5;Viseu;Mortágua;Mortágua, Vale de Remígio, Cortegaça e Almaça;LED;2619.0;2583.0;2619.0;106506.80028533936;18;1808;180811
2026;5;Viseu;Oliveira de Frades;Pinheiro;Mercúrio;7.0;7.0;7.0;350.0;18;1810;181005
2026;5;Viseu;Oliveira de Frades;Pinheiro;Sódio;76.0;76.0;76.0;5320.0;18;1810;181005
2026;5;Viseu;Oliveira de Frades;São João da Serra;LED;412.0;412.0;412.0;14743.0;18;1810;181008
2026;5;Viseu;Oliveira de Frades;São João da Serra;Sódio;13.0;13.0;13.0;910.0;18;1810;181008
2026;5;Viseu;Oliveira de Frades;São Vicente de Lafões;Sódio;7.0;7.0;7.0;490.0;18;1810;181009
2026;5;Viseu;Oliveira de Frades;Arca e Varzielas;Outros/Não definido;6.0;6.0;6.0;45.0;18;1810;181013
2026;5;Viseu;Oliveira de Frades;Destriz e Reigoso;Sódio;85.0;85.0;85.0;5950.0;18;1810;181014
2026;5;Viseu;Oliveira de Frades;Oliveira de Frades, Souto de Lafões e Sejães;LED;1616.0;1615.0;1616.0;68864.10001373291;18;1810;181015
2026;5;Viseu;Oliveira de Frades;Oliveira de Frades, Souto de Lafões e Sejães;Outros/Não definido;137.0;88.0;112.0;1035.0;18;1810;181015
2026;5;Viseu;Penedono;Penela da Beira;Outros/Não definido;8.0;8.0;8.0;90.0;18;1812;181207
2026;5;Viseu;Penedono;Souto;Outros/Não definido;10.0;10.0;10.0;45.0;18;1812;181209
2026;5;Viseu;Penedono;Antas e Ourozinho;Outros/Não definido;8.0;8.0;8.0;;18;1812;181210
2026;5;Viseu;Penedono;Penedono e Granja;Mercúrio;6.0;6.0;6.0;300.0;18;1812;181211
2026;5;Viseu;São João da Pesqueira;Ervedosa do Douro;Outros/Não definido;41.0;41.0;41.0;580.0;18;1815;181502
2026;5;Viseu;São João da Pesqueira;Nagozelo do Douro;Mercúrio;123.0;123.0;123.0;9810.0;18;1815;181504
2026;5;Viseu;São João da Pesqueira;Nagozelo do Douro;Outros/Não definido;7.0;5.0;5.0;90.0;18;1815;181504
2026;5;Viseu;São João da Pesqueira;Paredes da Beira;LED;473.0;473.0;473.0;10569.0;18;1815;181505
2026;5;Viseu;São João da Pesqueira;Riodades;Outros/Não definido;5.0;5.0;5.0;45.0;18;1815;181507
2026;5;Viseu;São João da Pesqueira;Riodades;Sódio;9.0;9.0;9.0;630.0;18;1815;181507
2026;5;Viseu;São João da Pesqueira;Vale de Figueira;LED;415.0;415.0;415.0;16734.500003814697;18;1815;181511
2026;5;Viseu;São João da Pesqueira;Vale de Figueira;Sódio;16.0;16.0;16.0;1120.0;18;1815;181511
2026;5;Viseu;São João da Pesqueira;Valongo dos Azeites;Outros/Não definido;2.0;2.0;2.0;;18;1815;181512
2026;5;Viseu;São João da Pesqueira;Trevões e Espinhosa;LED;396.0;396.0;396.0;12092.000003814697;18;1815;181516
2026;5;Viseu;São João da Pesqueira;Trevões e Espinhosa;Mercúrio;1.0;1.0;1.0;80.0;18;1815;181516
2026;5;Viseu;São João da Pesqueira;Trevões e Espinhosa;Sódio;55.0;55.0;55.0;4660.0;18;1815;181516
2026;5;Viseu;São Pedro do Sul;Figueiredo de Alva;LED;534.0;534.0;534.0;19285.49977874756;18;1816;181606
2026;5;Viseu;São Pedro do Sul;Figueiredo de Alva;Mercúrio;23.0;23.0;23.0;1150.0;18;1816;181606
2026;5;Viseu;São Pedro do Sul;Figueiredo de Alva;Outros/Não definido;10.0;10.0;10.0;45.0;18;1816;181606
2026;5;Viseu;São Pedro do Sul;Manhouce;Mercúrio;4.0;4.0;4.0;200.0;18;1816;181607
2026;5;Viseu;São Pedro do Sul;Manhouce;Outros/Não definido;16.0;16.0;16.0;;18;1816;181607
2026;5;Viseu;São Pedro do Sul;Manhouce;Sódio;36.0;36.0;36.0;2520.0;18;1816;181607
2026;5;Viseu;São Pedro do Sul;Pindelo dos Milagres;Outros/Não definido;29.0;1.0;1.0;;18;1816;181608
2026;5;Viseu;São Pedro do Sul;Pinho;Outros/Não definido;10.0;10.0;10.0;405.0;18;1816;181609
2026;5;Viseu;São Pedro do Sul;São Félix;Outros/Não definido;7.0;7.0;7.0;;18;1816;181612
2026;5;Viseu;São Pedro do Sul;Serrazes;Outros/Não definido;4.0;4.0;4.0;45.0;18;1816;181615
2026;5;Viseu;São Pedro do Sul;Sul;Sódio;80.0;80.0;80.0;5600.0;18;1816;181616
2026;5;Viseu;São Pedro do Sul;Valadares;Mercúrio;12.0;12.0;12.0;600.0;18;1816;181617
2026;5;Viseu;São Pedro do Sul;Valadares;Sódio;70.0;70.0;70.0;4680.0;18;1816;181617
2026;5;Viseu;São Pedro do Sul;São Martinho das Moitas e Covas do Rio;Mercúrio;1.0;1.0;1.0;50.0;18;1816;181622
2026;5;Viseu;Sátão;Avelal;LED;286.0;286.0;286.0;7403.0;18;1817;181702
2026;5;Viseu;Sátão;Ferreira de Aves;Outros/Não definido;8.0;2.0;2.0;45.0;18;1817;181704
2026;5;Viseu;Sátão;Mioma;Outros/Não definido;5.0;5.0;5.0;;18;1817;181706
2026;5;Viseu;Sátão;Rio de Moinhos;LED;739.0;724.0;739.0;25124.0;18;1817;181707
2026;5;Viseu;Tabuaço;Tabuaço;Fluorescente;24.0;24.0;24.0;1200.0;18;1819;181914
2026;5;Viseu;Tarouca;Tarouca e Dálvares;Sódio;112.0;107.0;112.0;10430.0;18;1820;182013
2026;5;Viseu;Tondela;Guardão;LED;863.0;863.0;863.0;31353.199989318848;18;1821;182108
2026;5;Viseu;Tondela;Guardão;Outros/Não definido;29.0;28.0;28.0;1680.0;18;1821;182108
2026;5;Viseu;Viseu;Fragosela;Outros/Não definido;25.0;23.0;23.0;340.0;18;1823;182315
2026;5;Viseu;Viseu;Rio de Loba;Sódio;399.0;391.0;399.0;32690.0;18;1823;182323
2026;5;Viseu;Viseu;Fail e Vila Chã de Sá;Mercúrio;1.0;1.0;1.0;50.0;18;1823;182338
2026;5;Viseu;Viseu;Fail e Vila Chã de Sá;Outros/Não definido;40.0;38.0;38.0;115.0;18;1823;182338
2026;5;Viseu;Viseu;Viseu;Sódio;1547.0;1482.0;1547.0;169430.0;18;1823;182341
2026;5;Viseu;Sátão;Águas Boas e Forles;LED;224.0;224.0;224.0;6047.0;18;1817;181713
2026;5;Viseu;Sátão;Romãs, Decermilo e Vila Longa;LED;1221.0;1221.0;1221.0;36412.0;18;1817;181714
2026;5;Viseu;Tabuaço;Adorigo;Sódio;3.0;3.0;3.0;570.0;18;1819;181901
2026;5;Viseu;Tabuaço;Arcos;LED;158.0;158.0;158.0;6018.0;18;1819;181902
2026;5;Viseu;Tabuaço;Chavães;Sódio;11.0;8.0;11.0;560.0;18;1819;181904
2026;5;Viseu;Tabuaço;Desejosa;LED;112.0;112.0;112.0;4092.0;18;1819;181905
2026;5;Viseu;Tabuaço;Longa;Outros/Não definido;1.0;1.0;1.0;;18;1819;181908
2026;5;Viseu;Tabuaço;Sendim;Outros/Não definido;12.0;12.0;12.0;140.0;18;1819;181913
2026;5;Viseu;Tabuaço;Valença do Douro;LED;150.0;146.0;150.0;5019.0;18;1819;181917
2026;5;Viseu;Tabuaço;Valença do Douro;Mercúrio;1.0;1.0;1.0;80.0;18;1819;181917
2026;5;Viseu;Tabuaço;Valença do Douro;Sódio;2.0;1.0;2.0;250.0;18;1819;181917
2026;5;Viseu;Tabuaço;Barcos e Santa Leocádia;Mercúrio;8.0;8.0;8.0;640.0;18;1819;181918
2026;5;Viseu;Tabuaço;Barcos e Santa Leocádia;Outros/Não definido;121.0;121.0;121.0;113.0;18;1819;181918
2026;5;Viseu;Tabuaço;Pinheiros e Vale de Figueira;LED;265.0;265.0;265.0;17223.10018157959;18;1819;181920
2026;5;Viseu;Tabuaço;Pinheiros e Vale de Figueira;Outros/Não definido;1.0;1.0;1.0;45.0;18;1819;181920
2026;5;Viseu;Tabuaço;Távora e Pereiro;Outros/Não definido;2.0;2.0;2.0;45.0;18;1819;181921
2026;5;Viseu;Tarouca;São João de Tarouca;LED;490.0;488.0;490.0;13283.0;18;1820;182006
2026;5;Viseu;Tarouca;Granja Nova e Vila Chã da Beira;Mercúrio;51.0;51.0;51.0;4080.0;18;1820;182012
2026;5;Viseu;Tondela;Campo de Besteiros;Indução;2.0;2.0;2.0;200.0;18;1821;182102
2026;5;Viseu;Tondela;Campo de Besteiros;LED;826.0;812.0;826.0;32497.399963378906;18;1821;182102
2026;5;Viseu;Tondela;Campo de Besteiros;Mercúrio;1.0;1.0;1.0;125.0;18;1821;182102
2026;5;Viseu;Tondela;Campo de Besteiros;Sódio;47.0;47.0;47.0;4550.0;18;1821;182102
2026;5;Viseu;Tondela;Canas de Santa Maria;LED;943.0;943.0;943.0;41898.0;18;1821;182103
2026;5;Viseu;Tondela;Canas de Santa Maria;Outros/Não definido;10.0;10.0;10.0;;18;1821;182103
2026;5;Viseu;Tondela;Canas de Santa Maria;Sódio;47.0;47.0;47.0;3690.0;18;1821;182103
2026;5;Viseu;Tondela;Castelões;Sódio;43.0;43.0;43.0;2970.0;18;1821;182105
2026;5;Viseu;Tondela;Lajeosa do Dão;Mercúrio;49.0;49.0;49.0;2450.0;18;1821;182109
2026;5;Viseu;Tondela;Molelos;Sódio;46.0;43.0;46.0;4110.0;18;1821;182111
2026;5;Viseu;Tondela;Parada de Gonta;Mercúrio;5.0;5.0;5.0;250.0;18;1821;182116
2026;5;Viseu;Tondela;Santiago de Besteiros;Outros/Não definido;15.0;15.0;15.0;879.0;18;1821;182118
2026;5;Viseu;Tondela;Santiago de Besteiros;Sódio;43.0;43.0;43.0;3670.0;18;1821;182118
2026;5;Viseu;Tondela;Barreiro de Besteiros e Tourigo;LED;1199.0;1194.0;1199.0;37424.09999847412;18;1821;182127
2026;5;Viseu;Tondela;Barreiro de Besteiros e Tourigo;Sódio;16.0;16.0;16.0;1260.0;18;1821;182127
2026;5;Viseu;Tondela;Caparrosa e Silvares;LED;776.0;770.0;776.0;18901.499992370605;18;1821;182128
2026;5;Viseu;Tondela;Caparrosa e Silvares;Sódio;159.0;156.0;159.0;11200.0;18;1821;182128
2026;5;Viseu;Tondela;Mouraz e Vila Nova da Rainha;Outros/Não definido;21.0;21.0;21.0;290.0;18;1821;182129
2026;5;Viseu;Tondela;Mouraz e Vila Nova da Rainha;Sódio;48.0;48.0;48.0;5590.0;18;1821;182129
2026;5;Viseu;Tondela;São João do Monte e Mosteirinho;LED;1261.0;1254.0;1259.0;44437.10000991821;18;1821;182130
2026;5;Viseu;Tondela;São João do Monte e Mosteirinho;Mercúrio;2.0;2.0;2.0;100.0;18;1821;182130
2026;5;Viseu;Tondela;Vilar de Besteiros e Mosteiro de Fráguas;Fluorescente;2.0;1.0;2.0;50.0;18;1821;182133
2026;5;Viseu;Tondela;Vilar de Besteiros e Mosteiro de Fráguas;Sódio;59.0;59.0;59.0;4490.0;18;1821;182133
2026;5;Viseu;Viseu;Bodiosa;LED;1069.0;1068.0;1068.0;39913.5;18;1823;182304
2026;5;Viseu;Viseu;Bodiosa;Outros/Não definido;106.0;104.0;104.0;6075.0;18;1823;182304
2026;5;Viseu;Viseu;Bodiosa;Sódio;427.0;427.0;427.0;27650.0;18;1823;182304
2026;5;Viseu;Viseu;Calde;LED;1010.0;1008.0;1010.0;29809.399993896484;18;1823;182305
2026;5;Viseu;Viseu;Calde;Outros/Não definido;27.0;20.0;20.0;315.0;18;1823;182305
2026;5;Viseu;Viseu;Calde;Sódio;45.0;41.0;45.0;4050.0;18;1823;182305
2026;5;Viseu;Viseu;Campo;LED;1805.0;1704.0;1800.0;77507.00009155273;18;1823;182306
2026;5;Viseu;Viseu;Campo;Mercúrio;41.0;41.0;41.0;2910.0;18;1823;182306
2026;5;Viseu;Viseu;Campo;Outros/Não definido;76.0;56.0;56.0;1470.0;18;1823;182306
2026;5;Viseu;Viseu;Cavernães;Fluorescente;27.0;10.0;27.0;500.0;18;1823;182307
2026;5;Viseu;Viseu;Cavernães;Iodeto Metálico;4.0;4.0;4.0;280.0;18;1823;182307
2026;5;Viseu;Viseu;Silgueiros;Mercúrio;10.0;10.0;10.0;500.0;18;1823;182317
2026;5;Viseu;Viseu;Mundão;Mercúrio;13.0;11.0;13.0;855.0;18;1823;182318
2026;5;Viseu;Viseu;Mundão;Sódio;83.0;83.0;83.0;9740.0;18;1823;182318
2026;5;Viseu;Viseu;Orgens;Outros/Não definido;55.0;46.0;46.0;90.0;18;1823;182319
2026;5;Viseu;Viseu;Povolide;LED;962.0;959.0;961.0;30523.100009918213;18;1823;182320
2026;5;Viseu;Viseu;Povolide;Outros/Não definido;58.0;57.0;57.0;135.0;18;1823;182320
2026;5;Viseu;Viseu;Povolide;Sódio;62.0;61.0;62.0;4450.0;18;1823;182320
2026;5;Viseu;Viseu;Ranhados;Sódio;139.0;128.0;139.0;17120.0;18;1823;182321
2026;5;Viseu;Viseu;Ribafeita;Outros/Não definido;2.0;;;;18;1823;182322
2026;5;Viseu;Viseu;Ribafeita;Sódio;53.0;53.0;53.0;3710.0;18;1823;182322
2026;5;Viseu;Viseu;São João de Lourosa;Sódio;281.0;275.0;281.0;20540.0;18;1823;182327
2026;5;Viseu;Viseu;São Pedro de France;Outros/Não definido;39.0;38.0;38.0;340.0;18;1823;182329
2026;5;Viseu;Viseu;São Pedro de France;Sódio;161.0;161.0;161.0;11510.0;18;1823;182329
2026;5;Viseu;Viseu;Boa Aldeia, Farminhão e Torredeita;Outros/Não definido;18.0;17.0;17.0;300.0;18;1823;182336
2026;5;Viseu;Viseu;Boa Aldeia, Farminhão e Torredeita;Sódio;255.0;255.0;255.0;19970.0;18;1823;182336
2026;5;Viseu;Viseu;Repeses e São Salvador;LED;1889.0;1796.0;1887.0;108650.00032043457;18;1823;182339
2026;5;Viseu;Viseu;Repeses e São Salvador;Sódio;247.0;228.0;247.0;34640.0;18;1823;182339
2026;5;Viseu;Vouzela;Alcofra;LED;1066.0;1066.0;1066.0;21809.0;18;1824;182401
2026;5;Viseu;Vouzela;Alcofra;Outros/Não definido;3.0;3.0;3.0;45.0;18;1824;182401
2026;5;Viseu;Vouzela;Fornelo do Monte;Outros/Não definido;4.0;4.0;4.0;45.0;18;1824;182407
2026;5;Viseu;Vouzela;Ventosa;LED;729.0;729.0;729.0;13816.0;18;1824;182411
2026;5;Viseu;Sernancelhe;Chosendo;LED;209.0;209.0;209.0;6339.0;18;1818;181803
2026;5;Viseu;Sernancelhe;Cunha;LED;269.0;269.0;269.0;7767.0;18;1818;181804
2026;5;Viseu;Sernancelhe;Faia;LED;149.0;149.0;149.0;4621.0;18;1818;181806
2026;5;Viseu;Sernancelhe;Sernancelhe e Sarzeda;LED;1366.0;1364.0;1366.0;58654.800022125244;18;1818;181821
2026;5;Viseu;Vila Nova de Paiva;Pendilhe;LED;359.0;359.0;359.0;8416.0;18;1822;182203
2026;5;Viseu;Vila Nova de Paiva;Vila Cova à Coelheira;Sódio;43.0;41.0;43.0;4520.0;18;1822;182206
2026;5;Viseu;Vila Nova de Paiva;Vila Nova de Paiva, Alhais e Fráguas;LED;1557.0;1519.0;1575.0;51043.60006713867;18;1822;182208
2026;5;Aveiro;Águeda;Aguada de Cima;Outros/Não definido;52.0;52.0;52.0;;01;0101;010103
2026;5;Aveiro;Águeda;Fermentelos;Mercúrio;1.0;1.0;1.0;50.0;01;0101;010109
2026;5;Aveiro;Águeda;Macinhata do Vouga;Outros/Não definido;5.0;5.0;5.0;90.0;01;0101;010112
2026;5;Aveiro;Águeda;Águeda e Borralha;Mercúrio;22.0;22.0;22.0;1130.0;01;0101;010121
2026;5;Aveiro;Águeda;Águeda e Borralha;Outros/Não definido;384.0;373.0;384.0;2620.0;01;0101;010121
2026;5;Aveiro;Águeda;Águeda e Borralha;Sódio;768.0;755.0;768.0;72550.0;01;0101;010121
2026;5;Aveiro;Águeda;Barrô e Aguada de Baixo;LED;1327.0;1320.0;1327.0;55789.500076293945;01;0101;010122
2026;5;Aveiro;Águeda;Barrô e Aguada de Baixo;Mercúrio;2.0;2.0;2.0;100.0;01;0101;010122
2026;5;Aveiro;Águeda;Barrô e Aguada de Baixo;Outros/Não definido;67.0;67.0;67.0;;01;0101;010122
2026;5;Aveiro;Águeda;Barrô e Aguada de Baixo;Sódio;118.0;110.0;118.0;11830.0;01;0101;010122
2026;5;Aveiro;Águeda;Belazaima do Chão, Castanheira do Vouga e Agadão;LED;1193.0;1193.0;1193.0;41915.0;01;0101;010123
2026;5;Aveiro;Águeda;Recardães e Espinhel;Iodeto Metálico;7.0;7.0;7.0;1550.0;01;0101;010124
2026;5;Aveiro;Águeda;Recardães e Espinhel;Sódio;566.0;563.0;565.0;62520.0;01;0101;010124
2026;5;Aveiro;Águeda;Travassô e Óis da Ribeira;Outros/Não definido;18.0;18.0;18.0;;01;0101;010125
2026;5;Aveiro;Águeda;Trofa, Segadães e Lamas do Vouga;Outros/Não definido;13.0;13.0;13.0;;01;0101;010126
2026;5;Aveiro;Águeda;Préstimo e Macieira de Alcoba;Indução;14.0;14.0;14.0;700.0;01;0101;010127
2026;5;Aveiro;Águeda;Préstimo e Macieira de Alcoba;Outros/Não definido;40.0;40.0;40.0;;01;0101;010127
2026;5;Aveiro;Albergaria-a-Velha;Alquerubim;LED;906.0;901.0;906.0;48806.80004119873;01;0102;010202
2026;5;Aveiro;Albergaria-a-Velha;Angeja;Fluorescente;15.0;15.0;15.0;750.0;01;0102;010203
2026;5;Aveiro;Albergaria-a-Velha;Angeja;LED;781.0;778.0;781.0;32474.100009918213;01;0102;010203
2026;5;Aveiro;Albergaria-a-Velha;Branca;Fluorescente;14.0;14.0;14.0;700.0;01;0102;010204
2026;5;Aveiro;Albergaria-a-Velha;Branca;Sódio;78.0;76.0;78.0;5570.0;01;0102;010204
2026;5;Aveiro;Albergaria-a-Velha;Ribeira de Fráguas;LED;820.0;818.0;828.0;35106.20000076294;01;0102;010206
2026;5;Aveiro;Albergaria-a-Velha;Ribeira de Fráguas;Sódio;12.0;12.0;12.0;840.0;01;0102;010206
2026;5;Aveiro;Anadia;Avelãs de Cima;LED;1021.0;1000.0;1021.0;47071.60004425049;01;0103;010305
2026;5;Aveiro;Anadia;Avelãs de Cima;Outros/Não definido;13.0;13.0;13.0;190.0;01;0103;010305
2026;5;Aveiro;Anadia;São Lourenço do Bairro;Sódio;72.0;70.0;72.0;6210.0;01;0103;010310
2026;5;Aveiro;Anadia;Arcos e Mogofores;LED;2331.0;2191.0;2541.0;130461.5001449585;01;0103;010317
2026;5;Aveiro;Anadia;Arcos e Mogofores;Mercúrio;23.0;16.0;23.0;3600.0;01;0103;010317
2026;5;Aveiro;Anadia;Arcos e Mogofores;Sódio;227.0;186.0;227.0;25660.0;01;0103;010317
2026;5;Aveiro;Arouca;Alvarenga;Indução;10.0;10.0;10.0;500.0;01;0104;010402
2026;5;Aveiro;Arouca;Arouca e Burgo;Indução;11.0;11.0;11.0;550.0;01;0104;010421
2026;5;Aveiro;Arouca;Arouca e Burgo;LED;1955.0;1884.0;1955.0;87144.59999847412;01;0104;010421
2026;5;Aveiro;Aveiro;Esgueira;LED;3110.0;2882.0;3110.0;143776.1000442505;01;0105;010505
2026;5;Aveiro;Aveiro;Oliveirinha;LED;1503.0;1503.0;1503.0;71695.10004043579;01;0105;010508
2026;5;Aveiro;Aveiro;Oliveirinha;Mercúrio;1.0;1.0;1.0;50.0;01;0105;010508
2026;5;Aveiro;Aveiro;Oliveirinha;Outros/Não definido;10.0;10.0;10.0;;01;0105;010508
2026;5;Aveiro;Aveiro;Oliveirinha;Sódio;47.0;47.0;47.0;3450.0;01;0105;010508
2026;5;Aveiro;Aveiro;Santa Joana;Outros/Não definido;24.0;24.0;24.0;;01;0105;010513
2026;5;Aveiro;Aveiro;Eixo e Eirol;LED;1623.0;1599.0;1623.0;75938.30001449585;01;0105;010515
2026;5;Aveiro;Aveiro;Eixo e Eirol;Sódio;117.0;113.0;117.0;10230.0;01;0105;010515
2026;5;Aveiro;Aveiro;Requeixo, Nossa Senhora de Fátima e Nariz;Outros/Não definido;42.0;42.0;42.0;495.0;01;0105;010516
2026;5;Aveiro;Aveiro;Glória e Vera Cruz;LED;4018.0;3691.0;4118.0;223264.10026168823;01;0105;010517
2026;5;Aveiro;Aveiro;Glória e Vera Cruz;Mercúrio;24.0;13.0;24.0;1210.0;01;0105;010517
2026;5;Aveiro;Aveiro;Glória e Vera Cruz;Sódio;643.0;533.0;643.0;64570.0;01;0105;010517
2026;5;Aveiro;Espinho;Paramos;Outros/Não definido;38.0;38.0;38.0;;01;0107;010704
2026;5;Aveiro;Espinho;Silvalde;LED;1753.0;1712.0;1753.0;88767.70000839233;01;0107;010705
2026;5;Aveiro;Espinho;Silvalde;Sódio;84.0;84.0;84.0;11950.0;01;0107;010705
2026;5;Aveiro;Estarreja;Avanca;LED;2374.0;2307.0;2374.0;91257.1001586914;01;0108;010801
2026;5;Aveiro;Estarreja;Beduído e Veiros;LED;3661.0;3520.0;3665.0;166624.40035629272;01;0108;010808
2026;5;Aveiro;Estarreja;Beduído e Veiros;Sódio;247.0;230.0;247.0;23825.0;01;0108;010808
2026;5;Aveiro;Santa Maria da Feira;Fornos;Sódio;188.0;175.0;188.0;12820.0;01;0109;010908
2026;5;Aveiro;Santa Maria da Feira;Lourosa;LED;1339.0;1307.0;1347.0;60626.70000457764;01;0109;010913
2026;5;Aveiro;Santa Maria da Feira;Lourosa;Outros/Não definido;207.0;172.0;220.0;2088.0;01;0109;010913
2026;5;Aveiro;Santa Maria da Feira;Lourosa;Sódio;542.0;529.0;543.0;44100.0;01;0109;010913
2026;5;Aveiro;Santa Maria da Feira;Mozelos;Sódio;640.0;625.0;640.0;56910.0;01;0109;010916
2026;5;Aveiro;Santa Maria da Feira;São Paio de Oleiros;Sódio;384.0;359.0;384.0;29560.0;01;0109;010918
2026;5;Aveiro;Santa Maria da Feira;Paços de Brandão;LED;966.0;962.0;966.0;38794.40000152588;01;0109;010919
2026;5;Aveiro;Santa Maria da Feira;Paços de Brandão;Outros/Não definido;17.0;15.0;17.0;50.0;01;0109;010919
2026;5;Aveiro;Santa Maria da Feira;Paços de Brandão;Sódio;355.0;349.0;355.0;27130.0;01;0109;010919
2026;5;Aveiro;Santa Maria da Feira;Rio Meão;LED;1163.0;1156.0;1163.0;48870.000007629395;01;0109;010921
2026;5;Aveiro;Santa Maria da Feira;Romariz;Fluorescente;9.0;9.0;9.0;450.0;01;0109;010922
2026;5;Aveiro;Santa Maria da Feira;Romariz;LED;1047.0;1042.0;1049.0;39792.5;01;0109;010922
2026;5;Aveiro;Santa Maria da Feira;Santa Maria de Lamas;Sódio;508.0;484.0;508.0;40500.0;01;0109;010925
2026;5;Aveiro;Santa Maria da Feira;Caldas de São Jorge e de Pigeiros;Sódio;167.0;160.0;167.0;12710.0;01;0109;010932
2026;5;Aveiro;Santa Maria da Feira;Santa Maria da Feira, Travanca, Sanfins e Espargo;Iodeto Metálico;2.0;2.0;2.0;200.0;01;0109;010935
2026;5;Aveiro;Santa Maria da Feira;Santa Maria da Feira, Travanca, Sanfins e Espargo;LED;4163.0;4033.0;4163.0;161265.70000457764;01;0109;010935
2026;5;Aveiro;Santa Maria da Feira;Santa Maria da Feira, Travanca, Sanfins e Espargo;Outros/Não definido;225.0;221.0;225.0;2340.0;01;0109;010935
2026;5;Aveiro;Ílhavo;Gafanha da Encarnação;Mercúrio;1.0;1.0;1.0;50.0;01;0110;011005
2026;5;Aveiro;Ílhavo;Gafanha do Carmo;Outros/Não definido;13.0;13.0;13.0;;01;0110;011007
2026;5;Aveiro;Ílhavo;Ílhavo (São Salvador);Mercúrio;82.0;75.0;82.0;7235.0;01;0110;011008
2026;5;Aveiro;Oliveira de Azeméis;Fajões;LED;853.0;853.0;853.0;44755.40001296997;01;0113;011303
2026;5;Aveiro;Oliveira de Azeméis;São Roque;Mercúrio;6.0;6.0;6.0;480.0;01;0113;011318
2026;5;Aveiro;Oliveira de Azeméis;Vila de Cucujães;LED;1957.0;1932.0;1957.0;92312.90018081665;01;0113;011319
2026;5;Aveiro;Oliveira de Azeméis;Nogueira do Cravo e Pindelo;Outros/Não definido;132.0;123.0;132.0;45.0;01;0113;011320
2026;5;Aveiro;Oliveira de Azeméis;Nogueira do Cravo e Pindelo;Sódio;103.0;95.0;103.0;13130.0;01;0113;011320
2026;5;Aveiro;Oliveira de Azeméis;O. Azeméis, Riba-Ul, Ul, Macinhata da Seixa, Madail;Mercúrio;10.0;10.0;10.0;1185.0;01;0113;011321
2026;5;Aveiro;Oliveira de Azeméis;O. Azeméis, Riba-Ul, Ul, Macinhata da Seixa, Madail;Sódio;620.0;552.0;624.0;57630.0;01;0113;011321
2026;5;Aveiro;Oliveira de Azeméis;Pinheiro da Bemposta, Travanca e Palmaz;LED;2813.0;2786.0;2814.0;124659.40012359619;01;0113;011322
2026;5;Aveiro;Oliveira de Azeméis;Pinheiro da Bemposta, Travanca e Palmaz;Sódio;225.0;209.0;225.0;20250.0;01;0113;011322
2026;5;Aveiro;Oliveira do Bairro;Oiã;LED;2884.0;2848.0;2884.0;132850.8003501892;01;0114;011403
2026;5;Aveiro;Oliveira do Bairro;Oiã;Mercúrio;1.0;1.0;1.0;50.0;01;0114;011403
2026;5;Aveiro;Oliveira do Bairro;Oiã;Sódio;127.0;102.0;127.0;13620.0;01;0114;011403
2026;5;Aveiro;Ovar;Cortegaça;LED;1365.0;1294.0;1365.0;60666.0;01;0115;011502
2026;5;Aveiro;Ovar;Esmoriz;Outros/Não definido;82.0;82.0;82.0;150.0;01;0115;011503
2026;5;Aveiro;Ovar;Esmoriz;Sódio;90.0;90.0;90.0;9780.0;01;0115;011503
2026;5;Aveiro;Ovar;Válega;Sódio;696.0;693.0;696.0;54770.0;01;0115;011507
2026;5;Aveiro;Sever do Vouga;Sever do Vouga;Mercúrio;3.0;3.0;3.0;150.0;01;0117;011706
2026;5;Aveiro;Sever do Vouga;Sever do Vouga;Outros/Não definido;117.0;117.0;153.0;;01;0117;011706
2026;5;Aveiro;Sever do Vouga;Sever do Vouga;Sódio;4.0;4.0;4.0;280.0;01;0117;011706
2026;5;Aveiro;Albergaria-a-Velha;São João de Loure e Frossos;Outros/Não definido;33.0;33.0;33.0;45.0;01;0102;010210
2026;5;Aveiro;Albergaria-a-Velha;São João de Loure e Frossos;Sódio;32.0;32.0;32.0;2040.0;01;0102;010210
2026;5;Aveiro;Anadia;Sangalhos;Outros/Não definido;12.0;12.0;14.0;;01;0103;010309
2026;5;Aveiro;Anadia;Sangalhos;Sódio;90.0;90.0;90.0;6620.0;01;0103;010309
2026;5;Aveiro;Anadia;Vila Nova de Monsarros;Mercúrio;1.0;1.0;1.0;125.0;01;0103;010312
2026;5;Aveiro;Anadia;Amoreira da Gândara, Paredes do Bairro e Ancas;Sódio;118.0;114.0;118.0;10750.0;01;0103;010316
2026;5;Aveiro;Arouca;Chave;Sódio;123.0;123.0;123.0;8610.0;01;0104;010407
2026;5;Aveiro;Arouca;Fermedo;Outros/Não definido;20.0;20.0;20.0;;01;0104;010411
2026;5;Aveiro;Arouca;Fermedo;Sódio;115.0;114.0;114.0;8560.0;01;0104;010411
2026;5;Aveiro;Arouca;Mansores;Sódio;68.0;68.0;68.0;5420.0;01;0104;010413
2026;5;Aveiro;Arouca;Moldes;LED;646.0;646.0;646.0;37239.0;01;0104;010414
2026;5;Aveiro;Arouca;Santa Eulália;LED;1017.0;1017.0;1017.0;38559.20002746582;01;0104;010416
2026;5;Aveiro;Arouca;São Miguel do Mato;LED;422.0;421.0;421.0;17081.300064086914;01;0104;010417
2026;5;Aveiro;Arouca;Tropeço;Mercúrio;2.0;2.0;2.0;160.0;01;0104;010418
2026;5;Aveiro;Arouca;Tropeço;Outros/Não definido;4.0;4.0;4.0;;01;0104;010418
2026;5;Aveiro;Arouca;Urrô;Outros/Não definido;3.0;3.0;3.0;;01;0104;010419
2026;5;Aveiro;Arouca;Urrô;Sódio;22.0;22.0;22.0;2580.0;01;0104;010419
2026;5;Aveiro;Arouca;Várzea;LED;267.0;267.0;267.0;11682.0;01;0104;010420
2026;5;Aveiro;Arouca;Várzea;Sódio;4.0;4.0;4.0;280.0;01;0104;010420
2026;5;Aveiro;Arouca;Cabreiros e Albergaria da Serra;Mercúrio;4.0;4.0;4.0;200.0;01;0104;010422
2026;5;Aveiro;Arouca;Covelo de Paivó e Janarde;LED;190.0;190.0;190.0;12695.0;01;0104;010424
2026;5;Aveiro;Espinho;Espinho;Mercúrio;1.0;1.0;1.0;125.0;01;0107;010702
2026;5;Aveiro;Espinho;Espinho;Sódio;106.0;93.0;106.0;14070.0;01;0107;010702
2026;5;Aveiro;Estarreja;Pardilhó;Sódio;2.0;2.0;2.0;170.0;01;0108;010805
2026;5;Aveiro;Estarreja;Canelas e Fermelã;Sódio;1.0;1.0;1.0;70.0;01;0108;010809
2026;5;Aveiro;Santa Maria da Feira;Escapães;Sódio;210.0;209.0;210.0;18350.0;01;0109;010904
2026;5;Aveiro;Santa Maria da Feira;Fiães;Outros/Não definido;161.0;154.0;161.0;38.0;01;0109;010907
2026;5;Aveiro;Santa Maria da Feira;Fiães;Sódio;368.0;367.0;368.0;29400.0;01;0109;010907
2026;5;Aveiro;Santa Maria da Feira;Nogueira da Regedoura;Outros/Não definido;72.0;66.0;72.0;350.0;01;0109;010917
2026;5;Aveiro;Santa Maria da Feira;Nogueira da Regedoura;Sódio;432.0;417.0;431.0;37100.0;01;0109;010917
2026;5;Aveiro;Santa Maria da Feira;Sanguedo;LED;828.0;822.0;828.0;34925.0;01;0109;010924
2026;5;Aveiro;Santa Maria da Feira;Sanguedo;Outros/Não definido;108.0;108.0;108.0;;01;0109;010924
2026;5;Aveiro;Santa Maria da Feira;Lobão, Gião, Louredo e Guisande;Fluorescente;7.0;7.0;7.0;350.0;01;0109;010934
2026;5;Aveiro;Santa Maria da Feira;Lobão, Gião, Louredo e Guisande;Sódio;689.0;664.0;689.0;52020.0;01;0109;010934
2026;5;Aveiro;Murtosa;Monte;Iodeto Metálico;21.0;21.0;21.0;1050.0;01;0112;011202
2026;5;Aveiro;Murtosa;Monte;Mercúrio;6.0;6.0;6.0;360.0;01;0112;011202
2026;5;Aveiro;Murtosa;Murtosa;Iodeto Metálico;1.0;1.0;1.0;150.0;01;0112;011203
2026;5;Aveiro;Murtosa;Murtosa;Outros/Não definido;32.0;32.0;32.0;129.0;01;0112;011203
2026;5;Aveiro;Oliveira de Azeméis;Ossela;Sódio;61.0;61.0;61.0;4270.0;01;0113;011310
2026;5;Aveiro;Oliveira de Azeméis;São Martinho da Gândara;LED;741.0;736.0;741.0;28018.000007629395;01;0113;011315
2026;5;Aveiro;Oliveira do Bairro;Oliveira do Bairro;LED;2481.0;2417.0;2491.0;109813.30030441284;01;0114;011404
2026;5;Aveiro;Oliveira do Bairro;Oliveira do Bairro;Sódio;126.0;103.0;126.0;14200.0;01;0114;011404
2026;5;Aveiro;Oliveira do Bairro;Palhaça;Sódio;1.0;1.0;1.0;70.0;01;0114;011405
2026;5;Aveiro;Ovar;Maceda;Outros/Não definido;37.0;37.0;37.0;39.70000076293945;01;0115;011504
2026;5;Aveiro;Ovar;Ovar, S. João, Arada e S. Vicente de Pereira Jusã;LED;9173.0;8999.0;9173.0;439111.7003097534;01;0115;011509
2026;5;Aveiro;Sever do Vouga;Couto de Esteves;LED;762.0;762.0;762.0;28623.700122833252;01;0117;011702
2026;5;Aveiro;Sever do Vouga;Rocas do Vouga;LED;1019.0;1017.0;1019.0;37565.60004425049;01;0117;011705
2026;5;Aveiro;Sever do Vouga;Rocas do Vouga;Mercúrio;42.0;42.0;42.0;2100.0;01;0117;011705
2026;5;Aveiro;Sever do Vouga;Rocas do Vouga;Outros/Não definido;40.0;40.0;40.0;;01;0117;011705
2026;5;Aveiro;Sever do Vouga;Cedrim e Paradela;Mercúrio;6.0;6.0;6.0;300.0;01;0117;011710
2026;5;Aveiro;Sever do Vouga;Cedrim e Paradela;Sódio;24.0;24.0;24.0;1390.0;01;0117;011710
2026;5;Aveiro;Sever do Vouga;Silva Escura e Dornelas;Outros/Não definido;116.0;116.0;116.0;3365.0;01;0117;011711
2026;5;Aveiro;Sever do Vouga;Silva Escura e Dornelas;Sódio;24.0;24.0;24.0;1680.0;01;0117;011711
2026;5;Aveiro;Vagos;Calvão;Mercúrio;7.0;7.0;7.0;350.0;01;0118;011801
2026;5;Aveiro;Vagos;Gafanha da Boa Hora;Outros/Não definido;41.0;41.0;41.0;173.1999969482422;01;0118;011804
2026;5;Aveiro;Vagos;Ouca;LED;778.0;778.0;778.0;29615.799865722656;01;0118;011805
2026;5;Aveiro;Vagos;Ouca;Mercúrio;26.0;26.0;26.0;1300.0;01;0118;011805
2026;5;Aveiro;Castelo de Paiva;Real;LED;724.0;722.0;724.0;23005.89999961853;01;0106;010606
2026;5;Aveiro;Castelo de Paiva;Real;Mercúrio;3.0;3.0;3.0;240.0;01;0106;010606
2026;5;Aveiro;Castelo de Paiva;Real;Outros/Não definido;11.0;11.0;11.0;;01;0106;010606
2026;5;Aveiro;Castelo de Paiva;Sobrado e Bairros;Mercúrio;23.0;23.0;23.0;1990.0;01;0106;010611
2026;5;Aveiro;Castelo de Paiva;Sobrado e Bairros;Outros/Não definido;60.0;60.0;60.0;;01;0106;010611
2026;5;Aveiro;Mealhada;Barcouço;Outros/Não definido;1.0;1.0;1.0;;01;0111;011102
2026;5;Aveiro;Mealhada;Barcouço;Sódio;41.0;41.0;41.0;3360.0;01;0111;011102
2026;5;Aveiro;Mealhada;Casal Comba;Mercúrio;34.0;34.0;34.0;1700.0;01;0111;011103
2026;5;Aveiro;Mealhada;Casal Comba;Sódio;68.0;65.0;68.0;5230.0;01;0111;011103
2026;5;Aveiro;Mealhada;Pampilhosa;LED;1006.0;995.0;1006.0;37481.60000228882;01;0111;011106
2026;5;Aveiro;Mealhada;Mealhada, Ventosa do Bairro e Antes;LED;1848.0;1770.0;1848.0;88330.40000915527;01;0111;011109
2026;5;Aveiro;Mealhada;Mealhada, Ventosa do Bairro e Antes;Outros/Não definido;9.0;9.0;9.0;315.0;01;0111;011109
2026;5;Aveiro;Mealhada;Mealhada, Ventosa do Bairro e Antes;Sódio;499.0;484.0;499.0;47120.0;01;0111;011109
2026;5;Aveiro;São João da Madeira;São João da Madeira;Mercúrio;1.0;1.0;1.0;80.0;01;0116;011601
2026;5;Aveiro;Vagos;Ouca;Sódio;49.0;49.0;49.0;3860.0;01;0118;011805
2026;5;Aveiro;Vagos;Fonte de Angeão e Covão do Lobo;Sódio;82.0;82.0;82.0;6510.0;01;0118;011812
2026;5;Aveiro;Vale de Cambra;Vila Chã, Codal e Vila Cova de Perrinho;Outros/Não definido;230.0;226.0;230.0;;01;0119;011910
2026;5;Beja;Aljustrel;São João de Negrilhos;LED;721.0;705.0;721.0;18958.0;02;0201;020104
2026;5;Beja;Almodôvar;Almodôvar e Graça dos Padrões;Mercúrio;9.0;9.0;9.0;720.0;02;0202;020209
2026;5;Beja;Beja;Nossa Senhora das Neves;LED;765.0;765.0;765.0;18318.0;02;0205;020506
2026;5;Beja;Beja;Santa Clara de Louredo;Outros/Não definido;1.0;1.0;1.0;45.0;02;0205;020510
2026;5;Beja;Beja;Beja (Salvador e Santa Maria da Feira);Sódio;108.0;108.0;108.0;9390.0;02;0205;020520
2026;5;Beja;Beja;Beja (Santiago Maior e São João Baptista);Fluorescente;12.0;12.0;12.0;600.0;02;0205;020521
2026;5;Beja;Castro Verde;Castro Verde e Casével;Mercúrio;3.0;3.0;3.0;170.0;02;0206;020606
2026;5;Beja;Moura;Póvoa de São Miguel;LED;392.0;390.0;392.0;10223.0;02;0210;021002
2026;5;Beja;Odemira;Boavista dos Pinheiros;Sódio;4.0;4.0;4.0;340.0;02;0211;021116
2026;5;Beja;Ourique;Ourique;LED;1586.0;1520.0;1564.0;53622.50008773804;02;0212;021203
2026;5;Beja;Ourique;Ourique;Sódio;55.0;51.0;56.0;4950.0;02;0212;021203
2026;5;Beja;Serpa;Vila Nova de São Bento e Vale de Vargo;Mercúrio;4.0;2.0;4.0;250.0;02;0213;021309
2026;5;Braga;Barcelos;Alvelos;LED;627.0;626.0;627.0;24843.60004043579;03;0302;030208
2026;5;Braga;Barcelos;Arcozelo;Iodeto Metálico;8.0;8.0;8.0;560.0;03;0302;030209
2026;5;Braga;Barcelos;Arcozelo;Sódio;65.0;58.0;65.0;5780.0;03;0302;030209
2026;5;Braga;Barcelos;Macieira de Rates;Mercúrio;6.0;6.0;6.0;450.0;03;0302;030244
2026;5;Braga;Barcelos;Manhente;LED;460.0;460.0;460.0;20146.400024414062;03;0302;030245
2026;5;Braga;Barcelos;Manhente;Outros/Não definido;38.0;38.0;38.0;450.0;03;0302;030245
2026;5;Braga;Barcelos;Pousa;Mercúrio;14.0;10.0;14.0;800.0;03;0302;030261
2026;5;Braga;Barcelos;Pousa;Outros/Não definido;424.0;411.0;424.0;90.0;03;0302;030261
2026;5;Braga;Barcelos;Tamel (São Veríssimo);Outros/Não definido;18.0;18.0;18.0;360.0;03;0302;030277
2026;5;Braga;Barcelos;Vila Seca;Mercúrio;19.0;19.0;19.0;1520.0;03;0302;030287
2026;5;Braga;Barcelos;Vila Seca;Outros/Não definido;132.0;131.0;132.0;115.0;03;0302;030287
2026;5;Braga;Barcelos;Vila Seca;Sódio;84.0;84.0;84.0;6230.0;03;0302;030287
2026;5;Braga;Barcelos;Areias de Vilar e Encourados;LED;377.0;377.0;377.0;15101.500011444092;03;0302;030292
2026;5;Braga;Barcelos;Areias de Vilar e Encourados;Mercúrio;6.0;6.0;6.0;480.0;03;0302;030292
2026;5;Braga;Barcelos;Areias de Vilar e Encourados;Sódio;42.0;42.0;42.0;3230.0;03;0302;030292
2026;5;Braga;Barcelos;Barcelos, V. Boa, V. Frescainha;Mercúrio;72.0;72.0;72.0;5760.0;03;0302;030293
2026;5;Braga;Barcelos;Barcelos, V. Boa, V. Frescainha;Sódio;540.0;509.0;540.0;53250.0;03;0302;030293
2026;5;Aveiro;Vagos;Sosa;Mercúrio;38.0;38.0;38.0;1900.0;01;0118;011807
2026;5;Aveiro;Vagos;Ponte de Vagos e Santa Catarina;Outros/Não definido;70.0;70.0;70.0;165.0;01;0118;011813
2026;5;Aveiro;Vale de Cambra;São Pedro de Castelões;LED;2554.0;2380.0;2554.0;118325.10013580322;01;0119;011902
2026;5;Aveiro;Vale de Cambra;São Pedro de Castelões;Sódio;14.0;14.0;14.0;1010.0;01;0119;011902
2026;5;Aveiro;Vale de Cambra;Cepelos;Iodeto Metálico;2.0;1.0;2.0;50.0;01;0119;011903
2026;5;Aveiro;Vale de Cambra;Junqueira;LED;646.0;646.0;646.0;29738.800003051758;01;0119;011905
2026;5;Aveiro;Vale de Cambra;Junqueira;Sódio;10.0;10.0;10.0;680.0;01;0119;011905
2026;5;Aveiro;Vale de Cambra;Macieira de Cambra;Outros/Não definido;55.0;55.0;55.0;135.0;01;0119;011906
2026;5;Aveiro;Vale de Cambra;Roge;Outros/Não definido;3.0;3.0;3.0;;01;0119;011907
2026;5;Beja;Aljustrel;Aljustrel e Rio de Moinhos;LED;2563.0;2493.0;2557.0;97057.0;02;0201;020106
2026;5;Beja;Almodôvar;Rosário;Outros/Não definido;17.0;17.0;17.0;690.0;02;0202;020203
2026;5;Beja;Almodôvar;Santa Cruz;Outros/Não definido;1.0;1.0;1.0;;02;0202;020205
2026;5;Beja;Almodôvar;São Barnabé;LED;708.0;708.0;708.0;17876.99994468689;02;0202;020206
2026;5;Beja;Almodôvar;Aldeia dos Fernandes;LED;58.0;58.0;58.0;3257.7999935150146;02;0202;020208
2026;5;Beja;Almodôvar;Aldeia dos Fernandes;Sódio;167.0;165.0;167.0;12240.0;02;0202;020208
2026;5;Beja;Almodôvar;Santa Clara-a-Nova e Gomes Aires;Outros/Não definido;20.0;20.0;20.0;45.0;02;0202;020210
2026;5;Beja;Beja;Beringel;LED;442.0;437.0;441.0;13509.0;02;0205;020503
2026;5;Beja;Beja;Beringel;Outros/Não definido;31.0;23.0;23.0;;02;0205;020503
2026;5;Beja;Beja;Cabeça Gorda;LED;430.0;419.0;430.0;10748.0;02;0205;020504
2026;5;Beja;Beja;Albernoa e Trindade;LED;377.0;374.0;377.0;11280.0;02;0205;020519
2026;5;Beja;Beja;Albernoa e Trindade;Outros/Não definido;1.0;1.0;1.0;;02;0205;020519
2026;5;Beja;Beja;Santa Vitória e Mombeja;LED;378.0;375.0;378.0;10073.0;02;0205;020523
2026;5;Beja;Beja;Santa Vitória e Mombeja;Outros/Não definido;2.0;2.0;2.0;;02;0205;020523
2026;5;Beja;Beja;Trigaches e São Brissos;LED;269.0;269.0;269.0;9109.400047302246;02;0205;020524
2026;5;Beja;Beja;Trigaches e São Brissos;Sódio;24.0;6.0;24.0;1500.0;02;0205;020524
2026;5;Beja;Castro Verde;Entradas;LED;112.0;112.0;112.0;3388.400001525879;02;0206;020603
2026;5;Beja;Castro Verde;Entradas;Outros/Não definido;1.0;1.0;1.0;;02;0206;020603
2026;5;Beja;Castro Verde;São Marcos da Ataboeira;LED;203.0;203.0;203.0;5121.0;02;0206;020605
2026;5;Beja;Moura;Amareleja;Outros/Não definido;4.0;4.0;4.0;;02;0210;021001
2026;5;Beja;Moura;Santo Agostinho e São João Baptista e Santo Amador;LED;1901.0;1859.0;1943.0;72654.60090827942;02;0210;021009
2026;5;Beja;Moura;Santo Agostinho e São João Baptista e Santo Amador;Outros/Não definido;92.0;88.0;100.0;765.0;02;0210;021009
2026;5;Beja;Moura;Safara e Santo Aleixo da Restauração;Sódio;16.0;16.0;16.0;1120.0;02;0210;021010
2026;5;Beja;Odemira;Relíquias;Outros/Não definido;15.0;15.0;15.0;;02;0211;021102
2026;5;Beja;Odemira;Sabóia;LED;599.0;599.0;599.0;18012.700033187866;02;0211;021103
2026;5;Beja;Odemira;São Luís;LED;1070.0;1070.0;1070.0;29687.5;02;0211;021106
2026;5;Beja;Odemira;São Luís;Sódio;10.0;10.0;10.0;880.0;02;0211;021106
2026;5;Beja;Odemira;Vila Nova de Milfontes;LED;1979.0;1935.0;1972.0;72219.2000579834;02;0211;021111
2026;5;Beja;Odemira;Luzianes-Gare;LED;247.0;247.0;247.0;7809.9000244140625;02;0211;021115
2026;5;Beja;Odemira;São Salvador e Santa Maria;Iodeto Metálico;1.0;1.0;1.0;100.0;02;0211;021120
2026;5;Beja;Odemira;São Teotónio;LED;2764.0;2753.0;2764.0;90681.00032043457;02;0211;021121
2026;5;Beja;Odemira;São Teotónio;Sódio;35.0;35.0;35.0;3610.0;02;0211;021121
2026;5;Beja;Odemira;Vale de Santiago;LED;492.0;492.0;492.0;16328.0;02;0211;021122
2026;5;Beja;Ourique;Santana da Serra;LED;607.0;607.0;609.0;16005.59997177124;02;0212;021206
2026;5;Beja;Ourique;Santana da Serra;Outros/Não definido;11.0;11.0;11.0;325.0;02;0212;021206
2026;5;Beja;Ourique;Garvão e Santa Luzia;LED;537.0;537.0;537.0;13463.40001296997;02;0212;021207
2026;5;Beja;Ourique;Panoias e Conceição;Sódio;22.0;22.0;22.0;1540.0;02;0212;021208
2026;5;Beja;Serpa;Brinches;LED;346.0;346.0;346.0;10908.0;02;0213;021302
2026;5;Beja;Serpa;Brinches;Outros/Não definido;13.0;13.0;13.0;;02;0213;021302
2026;5;Beja;Serpa;Vila Verde de Ficalho;Sódio;38.0;38.0;38.0;2660.0;02;0213;021307
2026;5;Beja;Serpa;Serpa (Salvador e Santa Maria);Mercúrio;5.0;5.0;5.0;625.0;02;0213;021308
2026;5;Beja;Serpa;Serpa (Salvador e Santa Maria);Sódio;753.0;740.0;753.0;71060.0;02;0213;021308
2026;5;Braga;Amares;Barreiros;LED;291.0;291.0;291.0;7440.80001449585;03;0301;030102
2026;5;Braga;Amares;Caires;Outros/Não definido;13.0;13.0;13.0;;03;0301;030105
2026;5;Braga;Amares;Carrazedo;LED;266.0;264.0;266.0;15331.0;03;0301;030107
2026;5;Braga;Amares;Carrazedo;Mercúrio;1.0;1.0;1.0;80.0;03;0301;030107
2026;5;Braga;Amares;Dornelas;LED;222.0;222.0;222.0;15688.0;03;0301;030108
2026;5;Braga;Amares;Dornelas;Sódio;4.0;4.0;4.0;280.0;03;0301;030108
2026;5;Braga;Amares;Rendufe;Iodeto Metálico;7.0;7.0;7.0;890.0;03;0301;030118
2026;5;Braga;Amares;Rendufe;Mercúrio;2.0;2.0;2.0;160.0;03;0301;030118
2026;5;Braga;Amares;Rendufe;Sódio;11.0;11.0;11.0;1290.0;03;0301;030118
2026;5;Braga;Amares;Bouro (Santa Maria);Iodeto Metálico;1.0;1.0;1.0;150.0;03;0301;030119
2026;5;Braga;Amares;Bouro (Santa Maria);Mercúrio;4.0;4.0;4.0;320.0;03;0301;030119
2026;5;Braga;Amares;Caldelas, Sequeiros e Paranhos;Iodeto Metálico;6.0;6.0;6.0;900.0;03;0301;030126
2026;5;Braga;Amares;Torre e Portela;Outros/Não definido;34.0;34.0;34.0;45.0;03;0301;030128
2026;5;Braga;Amares;Vilela, Seramil e Paredes Secas;Sódio;22.0;22.0;22.0;1570.0;03;0301;030129
2026;5;Braga;Barcelos;Abade de Neiva;Outros/Não definido;63.0;63.0;63.0;540.0;03;0302;030201
2026;5;Braga;Barcelos;Adães;Mercúrio;6.0;6.0;6.0;480.0;03;0302;030203
2026;5;Braga;Barcelos;Adães;Outros/Não definido;290.0;290.0;290.0;180.0;03;0302;030203
2026;5;Braga;Barcelos;Airó;Mercúrio;2.0;2.0;2.0;160.0;03;0302;030205
2026;5;Braga;Barcelos;Aldreu;LED;153.0;153.0;153.0;5889.0;03;0302;030206
2026;5;Braga;Barcelos;Aldreu;Mercúrio;15.0;15.0;15.0;1200.0;03;0302;030206
2026;5;Braga;Barcelos;Aldreu;Sódio;44.0;44.0;44.0;3080.0;03;0302;030206
2026;5;Braga;Barcelos;Areias;Mercúrio;15.0;9.0;15.0;720.0;03;0302;030210
2026;5;Braga;Barcelos;Balugães;Sódio;230.0;230.0;230.0;16400.0;03;0302;030212
2026;5;Braga;Barcelos;Barqueiros;LED;175.0;174.0;175.0;6601.200000762939;03;0302;030215
2026;5;Braga;Barcelos;Carapeços;Mercúrio;1.0;1.0;1.0;80.0;03;0302;030218
2026;5;Braga;Barcelos;Carapeços;Outros/Não definido;318.0;311.0;318.0;910.0;03;0302;030218
2026;5;Braga;Barcelos;Carvalhas;Sódio;67.0;67.0;67.0;5320.0;03;0302;030221
2026;5;Braga;Barcelos;Cristelo;LED;286.0;286.0;286.0;10936.0;03;0302;030228
2026;5;Braga;Barcelos;Cristelo;Outros/Não definido;231.0;227.0;231.0;1170.0;03;0302;030228
2026;5;Braga;Barcelos;Cristelo;Sódio;55.0;55.0;55.0;4470.0;03;0302;030228
2026;5;Braga;Barcelos;Fornelos;LED;30.0;30.0;30.0;1191.0;03;0302;030234
2026;5;Braga;Barcelos;Fornelos;Sódio;154.0;154.0;154.0;11050.0;03;0302;030234
2026;5;Braga;Barcelos;Fragoso;LED;296.0;296.0;296.0;10299.20000076294;03;0302;030235
2026;5;Braga;Barcelos;Fragoso;Outros/Não definido;215.0;211.0;215.0;270.0;03;0302;030235
2026;5;Braga;Barcelos;Fragoso;Sódio;155.0;155.0;155.0;12100.0;03;0302;030235
2026;5;Braga;Barcelos;Gilmonde;Outros/Não definido;23.0;23.0;23.0;135.0;03;0302;030237
2026;5;Braga;Barcelos;Gilmonde;Sódio;292.0;290.0;292.0;26570.0;03;0302;030237
2026;5;Braga;Barcelos;Lama;LED;373.0;371.0;373.0;14609.0;03;0302;030242
2026;5;Braga;Barcelos;Lama;Mercúrio;13.0;13.0;13.0;1040.0;03;0302;030242
2026;5;Braga;Barcelos;Lama;Outros/Não definido;5.0;5.0;5.0;180.0;03;0302;030242
2026;5;Braga;Barcelos;Lijó;Sódio;28.0;28.0;28.0;2080.0;03;0302;030243
2026;5;Braga;Barcelos;Martim;LED;107.0;107.0;107.0;5450.0;03;0302;030247
2026;5;Braga;Barcelos;Palme;LED;129.0;129.0;129.0;4744.0;03;0302;030255
2026;5;Braga;Barcelos;Panque;LED;43.0;43.0;43.0;2752.0;03;0302;030256
2026;5;Braga;Barcelos;Panque;Sódio;330.0;330.0;330.0;23850.0;03;0302;030256
2026;5;Braga;Barcelos;Paradela;LED;154.0;154.0;154.0;5116.0;03;0302;030257
2026;5;Braga;Barcelos;Paradela;Mercúrio;18.0;18.0;18.0;1440.0;03;0302;030257
2026;5;Braga;Barcelos;Paradela;Outros/Não definido;69.0;69.0;69.0;450.0;03;0302;030257
2026;5;Braga;Barcelos;Perelhal;Mercúrio;40.0;40.0;40.0;3200.0;03;0302;030260
2026;5;Braga;Barcelos;Remelhe;LED;362.0;362.0;362.0;12578.400009155273;03;0302;030263
2026;5;Braga;Barcelos;Roriz;LED;603.0;603.0;603.0;21075.40004348755;03;0302;030264
2026;5;Braga;Barcelos;Rio Covo (Santa Eugénia);Outros/Não definido;252.0;230.0;248.0;270.0;03;0302;030265
2026;5;Braga;Barcelos;Galegos (São Martinho);Outros/Não definido;2.0;2.0;2.0;45.0;03;0302;030272
2026;5;Braga;Barcelos;Silva;Mercúrio;7.0;7.0;7.0;560.0;03;0302;030279
2026;5;Braga;Barcelos;Silva;Outros/Não definido;61.0;60.0;61.0;585.0;03;0302;030279
2026;5;Braga;Barcelos;Ucha;Mercúrio;13.0;13.0;13.0;1040.0;03;0302;030282
2026;5;Braga;Barcelos;Alheira e Igreja Nova;LED;607.0;604.0;607.0;24634.60000228882;03;0302;030290
2026;5;Braga;Barcelos;Alheira e Igreja Nova;Sódio;106.0;106.0;106.0;9040.0;03;0302;030290
2026;5;Braga;Barcelos;Alvito (São Pedro e São Martinho) e Couto;LED;424.0;420.0;424.0;13062.0;03;0302;030291
2026;5;Braga;Barcelos;Alvito (São Pedro e São Martinho) e Couto;Sódio;171.0;169.0;171.0;12640.0;03;0302;030291
2026;5;Beja;Alvito;Alvito;Fluorescente;2.0;2.0;2.0;72.0;02;0203;020301
2026;5;Beja;Alvito;Vila Nova da Baronia;LED;622.0;622.0;622.0;24635.000061035156;02;0203;020302
2026;5;Beja;Alvito;Vila Nova da Baronia;Outros/Não definido;4.0;4.0;4.0;;02;0203;020302
2026;5;Beja;Alvito;Vila Nova da Baronia;Sódio;19.0;19.0;19.0;1330.0;02;0203;020302
2026;5;Beja;Barrancos;Barrancos;LED;519.0;513.0;519.0;17703.60019683838;02;0204;020401
2026;5;Beja;Cuba;Cuba;Outros/Não definido;4.0;1.0;4.0;;02;0207;020701
2026;5;Beja;Cuba;Vila Ruiva;LED;297.0;297.0;297.0;9521.0;02;0207;020704
2026;5;Beja;Ferreira do Alentejo;Odivelas;LED;261.0;259.0;261.0;6454.0;02;0208;020804
2026;5;Beja;Mértola;Alcaria Ruiva;LED;687.0;683.0;683.0;20221.5;02;0209;020901
2026;5;Beja;Mértola;Corte do Pinto;Outros/Não definido;14.0;14.0;14.0;45.0;02;0209;020902
2026;5;Beja;Mértola;Espírito Santo;Outros/Não definido;1.0;1.0;1.0;;02;0209;020903
2026;5;Beja;Mértola;Mértola;Sódio;162.0;162.0;162.0;12700.0;02;0209;020904
2026;5;Beja;Mértola;Santana de Cambas;LED;693.0;693.0;693.0;19975.60000228882;02;0209;020905
2026;5;Beja;Mértola;S. Mig. Pinheiro, S. Pedro Solis, S. Sebastião dos Carros;LED;1210.0;1210.0;1210.0;36927.0;02;0209;020910
2026;5;Beja;Mértola;S. Mig. Pinheiro, S. Pedro Solis, S. Sebastião dos Carros;Outros/Não definido;7.0;7.0;7.0;;02;0209;020910
2026;5;Beja;Vidigueira;Vidigueira;Outros/Não definido;16.0;16.0;16.0;;02;0214;021403
2026;5;Beja;Vidigueira;Vila de Frades;LED;356.0;197.0;198.0;11819.60001373291;02;0214;021404
2026;5;Beja;Vidigueira;Vila de Frades;Outros/Não definido;1.0;1.0;1.0;;02;0214;021404
2026;5;Braga;Barcelos;Vila Cova e Feitos;Outros/Não definido;16.0;16.0;16.0;225.0;03;0302;0302FH
2026;5;Braga;Braga;Adaúfe;LED;1023.0;1020.0;1023.0;49070.7000579834;03;0303;030301
2026;5;Braga;Braga;Esporões;LED;610.0;610.0;616.0;29072.900032043457;03;0303;030313
2026;5;Braga;Braga;Esporões;Outros/Não definido;47.0;47.0;53.0;;03;0303;030313
2026;5;Braga;Braga;Gualtar;Mercúrio;2.0;2.0;2.0;100.0;03;0303;030319
2026;5;Braga;Braga;Gualtar;Sódio;372.0;352.0;388.0;42010.0;03;0303;030319
2026;5;Braga;Braga;Palmeira;Indução;5.0;5.0;5.0;350.0;03;0303;030331
2026;5;Braga;Braga;Palmeira;LED;1312.0;1285.0;1312.0;62267.60001373291;03;0303;030331
2026;5;Braga;Braga;Braga (São Vítor);Fluorescente;9.0;9.0;9.0;450.0;03;0303;030351
2026;5;Braga;Braga;Braga (São Vítor);Indução;6.0;6.0;6.0;640.0;03;0303;030351
2026;5;Braga;Braga;Braga (São Vítor);LED;952.0;890.0;954.0;56900.100021362305;03;0303;030351
2026;5;Braga;Braga;Braga (São Vítor);Outros/Não definido;102.0;104.0;116.0;1245.0;03;0303;030351
2026;5;Braga;Braga;Braga (São Vítor);Sódio;1651.0;1490.0;1651.0;189100.0;03;0303;030351
2026;5;Braga;Braga;Braga (Maximinos, Sé e Cividade);LED;929.0;876.0;959.0;90884.90000915527;03;0303;030364
2026;5;Braga;Braga;Braga (Maximinos, Sé e Cividade);Outros/Não definido;72.0;72.0;72.0;;03;0303;030364
2026;5;Braga;Braga;Braga (Maximinos, Sé e Cividade);Sódio;735.0;681.0;735.0;84830.0;03;0303;030364
2026;5;Braga;Braga;Celeirós, Aveleda e Vimieiro;LED;1495.0;1449.0;1507.0;65323.00026321411;03;0303;030367
2026;5;Braga;Braga;Celeirós, Aveleda e Vimieiro;Sódio;388.0;376.0;388.0;35870.0;03;0303;030367
2026;5;Braga;Braga;Este (São Pedro e São Mamede);LED;640.0;638.0;640.0;31790.0;03;0303;030370
2026;5;Braga;Braga;Este (São Pedro e São Mamede);Mercúrio;23.0;23.0;23.0;1300.0;03;0303;030370
2026;5;Braga;Braga;Este (São Pedro e São Mamede);Sódio;184.0;162.0;184.0;19510.0;03;0303;030370
2026;5;Braga;Braga;Ferreiros e Gondizalves;Sódio;987.0;934.0;991.0;108630.0;03;0303;030371
2026;5;Braga;Braga;Merelim (São Paio), Panoias e Parada de Tibães;LED;1104.0;1093.0;1104.0;49443.400356292725;03;0303;030374
2026;5;Braga;Braga;Merelim (São Pedro) e Frossos;LED;773.0;738.0;773.0;46310.90008544922;03;0303;030375
2026;5;Braga;Braga;Nogueiró e Tenões;Mercúrio;2.0;2.0;2.0;130.0;03;0303;030378
2026;5;Braga;Braga;Real, Dume e Semelhe;LED;1194.0;1127.0;1194.0;62832.30031585693;03;0303;030379
2026;5;Braga;Braga;Real, Dume e Semelhe;Mercúrio;9.0;9.0;9.0;850.0;03;0303;030379
2026;5;Braga;Braga;Real, Dume e Semelhe;Sódio;948.0;907.0;948.0;97310.0;03;0303;030379
2026;5;Braga;Braga;Santa Lucrécia de Algeriz e Navarra;Mercúrio;10.0;10.0;10.0;800.0;03;0303;030380
2026;5;Braga;Braga;Vilaça e Fradelos;LED;556.0;552.0;556.0;29467.0;03;0303;030381
2026;5;Braga;Cabeceiras de Basto;Refojos de Basto, Outeiro e Painzela;LED;2560.0;2483.0;2569.0;101991.20003128052;03;0304;030421
2026;5;Braga;Celorico de Basto;Veade, Gagos e Molares;LED;1094.0;1089.0;1110.0;34957.399993896484;03;0305;030527
2026;5;Braga;Esposende;Apúlia e Fão;Fluorescente;16.0;16.0;16.0;1120.0;03;0306;030616
2026;5;Braga;Esposende;Apúlia e Fão;LED;749.0;722.0;751.0;29969.600006103516;03;0306;030616
2026;5;Braga;Esposende;Apúlia e Fão;Mercúrio;5.0;5.0;5.0;400.0;03;0306;030616
2026;5;Braga;Esposende;Apúlia e Fão;Outros/Não definido;181.0;168.0;181.0;90.0;03;0306;030616
2026;5;Braga;Esposende;Esposende, Marinhas e Gandra;LED;1237.0;1185.0;1239.0;47639.8999710083;03;0306;030618
2026;5;Braga;Fafe;Estorãos;Sódio;72.0;72.0;72.0;5520.0;03;0307;030708
2026;5;Braga;Fafe;Fafe;Mercúrio;8.0;8.0;8.0;520.0;03;0307;030709
2026;5;Braga;Fafe;Medelo;LED;391.0;391.0;391.0;15291.0;03;0307;030716
2026;5;Braga;Fafe;Medelo;Mercúrio;2.0;2.0;2.0;160.0;03;0307;030716
2026;5;Braga;Fafe;Quinchães;Mercúrio;6.0;6.0;6.0;400.0;03;0307;030722
2026;5;Braga;Fafe;Quinchães;Sódio;101.0;100.0;101.0;8120.0;03;0307;030722
2026;5;Braga;Fafe;Revelhe;LED;402.0;402.0;402.0;17888.0;03;0307;030724
2026;5;Braga;Fafe;Revelhe;Sódio;17.0;17.0;17.0;1190.0;03;0307;030724
2026;5;Braga;Guimarães;Aldão;Mercúrio;1.0;1.0;1.0;50.0;03;0308;030801
2026;5;Braga;Guimarães;Aldão;Sódio;19.0;18.0;19.0;1340.0;03;0308;030801
2026;5;Braga;Guimarães;Brito;LED;476.0;454.0;476.0;19805.49998855591;03;0308;030807
2026;5;Braga;Guimarães;Costa;Mercúrio;17.0;17.0;17.0;1180.0;03;0308;030812
2026;5;Braga;Guimarães;Fermentões;LED;387.0;348.0;387.0;18327.50001525879;03;0308;030815
2026;5;Braga;Guimarães;Fermentões;Outros/Não definido;93.0;93.0;93.0;;03;0308;030815
2026;5;Braga;Guimarães;Gonça;Iodeto Metálico;2.0;2.0;2.0;300.0;03;0308;030820
2026;5;Braga;Guimarães;Gonça;Mercúrio;1.0;1.0;1.0;80.0;03;0308;030820
2026;5;Braga;Guimarães;Gonça;Sódio;23.0;23.0;23.0;1610.0;03;0308;030820
2026;5;Braga;Guimarães;Lordelo;LED;470.0;444.0;470.0;17622.799961090088;03;0308;030828
2026;5;Braga;Guimarães;Lordelo;Sódio;714.0;704.0;714.0;56950.0;03;0308;030828
2026;5;Braga;Guimarães;Nespereira;LED;512.0;502.0;512.0;21371.29999923706;03;0308;030832
2026;5;Braga;Guimarães;Nespereira;Sódio;117.0;114.0;117.0;9770.0;03;0308;030832
2026;5;Braga;Guimarães;Polvoreira;Outros/Não definido;9.0;9.0;9.0;;03;0308;030837
2026;5;Braga;Guimarães;Ponte;LED;1382.0;1301.0;1384.0;47996.39991760254;03;0308;030838
2026;5;Braga;Guimarães;Serzedelo;LED;303.0;260.0;303.0;9148.199932098389;03;0308;030866
2026;5;Braga;Guimarães;Serzedelo;Outros/Não definido;29.0;29.0;29.0;90.0;03;0308;030866
2026;5;Braga;Barcelos;Campo e Tamel (São Pedro Fins);LED;99.0;99.0;99.0;4846.0;03;0302;030294
2026;5;Braga;Barcelos;Carreira e Fonte Coberta;Fluorescente;11.0;11.0;11.0;550.0;03;0302;030295
2026;5;Braga;Barcelos;Carreira e Fonte Coberta;LED;370.0;370.0;370.0;14761.000091552734;03;0302;030295
2026;5;Braga;Barcelos;Durrães e Tregosa;Mercúrio;28.0;28.0;28.0;2240.0;03;0302;030298
2026;5;Braga;Barcelos;Gamil e Midões;Mercúrio;12.0;12.0;12.0;960.0;03;0302;030299
2026;5;Braga;Barcelos;Gamil e Midões;Sódio;75.0;70.0;75.0;8090.0;03;0302;030299
2026;5;Braga;Barcelos;Negreiros e Chavão;Sódio;35.0;35.0;35.0;2450.0;03;0302;0302FB
2026;5;Braga;Barcelos;Sequeade e Bastuço (São João e Santo Estevão);Mercúrio;1.0;1.0;1.0;;03;0302;0302FD
2026;5;Braga;Barcelos;Sequeade e Bastuço (São João e Santo Estevão);Outros/Não definido;403.0;403.0;403.0;590.0;03;0302;0302FD
2026;5;Braga;Barcelos;Sequeade e Bastuço (São João e Santo Estevão);Sódio;25.0;25.0;25.0;1470.0;03;0302;0302FD
2026;5;Braga;Barcelos;Silveiros e Rio Covo (Santa Eulália);Mercúrio;4.0;4.0;4.0;320.0;03;0302;0302FE
2026;5;Braga;Barcelos;Silveiros e Rio Covo (Santa Eulália);Sódio;26.0;23.0;26.0;1930.0;03;0302;0302FE
2026;5;Braga;Barcelos;Tamel (Santa Leocádia) e Vilar do Monte;LED;395.0;387.0;395.0;15405.400001525879;03;0302;0302FF
2026;5;Braga;Barcelos;Tamel (Santa Leocádia) e Vilar do Monte;Mercúrio;8.0;8.0;8.0;640.0;03;0302;0302FF
2026;5;Braga;Barcelos;Tamel (Santa Leocádia) e Vilar do Monte;Outros/Não definido;35.0;35.0;35.0;140.0;03;0302;0302FF
2026;5;Braga;Barcelos;Viatodos, Grimancelos, Minhotães, Monte de Fralães;LED;4.0;4.0;4.0;180.0;03;0302;0302FG
2026;5;Braga;Braga;Espinho;LED;486.0;467.0;486.0;16915.0;03;0303;030312
2026;5;Braga;Braga;Espinho;Outros/Não definido;9.0;9.0;9.0;150.0;03;0303;030312
2026;5;Braga;Braga;Espinho;Sódio;129.0;124.0;129.0;11410.0;03;0303;030312
2026;5;Braga;Braga;Lamas;LED;231.0;227.0;231.0;10751.0;03;0303;030322
2026;5;Braga;Braga;Mire de Tibães;Indução;3.0;3.0;3.0;350.0;03;0303;030325
2026;5;Braga;Braga;Mire de Tibães;Outros/Não definido;10.0;10.0;10.0;;03;0303;030325
2026;5;Braga;Braga;Padim da Graça;Sódio;81.0;81.0;81.0;6270.0;03;0303;030330
2026;5;Braga;Braga;Pedralva;Outros/Não definido;16.0;16.0;16.0;;03;0303;030334
2026;5;Braga;Braga;Priscos;LED;542.0;541.0;542.0;28295.0;03;0303;030336
2026;5;Braga;Braga;Priscos;Mercúrio;1.0;1.0;1.0;50.0;03;0303;030336
2026;5;Braga;Braga;Ruilhe;Sódio;51.0;50.0;51.0;3740.0;03;0303;030338
2026;5;Braga;Braga;Braga (São Vicente);Indução;2.0;2.0;2.0;195.0;03;0303;030349
2026;5;Braga;Braga;Tadim;Mercúrio;16.0;16.0;16.0;2400.0;03;0303;030356
2026;5;Braga;Braga;Tadim;Outros/Não definido;5.0;5.0;5.0;;03;0303;030356
2026;5;Braga;Braga;Tadim;Sódio;77.0;56.0;77.0;4800.0;03;0303;030356
2026;5;Braga;Braga;Tebosa;LED;389.0;385.0;389.0;18224.200004577637;03;0303;030357
2026;5;Braga;Braga;Arentim e Cunha;LED;648.0;643.0;648.0;27582.0;03;0303;030363
2026;5;Braga;Braga;Arentim e Cunha;Outros/Não definido;7.0;7.0;7.0;90.0;03;0303;030363
2026;5;Braga;Braga;Braga (São José de São Lázaro e São João do Souto);Outros/Não definido;158.0;158.0;158.0;1270.0;03;0303;030365
2026;5;Braga;Braga;Braga (São José de São Lázaro e São João do Souto);Sódio;895.0;850.0;901.0;106170.0;03;0303;030365
2026;5;Braga;Braga;Cabreiros e Passos (São Julião);Outros/Não definido;18.0;18.0;18.0;790.0;03;0303;030366
2026;5;Braga;Braga;Cabreiros e Passos (São Julião);Sódio;126.0;125.0;126.0;10590.0;03;0303;030366
2026;5;Braga;Braga;Guisande e Oliveira (São Pedro);LED;404.0;404.0;404.0;18877.0;03;0303;030372
2026;5;Braga;Braga;Lomar e Arcos;Outros/Não definido;23.0;20.0;23.0;255.0;03;0303;030373
2026;5;Braga;Braga;Morreira e Trandeiras;LED;597.0;591.0;597.0;26625.600006103516;03;0303;030376
2026;5;Braga;Cabeceiras de Basto;Abadim;Sódio;34.0;34.0;34.0;2540.0;03;0304;030401
2026;5;Braga;Cabeceiras de Basto;Basto;Mercúrio;3.0;3.0;3.0;450.0;03;0304;030404
2026;5;Braga;Cabeceiras de Basto;Basto;Sódio;92.0;89.0;92.0;10050.0;03;0304;030404
2026;5;Braga;Cabeceiras de Basto;Cavez;Sódio;105.0;105.0;105.0;7660.0;03;0304;030407
2026;5;Braga;Cabeceiras de Basto;Arco de Baúlhe e Vila Nune;LED;772.0;767.0;780.0;27364.8000125885;03;0304;030419
2026;5;Braga;Cabeceiras de Basto;Arco de Baúlhe e Vila Nune;Sódio;122.0;117.0;122.0;14200.0;03;0304;030419
2026;5;Braga;Celorico de Basto;Agilde;LED;406.0;406.0;406.0;11974.0;03;0305;030501
2026;5;Braga;Celorico de Basto;Arnóia;LED;855.0;853.0;857.0;29733.5;03;0305;030502
2026;5;Braga;Celorico de Basto;Borba de Montanha;LED;522.0;522.0;522.0;23494.09999847412;03;0305;030503
2026;5;Braga;Celorico de Basto;Canedo de Basto e Corgo;LED;656.0;656.0;656.0;20983.5;03;0305;030525
2026;5;Braga;Esposende;Forjães;Iodeto Metálico;1.0;1.0;1.0;150.0;03;0306;030608
2026;5;Braga;Esposende;Forjães;Mercúrio;2.0;2.0;2.0;130.0;03;0306;030608
2026;5;Braga;Esposende;Forjães;Outros/Não definido;57.0;57.0;57.0;855.0;03;0306;030608
2026;5;Braga;Esposende;Vila Chã;LED;301.0;301.0;301.0;12756.999992370605;03;0306;030615
2026;5;Braga;Esposende;Vila Chã;Mercúrio;10.0;10.0;10.0;800.0;03;0306;030615
2026;5;Braga;Esposende;Fonte Boa e Rio Tinto;Outros/Não definido;48.0;48.0;48.0;360.0;03;0306;030619
2026;5;Braga;Esposende;Palmeira de Faro e Curvos;Sódio;882.0;844.0;882.0;75160.0;03;0306;030620
2026;5;Braga;Fafe;Paços;LED;409.0;409.0;409.0;17171.0;03;0307;030719
2026;5;Braga;Fafe;Regadas;LED;498.0;495.0;498.0;18812.0;03;0307;030723
2026;5;Braga;Fafe;Regadas;Mercúrio;3.0;3.0;3.0;180.0;03;0307;030723
2026;5;Braga;Fafe;Regadas;Outros/Não definido;13.0;13.0;13.0;160.0;03;0307;030723
2026;5;Braga;Fafe;São Gens;Sódio;142.0;138.0;142.0;12780.0;03;0307;030728
2026;5;Braga;Fafe;Silvares (São Martinho);Mercúrio;10.0;10.0;10.0;530.0;03;0307;030729
2026;5;Braga;Fafe;Silvares (São Martinho);Outros/Não definido;2.0;2.0;2.0;45.0;03;0307;030729
2026;5;Braga;Fafe;Travassós;LED;683.0;683.0;683.0;29199.5;03;0307;030733
2026;5;Braga;Fafe;Travassós;Mercúrio;3.0;3.0;3.0;180.0;03;0307;030733
2026;5;Braga;Fafe;Vinhós;LED;300.0;300.0;300.0;13482.0;03;0307;030736
2026;5;Braga;Fafe;Antime e Silvares (São Clemente);LED;776.0;776.0;776.0;32821.40000152588;03;0307;030739
2026;5;Braga;Fafe;Antime e Silvares (São Clemente);Mercúrio;5.0;5.0;5.0;310.0;03;0307;030739
2026;5;Braga;Fafe;Antime e Silvares (São Clemente);Sódio;121.0;121.0;121.0;9640.0;03;0307;030739
2026;5;Braga;Fafe;Ardegão, Arnozela e Seidões;Outros/Não definido;3.0;3.0;3.0;;03;0307;030740
2026;5;Braga;Fafe;Cepães e Fareja;Sódio;87.0;87.0;89.0;6490.0;03;0307;030741
2026;5;Braga;Fafe;Freitas e Vila Cova;Outros/Não definido;3.0;3.0;3.0;;03;0307;030742
2026;5;Braga;Fafe;Monte e Queimadela;Outros/Não definido;1.0;1.0;1.0;45.0;03;0307;030743
2026;5;Braga;Fafe;Monte e Queimadela;Sódio;14.0;14.0;14.0;980.0;03;0307;030743
2026;5;Braga;Guimarães;Azurém;Iodeto Metálico;1.0;1.0;1.0;45.0;03;0308;030804
2026;5;Braga;Guimarães;Azurém;LED;722.0;661.0;722.0;35041.29998397827;03;0308;030804
2026;5;Braga;Guimarães;Azurém;Sódio;762.0;727.0;762.0;81630.0;03;0308;030804
2026;5;Braga;Guimarães;Barco;Outros/Não definido;73.0;73.0;73.0;;03;0308;030806
2026;5;Braga;Guimarães;Creixomil;LED;1096.0;968.0;1098.0;61998.70023727417;03;0308;030813
2026;5;Braga;Guimarães;Creixomil;Outros/Não definido;165.0;164.0;164.0;1750.0;03;0308;030813
2026;5;Braga;Guimarães;Gondar;Outros/Não definido;7.0;7.0;7.0;;03;0308;030821
2026;5;Braga;Guimarães;Longos;LED;465.0;465.0;465.0;15152.299945831299;03;0308;030827
2026;5;Braga;Guimarães;Longos;Mercúrio;2.0;2.0;2.0;130.0;03;0308;030827
2026;5;Braga;Guimarães;Longos;Sódio;18.0;18.0;18.0;1260.0;03;0308;030827
2026;5;Braga;Guimarães;Mesão Frio;LED;620.0;612.0;620.0;28059.80011367798;03;0308;030830
2026;5;Braga;Guimarães;Mesão Frio;Mercúrio;28.0;28.0;28.0;1850.0;03;0308;030830
2026;5;Braga;Guimarães;Mesão Frio;Outros/Não definido;73.0;73.0;73.0;;03;0308;030830
2026;5;Braga;Guimarães;Pencelo;Sódio;104.0;104.0;104.0;7400.0;03;0308;030835
2026;5;Braga;Guimarães;Pinheiro;Outros/Não definido;5.0;5.0;5.0;;03;0308;030836
2026;5;Braga;Guimarães;Ronfe;Mercúrio;27.0;27.0;27.0;1740.0;03;0308;030840
2026;5;Braga;Guimarães;Ronfe;Outros/Não definido;44.0;44.0;44.0;;03;0308;030840
2026;5;Braga;Guimarães;Ronfe;Sódio;553.0;533.0;553.0;45290.0;03;0308;030840
2026;5;Braga;Guimarães;Candoso (São Martinho);LED;374.0;369.0;374.0;12766.300003051758;03;0308;030857
2026;5;Braga;Guimarães;São Torcato;Outros/Não definido;79.0;76.0;79.0;;03;0308;030865
2026;5;Braga;Guimarães;São Torcato;Sódio;46.0;36.0;46.0;3800.0;03;0308;030865
2026;5;Braga;Guimarães;Urgezes;Mercúrio;4.0;4.0;4.0;320.0;03;0308;030871
2026;5;Braga;Guimarães;Urgezes;Sódio;666.0;626.0;666.0;59790.0;03;0308;030871
2026;5;Braga;Guimarães;Atães e Rendufe;Mercúrio;1.0;1.0;1.0;50.0;03;0308;030878
2026;5;Braga;Guimarães;Atães e Rendufe;Outros/Não definido;9.0;9.0;9.0;;03;0308;030878
2026;5;Braga;Guimarães;Candoso São Tiago e Mascotelos;Outros/Não definido;57.0;57.0;57.0;145.0;03;0308;030881
2026;5;Braga;Guimarães;Candoso São Tiago e Mascotelos;Sódio;82.0;76.0;82.0;8670.0;03;0308;030881
2026;5;Braga;Guimarães;Oliveira, São Paio e São Sebastião;LED;1313.0;1149.0;1333.0;49856.59980773926;03;0308;030884
2026;5;Braga;Guimarães;Oliveira, São Paio e São Sebastião;Outros/Não definido;664.0;655.0;664.0;1950.0;03;0308;030884
2026;5;Braga;Guimarães;Sande São Lourenço e Balazar;Outros/Não definido;60.0;60.0;60.0;490.0;03;0308;030886
2026;5;Braga;Guimarães;Sande Vila Nova e Sande São Clemente;LED;847.0;832.0;847.0;30635.299800872803;03;0308;030887
2026;5;Braga;Guimarães;Sande Vila Nova e Sande São Clemente;Mercúrio;2.0;2.0;2.0;160.0;03;0308;030887
2026;5;Braga;Guimarães;Serzedo e Calvos;Mercúrio;4.0;4.0;4.0;260.0;03;0308;030889
2026;5;Braga;Guimarães;Serzedo e Calvos;Outros/Não definido;5.0;5.0;5.0;225.0;03;0308;030889
2026;5;Braga;Guimarães;Serzedo e Calvos;Sódio;27.0;26.0;27.0;2390.0;03;0308;030889
2026;5;Braga;Póvoa de Lanhoso;Póvoa de Lanhoso (Nossa Senhora do Amparo);LED;2087.0;1912.0;2087.0;75473.80000305176;03;0309;030919
2026;5;Braga;Vieira do Minho;Eira Vedra;Outros/Não definido;20.0;20.0;20.0;225.0;03;0311;031107
2026;5;Braga;Vieira do Minho;Anjos e Vilar do Chão;LED;372.0;372.0;372.0;14013.0;03;0311;031123
2026;5;Braga;Vila Nova de Famalicão;Delães;LED;605.0;596.0;611.0;25491.20000076294;03;0312;031213
2026;5;Braga;Vila Nova de Famalicão;Joane;LED;930.0;916.0;930.0;44241.40000152588;03;0312;031219
2026;5;Braga;Vila Nova de Famalicão;Joane;Outros/Não definido;53.0;49.0;50.0;2293.400001525879;03;0312;031219
2026;5;Braga;Vila Nova de Famalicão;Vale (São Martinho);LED;406.0;405.0;406.0;17907.1000289917;03;0312;031241
2026;5;Braga;Vila Nova de Famalicão;Esmeriz e Cabeçudos;Iodeto Metálico;8.0;8.0;8.0;560.0;03;0312;031254
2026;5;Braga;Vila Nova de Famalicão;Esmeriz e Cabeçudos;LED;894.0;878.0;894.0;41874.60000228882;03;0312;031254
2026;5;Braga;Vila Nova de Famalicão;Esmeriz e Cabeçudos;Sódio;322.0;319.0;322.0;36120.0;03;0312;031254
2026;5;Braga;Vila Nova de Famalicão;Vila Nova de Famalicão e Calendário;LED;1462.0;1397.0;1464.0;101996.40059280396;03;0312;031260
2026;5;Braga;Vila Verde;Freiriz;Sódio;17.0;17.0;17.0;1430.0;03;0313;031316
2026;5;Braga;Vila Verde;Gême;Sódio;87.0;87.0;87.0;8970.0;03;0313;031317
2026;5;Braga;Vila Verde;Lage;LED;655.0;633.0;655.0;27029.0;03;0313;031323
2026;5;Braga;Vila Verde;Vila de Prado;LED;606.0;590.0;606.0;26064.0;03;0313;031342
2026;5;Braga;Vila Verde;Vila de Prado;Sódio;209.0;201.0;209.0;25290.0;03;0313;031342
2026;5;Braga;Vila Verde;Turiz;Mercúrio;18.0;18.0;18.0;2700.0;03;0313;031354
2026;5;Braga;Vila Verde;Turiz;Outros/Não definido;188.0;185.0;194.0;45.0;03;0313;031354
2026;5;Braga;Vila Verde;Turiz;Sódio;194.0;192.0;194.0;16550.0;03;0313;031354
2026;5;Braga;Vila Verde;Esqueiros, Nevogilde e Travassós;LED;246.0;246.0;246.0;10115.400001525879;03;0313;031363
2026;5;Braga;Vila Verde;Esqueiros, Nevogilde e Travassós;Sódio;220.0;218.0;220.0;19250.0;03;0313;031363
2026;5;Braga;Vila Verde;Sande, Vilarinho, Barros e Gomide;LED;65.0;65.0;65.0;2957.400001525879;03;0313;031367
2026;5;Braga;Vila Verde;Sande, Vilarinho, Barros e Gomide;Outros/Não definido;39.0;39.0;39.0;745.0;03;0313;031367
2026;5;Braga;Vila Verde;Sande, Vilarinho, Barros e Gomide;Sódio;808.0;808.0;808.0;62350.0;03;0313;031367
2026;5;Braga;Vizela;Santa Eulália;LED;1158.0;1154.0;1158.0;50670.400035858154;03;0314;031401
2026;5;Braga;Vizela;Santa Eulália;Sódio;40.0;40.0;40.0;2890.0;03;0314;031401
2026;5;Braga;Vizela;Caldas de Vizela (São Miguel e São João);Mercúrio;4.0;4.0;4.0;320.0;03;0314;031408
2026;5;Bragança;Bragança;Samil;LED;691.0;651.0;693.0;36206.0;04;0402;040240
2026;5;Bragança;Bragança;Izeda, Calvelhe e Paradinha Nova;Outros/Não definido;8.0;8.0;8.0;;04;0402;040252
2026;5;Braga;Guimarães;Abação e Gémeos;LED;682.0;681.0;682.0;18537.199619293213;03;0308;030875
2026;5;Braga;Guimarães;Arosa e Castelões;LED;491.0;491.0;491.0;20099.499992370605;03;0308;030877
2026;5;Braga;Guimarães;Arosa e Castelões;Sódio;24.0;24.0;24.0;2210.0;03;0308;030877
2026;5;Braga;Guimarães;Briteiros Santo Estêvão e Donim;LED;788.0;781.0;788.0;29175.999992370605;03;0308;030879
2026;5;Braga;Guimarães;Briteiros São Salvador e Briteiros Santa Leocádia;Sódio;2.0;2.0;2.0;140.0;03;0308;030880
2026;5;Braga;Guimarães;Conde e Gandarela;Mercúrio;1.0;1.0;1.0;50.0;03;0308;030882
2026;5;Braga;Guimarães;Conde e Gandarela;Outros/Não definido;8.0;8.0;8.0;;03;0308;030882
2026;5;Braga;Guimarães;Prazins Santo Tirso e Corvite;Mercúrio;9.0;9.0;9.0;450.0;03;0308;030885
2026;5;Braga;Guimarães;Prazins Santo Tirso e Corvite;Outros/Não definido;10.0;10.0;10.0;;03;0308;030885
2026;5;Braga;Guimarães;Prazins Santo Tirso e Corvite;Sódio;33.0;33.0;33.0;2310.0;03;0308;030885
2026;5;Braga;Guimarães;Souto Santa Maria, Souto São Salvador e Gondomar;Mercúrio;7.0;7.0;7.0;410.0;03;0308;030890
2026;5;Braga;Guimarães;Tabuadelo e São Faustino;Mercúrio;5.0;5.0;5.0;340.0;03;0308;030891
2026;5;Braga;Guimarães;Tabuadelo e São Faustino;Sódio;31.0;30.0;31.0;2100.0;03;0308;030891
2026;5;Braga;Póvoa de Lanhoso;Ferreiros;Outros/Não definido;16.0;16.0;16.0;;03;0309;030908
2026;5;Braga;Póvoa de Lanhoso;Monsul;Outros/Não definido;2.0;2.0;2.0;90.0;03;0309;030917
2026;5;Braga;Póvoa de Lanhoso;Rendufinho;Outros/Não definido;5.0;5.0;5.0;45.0;03;0309;030921
2026;5;Braga;Póvoa de Lanhoso;Santo Emilião;Outros/Não definido;31.0;31.0;31.0;;03;0309;030922
2026;5;Braga;Póvoa de Lanhoso;São João de Rei;LED;275.0;273.0;275.0;10031.0;03;0309;030923
2026;5;Braga;Póvoa de Lanhoso;Travassos;Outros/Não definido;3.0;3.0;3.0;135.0;03;0309;030927
2026;5;Braga;Póvoa de Lanhoso;Vilela;Outros/Não definido;38.0;38.0;38.0;90.0;03;0309;030929
2026;5;Braga;Póvoa de Lanhoso;Águas Santas e Moure;LED;352.0;352.0;352.0;7492.0;03;0309;030930
2026;5;Braga;Póvoa de Lanhoso;Verim, Friande e Ajude;LED;501.0;498.0;501.0;12588.0;03;0309;030935
2026;5;Braga;Póvoa de Lanhoso;Verim, Friande e Ajude;Outros/Não definido;29.0;29.0;29.0;90.0;03;0309;030935
2026;5;Braga;Terras de Bouro;Balança;LED;257.0;257.0;257.0;8955.0;03;0310;031001
2026;5;Braga;Terras de Bouro;Campo do Gerês;LED;178.0;173.0;178.0;6782.0;03;0310;031003
2026;5;Braga;Terras de Bouro;Carvalheira;Sódio;10.0;10.0;10.0;850.0;03;0310;031004
2026;5;Braga;Terras de Bouro;Moimenta;LED;370.0;370.0;370.0;22830.0;03;0310;031010
2026;5;Braga;Terras de Bouro;Rio Caldo;Outros/Não definido;23.0;23.0;23.0;1035.0;03;0310;031013
2026;5;Braga;Terras de Bouro;Rio Caldo;Sódio;67.0;35.0;67.0;2330.0;03;0310;031013
2026;5;Braga;Terras de Bouro;Valdosende;LED;376.0;370.0;376.0;13806.600036621094;03;0310;031015
2026;5;Braga;Terras de Bouro;Vilar da Veiga;Sódio;233.0;233.0;233.0;21730.0;03;0310;031017
2026;5;Braga;Terras de Bouro;Chamoim e Vilar;LED;245.0;245.0;245.0;9390.800003051758;03;0310;031018
2026;5;Braga;Terras de Bouro;Chamoim e Vilar;Outros/Não definido;63.0;63.0;63.0;135.0;03;0310;031018
2026;5;Braga;Terras de Bouro;Chorense e Monte;LED;310.0;310.0;310.0;10115.800003051758;03;0310;031019
2026;5;Braga;Terras de Bouro;Chorense e Monte;Sódio;10.0;10.0;10.0;850.0;03;0310;031019
2026;5;Braga;Terras de Bouro;Cibões e Brufe;LED;191.0;191.0;191.0;6162.0;03;0310;031020
2026;5;Braga;Terras de Bouro;Cibões e Brufe;Outros/Não definido;26.0;26.0;26.0;;03;0310;031020
2026;5;Braga;Vieira do Minho;Mosteiro;Outros/Não definido;15.0;15.0;15.0;710.0;03;0311;031110
2026;5;Braga;Vieira do Minho;Pinheiro;LED;292.0;292.0;292.0;11440.0;03;0311;031112
2026;5;Braga;Vieira do Minho;Salamonde;LED;266.0;266.0;266.0;9899.0;03;0311;031115
2026;5;Braga;Vieira do Minho;Salamonde;Outros/Não definido;1.0;1.0;1.0;45.0;03;0311;031115
2026;5;Braga;Vieira do Minho;Tabuaças;Outros/Não definido;2.0;2.0;2.0;;03;0311;031118
2026;5;Braga;Vieira do Minho;Vieira do Minho;LED;966.0;928.0;966.0;46579.0;03;0311;031120
2026;5;Braga;Vieira do Minho;Vieira do Minho;Outros/Não definido;53.0;53.0;65.0;45.0;03;0311;031120
2026;5;Braga;Vieira do Minho;Anissó e Soutelo;LED;309.0;309.0;309.0;10793.0;03;0311;031122
2026;5;Braga;Vieira do Minho;Ventosa e Cova;LED;534.0;534.0;534.0;21184.0;03;0311;031126
2026;5;Braga;Vila Nova de Famalicão;Bairro;LED;764.0;755.0;764.0;36147.30000305176;03;0312;031204
2026;5;Braga;Vila Nova de Famalicão;Bairro;Outros/Não definido;14.0;12.0;14.0;790.0;03;0312;031204
2026;5;Braga;Vila Nova de Famalicão;Brufe;LED;299.0;297.0;299.0;14421.800025939941;03;0312;031206
2026;5;Braga;Vila Nova de Famalicão;Castelões;Iodeto Metálico;5.0;5.0;5.0;750.0;03;0312;031210
2026;5;Braga;Vila Nova de Famalicão;Castelões;Outros/Não definido;2.0;2.0;2.0;;03;0312;031210
2026;5;Braga;Vila Nova de Famalicão;Castelões;Sódio;111.0;110.0;111.0;11220.0;03;0312;031210
2026;5;Braga;Vila Nova de Famalicão;Cruz;LED;506.0;506.0;506.0;21352.40000152588;03;0312;031212
2026;5;Braga;Vila Nova de Famalicão;Fradelos;LED;1145.0;1137.0;1151.0;50779.80001068115;03;0312;031215
2026;5;Braga;Vila Nova de Famalicão;Gavião;Mercúrio;4.0;4.0;4.0;320.0;03;0312;031216
2026;5;Braga;Vila Nova de Famalicão;Gavião;Sódio;578.0;577.0;578.0;61480.0;03;0312;031216
2026;5;Braga;Vila Nova de Famalicão;Landim;Outros/Não definido;44.0;44.0;44.0;;03;0312;031221
2026;5;Braga;Vila Nova de Famalicão;Landim;Sódio;52.0;50.0;52.0;4730.0;03;0312;031221
2026;5;Braga;Vila Nova de Famalicão;Lousado;LED;905.0;899.0;905.0;39262.0;03;0312;031224
2026;5;Braga;Vila Nova de Famalicão;Lousado;Sódio;314.0;308.0;314.0;29840.0;03;0312;031224
2026;5;Braga;Vila Nova de Famalicão;Mogege;Sódio;84.0;79.0;79.0;9890.0;03;0312;031225
2026;5;Braga;Vila Nova de Famalicão;Pousada de Saramagos;LED;387.0;363.0;387.0;15349.800003051758;03;0312;031232
2026;5;Braga;Vila Nova de Famalicão;Ribeirão;LED;1446.0;1436.0;1446.0;61828.000019073486;03;0312;031235
2026;5;Braga;Vila Nova de Famalicão;Oliveira (Santa Maria);LED;799.0;796.0;799.0;39631.0;03;0312;031239
2026;5;Braga;Vila Nova de Famalicão;Oliveira (Santa Maria);Sódio;125.0;125.0;125.0;14510.0;03;0312;031239
2026;5;Braga;Vila Nova de Famalicão;Oliveira (São Mateus);Outros/Não definido;81.0;80.0;81.0;1720.0;03;0312;031242
2026;5;Braga;Vila Nova de Famalicão;Arnoso (Santa Maria e Santa Eulália) e Sezures;LED;957.0;951.0;957.0;39611.60000228882;03;0312;031251
2026;5;Braga;Vila Nova de Famalicão;Arnoso (Santa Maria e Santa Eulália) e Sezures;Sódio;60.0;58.0;60.0;5340.0;03;0312;031251
2026;5;Braga;Vila Nova de Famalicão;Avidos e Lagoa;LED;747.0;741.0;747.0;35758.400119781494;03;0312;031252
2026;5;Braga;Vila Nova de Famalicão;Avidos e Lagoa;Sódio;146.0;146.0;146.0;13250.0;03;0312;031252
2026;5;Braga;Vila Nova de Famalicão;Gondifelos, Cavalões e Outiz;LED;6.0;6.0;6.0;270.0;03;0312;031255
2026;5;Braga;Vila Nova de Famalicão;Gondifelos, Cavalões e Outiz;Sódio;1.0;1.0;1.0;70.0;03;0312;031255
2026;5;Braga;Vila Nova de Famalicão;Lemenhe, Mouquim e Jesufrei;Sódio;6.0;6.0;6.0;500.0;03;0312;031256
2026;5;Braga;Vila Nova de Famalicão;Vale (São Cosme), Telhado e Portela;LED;1573.0;1565.0;1573.0;62152.100006103516;03;0312;031259
2026;5;Braga;Vila Nova de Famalicão;Vale (São Cosme), Telhado e Portela;Outros/Não definido;37.0;37.0;37.0;;03;0312;031259
2026;5;Braga;Vila Nova de Famalicão;Vale (São Cosme), Telhado e Portela;Sódio;233.0;233.0;239.0;18330.0;03;0312;031259
2026;5;Braga;Vila Verde;Atiães;LED;51.0;51.0;51.0;2011.0;03;0313;031304
2026;5;Braga;Vila Verde;Atiães;Outros/Não definido;25.0;25.0;25.0;1190.0;03;0313;031304
2026;5;Braga;Vila Verde;Atiães;Sódio;218.0;218.0;218.0;20320.0;03;0313;031304
2026;5;Braga;Vila Verde;Cabanelas;Outros/Não definido;86.0;86.0;86.0;270.0;03;0313;031308
2026;5;Braga;Vila Verde;Cervães;Outros/Não definido;40.0;37.0;40.0;;03;0313;031309
2026;5;Braga;Vila Verde;Cervães;Sódio;281.0;275.0;281.0;25810.0;03;0313;031309
2026;5;Braga;Vila Verde;Coucieiro;LED;294.0;294.0;294.0;12893.600006103516;03;0313;031311
2026;5;Braga;Vila Verde;Dossãos;LED;158.0;158.0;158.0;6102.0;03;0313;031313
2026;5;Braga;Vila Verde;Dossãos;Sódio;71.0;71.0;71.0;5180.0;03;0313;031313
2026;5;Braga;Vila Verde;Oleiros;LED;102.0;102.0;102.0;4715.0;03;0313;031330
2026;5;Braga;Vila Verde;Parada de Gatim;LED;318.0;318.0;318.0;10207.0;03;0313;031331
2026;5;Braga;Vila Verde;Parada de Gatim;Outros/Não definido;21.0;21.0;21.0;;03;0313;031331
2026;5;Braga;Vila Verde;Pico;LED;28.0;28.0;28.0;1214.0;03;0313;031335
2026;5;Braga;Vila Verde;Pico;Outros/Não definido;14.0;14.0;14.0;135.0;03;0313;031335
2026;5;Braga;Vila Verde;Ponte;Mercúrio;8.0;8.0;8.0;540.0;03;0313;031337
2026;5;Braga;Vila Verde;Ponte;Outros/Não definido;33.0;28.0;33.0;;03;0313;031337
2026;5;Braga;Vila Verde;Ponte;Sódio;106.0;96.0;106.0;6780.0;03;0313;031337
2026;5;Braga;Vila Verde;Aboim da Nóbrega e Gondomar;Outros/Não definido;29.0;29.0;29.0;90.0;03;0313;031359
2026;5;Braga;Vila Verde;Aboim da Nóbrega e Gondomar;Sódio;63.0;63.0;63.0;5190.0;03;0313;031359
2026;5;Braga;Vila Verde;Marrancos e Arcozelo;Outros/Não definido;4.0;4.0;4.0;;03;0313;031364
2026;5;Braga;Vila Verde;Marrancos e Arcozelo;Sódio;34.0;34.0;34.0;2520.0;03;0313;031364
2026;5;Braga;Vila Verde;Pico de Regalados, Gondiães e Mós;Sódio;399.0;384.0;399.0;36200.0;03;0313;031366
2026;5;Braga;Vila Verde;Valbom (São Pedro), Passô e Valbom (São Martinho);Sódio;276.0;276.0;276.0;20180.0;03;0313;031368
2026;5;Braga;Vila Verde;Vade;LED;323.0;323.0;323.0;12676.0;03;0313;031369
2026;5;Braga;Vila Verde;Vade;Sódio;567.0;567.0;567.0;51960.0;03;0313;031369
2026;5;Braga;Vila Verde;Vila Verde e Barbudo;Outros/Não definido;723.0;694.0;725.0;280.0;03;0313;031370
2026;5;Braga;Vila Verde;Vila Verde e Barbudo;Sódio;351.0;332.0;351.0;48110.0;03;0313;031370
2026;5;Braga;Vizela;Infias;LED;685.0;680.0;685.0;29199.200004577637;03;0314;031404
2026;5;Braga;Vizela;Vizela (Santo Adrião);Outros/Não definido;22.0;22.0;22.0;;03;0314;031406
2026;5;Braga;Vizela;Tagilde e Vizela (São Paio);LED;891.0;891.0;891.0;35453.0;03;0314;031409
2026;5;Braga;Vizela;Tagilde e Vizela (São Paio);Mercúrio;1.0;1.0;1.0;80.0;03;0314;031409
2026;5;Bragança;Bragança;Alfaião;LED;160.0;160.0;160.0;5557.0;04;0402;040201
2026;5;Bragança;Bragança;Alfaião;Outros/Não definido;2.0;2.0;2.0;90.0;04;0402;040201
2026;5;Bragança;Bragança;Baçal;Outros/Não definido;11.0;11.0;11.0;225.0;04;0402;040204
2026;5;Bragança;Bragança;Castro de Avelãs;Sódio;4.0;4.0;4.0;280.0;04;0402;040209
2026;5;Bragança;Bragança;Donai;LED;281.0;281.0;281.0;12120.0;04;0402;040212
2026;5;Bragança;Bragança;Gimonde;LED;241.0;236.0;241.0;11036.0;04;0402;040216
2026;5;Bragança;Bragança;Gimonde;Outros/Não definido;2.0;2.0;2.0;45.0;04;0402;040216
2026;5;Bragança;Bragança;Gostei;Outros/Não definido;6.0;6.0;6.0;;04;0402;040218
2026;5;Bragança;Bragança;Macedo do Mato;LED;224.0;224.0;224.0;8858.0;04;0402;040221
2026;5;Bragança;Bragança;Macedo do Mato;Sódio;1.0;1.0;1.0;70.0;04;0402;040221
2026;5;Bragança;Bragança;Pinela;Outros/Não definido;1.0;1.0;1.0;;04;0402;040230
2026;5;Bragança;Bragança;Quintanilha;Sódio;2.0;2.0;2.0;300.0;04;0402;040232
2026;5;Bragança;Bragança;Rebordãos;LED;294.0;294.0;294.0;11762.0;04;0402;040236
2026;5;Bragança;Bragança;Salsas;LED;344.0;344.0;344.0;12799.0;04;0402;040239
2026;5;Bragança;Bragança;São Pedro de Sarracenos;Outros/Não definido;16.0;16.0;16.0;;04;0402;040244
2026;5;Bragança;Bragança;Sendas;Mercúrio;11.0;13.0;13.0;1330.0;04;0402;040246
2026;5;Bragança;Bragança;Sendas;Outros/Não definido;7.0;7.0;7.0;135.0;04;0402;040246
2026;5;Bragança;Bragança;Serapicos;Sódio;126.0;126.0;126.0;8820.0;04;0402;040247
2026;5;Bragança;Bragança;Zoio;Outros/Não definido;5.0;5.0;5.0;;04;0402;040249
2026;5;Bragança;Bragança;Aveleda e Rio de Onor;Outros/Não definido;6.0;6.0;6.0;135.0;04;0402;040250
2026;5;Bragança;Bragança;Aveleda e Rio de Onor;Sódio;7.0;7.0;7.0;490.0;04;0402;040250
2026;5;Bragança;Bragança;Castrelos e Carrazedo;LED;259.0;259.0;259.0;10447.0;04;0402;040251
2026;5;Bragança;Bragança;Parada e Failde;LED;583.0;583.0;583.0;24083.0;04;0402;040253
2026;5;Bragança;Bragança;Rio Frio e Milhão;Outros/Não definido;4.0;4.0;4.0;135.0;04;0402;040255
2026;5;Bragança;Bragança;Sé, Santa Maria e Meixedo;Iodeto Metálico;19.0;8.0;19.0;590.0;04;0402;040257
2026;5;Bragança;Bragança;Sé, Santa Maria e Meixedo;LED;6946.0;6722.0;6948.0;401823.0;04;0402;040257
2026;5;Bragança;Bragança;Sé, Santa Maria e Meixedo;Outros/Não definido;44.0;44.0;44.0;599.0;04;0402;040257
2026;5;Bragança;Carrazeda de Ansiães;Carrazeda de Ansiães;LED;1186.0;1136.0;1186.0;65430.600036621094;04;0403;040304
2026;5;Bragança;Carrazeda de Ansiães;Amedo e Zedes;LED;322.0;306.0;322.0;13617.0;04;0403;040320
2026;5;Bragança;Macedo de Cavaleiros;Lamas;Sódio;2.0;2.0;2.0;140.0;04;0405;040518
2026;5;Bragança;Macedo de Cavaleiros;Macedo de Cavaleiros;Outros/Não definido;21.0;21.0;21.0;;04;0405;040520
2026;5;Bragança;Miranda do douro;Miranda do Douro;LED;1372.0;1337.0;1381.0;87837.69996833801;04;0406;040608
2026;5;Bragança;Miranda do douro;Miranda do Douro;Outros/Não definido;479.0;420.0;433.0;6491.0;04;0406;040608
2026;5;Bragança;Miranda do douro;Miranda do Douro;Sódio;351.0;351.0;351.0;43930.0;04;0406;040608
2026;5;Bragança;Mirandela;Mascarenhas;Outros/Não definido;10.0;10.0;10.0;45.0;04;0407;040720
2026;5;Bragança;Mogadouro;Penas Roias;LED;409.0;407.0;409.0;16692.0;04;0408;040812
2026;5;Bragança;Mogadouro;Mogadouro, Valverde, Vale de Porco e Vilar de Rei;LED;2070.0;1955.0;2070.0;116355.49987792969;04;0408;040830
2026;5;Bragança;Mogadouro;Mogadouro, Valverde, Vale de Porco e Vilar de Rei;Sódio;299.0;242.0;299.0;40920.0;04;0408;040830
2026;5;Bragança;Vinhais;Vinhais;LED;1746.0;1661.0;1750.0;70997.70001220703;04;0412;041235
2026;5;Bragança;Vinhais;Vinhais;Outros/Não definido;273.0;243.0;273.0;1649.0;04;0412;041235
2026;5;Castelo Branco;Castelo Branco;Alcains;LED;701.0;676.0;701.0;48194.20018005371;05;0502;050201
2026;5;Castelo Branco;Castelo Branco;Alcains;Mercúrio;32.0;32.0;32.0;2530.0;05;0502;050201
2026;5;Castelo Branco;Castelo Branco;Alcains;Outros/Não definido;4.0;4.0;4.0;;05;0502;050201
2026;5;Castelo Branco;Castelo Branco;Benquerenças;Sódio;27.0;26.0;27.0;2360.0;05;0502;050203
2026;5;Castelo Branco;Castelo Branco;Castelo Branco;Fluorescente;3.0;3.0;3.0;150.0;05;0502;050205
2026;5;Castelo Branco;Castelo Branco;Castelo Branco;Iodeto Metálico;75.0;57.0;75.0;7990.0;05;0502;050205
2026;5;Castelo Branco;Castelo Branco;Castelo Branco;LED;4903.0;4335.0;4901.0;331844.60079956055;05;0502;050205
2026;5;Castelo Branco;Castelo Branco;Castelo Branco;Outros/Não definido;85.0;84.0;84.0;800.0;05;0502;050205
2026;5;Castelo Branco;Castelo Branco;Castelo Branco;Sódio;4298.0;3829.0;4298.0;607425.0;05;0502;050205
2026;5;Castelo Branco;Castelo Branco;São Vicente da Beira;Sódio;59.0;59.0;59.0;3680.0;05;0502;050222
2026;5;Castelo Branco;Castelo Branco;Escalos de Cima e Lousa;Mercúrio;2.0;2.0;2.0;250.0;05;0502;050228
2026;5;Castelo Branco;Castelo Branco;Escalos de Cima e Lousa;Sódio;23.0;23.0;23.0;2760.0;05;0502;050228
2026;5;Castelo Branco;Castelo Branco;Ninho do Açor e Sobral do Campo;LED;574.0;573.0;573.0;18959.400024414062;05;0502;050230
2026;5;Castelo Branco;Covilhã;Ferro;LED;392.0;391.0;392.0;15411.900001525879;05;0503;050311
2026;5;Castelo Branco;Covilhã;Ferro;Sódio;836.0;821.0;836.0;68420.0;05;0503;050311
2026;5;Castelo Branco;Covilhã;Covilhã e Canhoso;Outros/Não definido;81.0;63.0;63.0;45.0;05;0503;050335
2026;5;Castelo Branco;Covilhã;Covilhã e Canhoso;Sódio;3937.0;3689.0;3937.0;434360.0;05;0503;050335
2026;5;Bragança;Carrazeda de Ansiães;Linhares;LED;372.0;372.0;372.0;13851.0;04;0403;040308
2026;5;Bragança;Carrazeda de Ansiães;Marzagão;LED;225.0;225.0;225.0;10250.0;04;0403;040309
2026;5;Bragança;Carrazeda de Ansiães;Marzagão;Outros/Não definido;58.0;58.0;58.0;243.0;04;0403;040309
2026;5;Bragança;Carrazeda de Ansiães;Parambos;LED;160.0;160.0;160.0;4970.0;04;0403;040311
2026;5;Bragança;Carrazeda de Ansiães;Pinhal do Norte;LED;229.0;229.0;229.0;9306.0;04;0403;040313
2026;5;Bragança;Carrazeda de Ansiães;Pombal;LED;256.0;256.0;256.0;9312.0;04;0403;040314
2026;5;Bragança;Carrazeda de Ansiães;Seixo de Ansiães;LED;254.0;254.0;254.0;8071.800003051758;04;0403;040316
2026;5;Bragança;Carrazeda de Ansiães;Belver e Mogo de Malta;LED;290.0;290.0;290.0;9096.0;04;0403;040321
2026;5;Bragança;Macedo de Cavaleiros;Carrapatas;LED;144.0;141.0;144.0;5723.0;04;0405;040507
2026;5;Bragança;Macedo de Cavaleiros;Carrapatas;Outros/Não definido;24.0;24.0;24.0;;04;0405;040507
2026;5;Bragança;Macedo de Cavaleiros;Grijó;LED;338.0;334.0;338.0;14205.0;04;0405;040515
2026;5;Bragança;Macedo de Cavaleiros;Lamalonga;LED;382.0;380.0;382.0;14767.0;04;0405;040517
2026;5;Bragança;Macedo de Cavaleiros;Lombo;Sódio;110.0;110.0;110.0;8820.0;04;0405;040519
2026;5;Bragança;Macedo de Cavaleiros;Morais;LED;486.0;480.0;486.0;18485.0;04;0405;040521
2026;5;Bragança;Macedo de Cavaleiros;Morais;Outros/Não definido;3.0;3.0;3.0;;04;0405;040521
2026;5;Bragança;Macedo de Cavaleiros;Olmos;LED;183.0;183.0;183.0;7117.0;04;0405;040523
2026;5;Bragança;Macedo de Cavaleiros;Olmos;Outros/Não definido;1.0;1.0;1.0;;04;0405;040523
2026;5;Bragança;Macedo de Cavaleiros;Peredo;LED;202.0;200.0;202.0;7117.0;04;0405;040524
2026;5;Bragança;Macedo de Cavaleiros;Peredo;Outros/Não definido;3.0;3.0;3.0;;04;0405;040524
2026;5;Bragança;Macedo de Cavaleiros;Talhas;LED;248.0;247.0;248.0;12806.0;04;0405;040530
2026;5;Bragança;Macedo de Cavaleiros;Vale da Porca;LED;225.0;217.0;225.0;6809.400001525879;04;0405;040533
2026;5;Bragança;Alfândega da Fé;Sambade;Outros/Não definido;12.0;12.0;12.0;315.0;04;0401;040111
2026;5;Bragança;Alfândega da Fé;Vilarelhos;LED;220.0;211.0;220.0;8047.0;04;0401;040119
2026;5;Bragança;Alfândega da Fé;Agrobom, Saldonha e Vale Pereiro;LED;311.0;267.0;269.0;9562.800003051758;04;0401;040121
2026;5;Bragança;Alfândega da Fé;Agrobom, Saldonha e Vale Pereiro;Outros/Não definido;6.0;6.0;6.0;90.0;04;0401;040121
2026;5;Bragança;Alfândega da Fé;Eucisia, Gouveia e Valverde;LED;376.0;372.0;376.0;14570.0;04;0401;040122
2026;5;Bragança;Alfândega da Fé;Parada e Sendim da Ribeira;LED;249.0;243.0;249.0;8745.0;04;0401;040125
2026;5;Bragança;Alfândega da Fé;Parada e Sendim da Ribeira;Outros/Não definido;8.0;8.0;8.0;225.0;04;0401;040125
2026;5;Bragança;Alfândega da Fé;Pombal e Vales;LED;184.0;178.0;184.0;7285.0;04;0401;040126
2026;5;Bragança;Alfândega da Fé;Pombal e Vales;Outros/Não definido;10.0;10.0;10.0;;04;0401;040126
2026;5;Bragança;Freixo de Espada À Cinta;Ligares;LED;223.0;223.0;223.0;8987.0;04;0404;040404
2026;5;Bragança;Freixo de Espada À Cinta;Ligares;Outros/Não definido;15.0;15.0;15.0;;04;0404;040404
2026;5;Bragança;Freixo de Espada À Cinta;Poiares;LED;210.0;210.0;210.0;8602.0;04;0404;040406
2026;5;Bragança;Freixo de Espada À Cinta;Freixo de Espada à Cinta e Mazouco;Outros/Não definido;64.0;64.0;64.0;90.0;04;0404;040407
2026;5;Bragança;Macedo de Cavaleiros;Vale de Prados;LED;336.0;336.0;336.0;12189.40001296997;04;0405;040534
2026;5;Bragança;Macedo de Cavaleiros;Vilarinho de Agrochão;Outros/Não definido;1.0;1.0;1.0;;04;0405;040536
2026;5;Bragança;Macedo de Cavaleiros;Bornes e Burga;Outros/Não definido;10.0;10.0;10.0;45.0;04;0405;040540
2026;5;Bragança;Macedo de Cavaleiros;Podence e Santa Combinha;LED;427.0;427.0;427.0;18427.0;04;0405;040543
2026;5;Bragança;Macedo de Cavaleiros;Podence e Santa Combinha;Outros/Não definido;23.0;21.0;23.0;840.0;04;0405;040543
2026;5;Bragança;Macedo de Cavaleiros;Podence e Santa Combinha;Sódio;7.0;7.0;7.0;490.0;04;0405;040543
2026;5;Bragança;Macedo de Cavaleiros;Talhinhas e Bagueixe;Sódio;2.0;2.0;2.0;140.0;04;0405;040544
2026;5;Bragança;Miranda do douro;Malhadas;Outros/Não definido;15.0;15.0;15.0;450.0;04;0406;040607
2026;5;Bragança;Miranda do douro;Picote;Fluorescente;40.0;38.0;40.0;2660.0;04;0406;040611
2026;5;Bragança;Miranda do douro;Picote;LED;268.0;264.0;267.0;11930.100002288818;04;0406;040611
2026;5;Bragança;Miranda do douro;Picote;Sódio;9.0;7.0;9.0;970.0;04;0406;040611
2026;5;Bragança;Miranda do douro;Póvoa;LED;159.0;159.0;159.0;6244.0;04;0406;040612
2026;5;Bragança;Miranda do douro;Póvoa;Outros/Não definido;1.0;1.0;1.0;;04;0406;040612
2026;5;Bragança;Miranda do douro;São Martinho de Angueira;LED;320.0;315.0;315.0;12530.500003814697;04;0406;040613
2026;5;Bragança;Miranda do douro;Vila Chã de Braciosa;Outros/Não definido;7.0;7.0;7.0;270.0;04;0406;040616
2026;5;Bragança;Miranda do douro;Ifanes e Paradela;Outros/Não definido;7.0;7.0;7.0;45.0;04;0406;040619
2026;5;Bragança;Miranda do douro;Sendim e Atenor;Sódio;26.0;26.0;26.0;3500.0;04;0406;040620
2026;5;Bragança;Miranda do douro;Silva e Águas Vivas;Outros/Não definido;25.0;25.0;25.0;;04;0406;040621
2026;5;Bragança;Miranda do douro;Silva e Águas Vivas;Sódio;1.0;1.0;1.0;150.0;04;0406;040621
2026;5;Bragança;Mirandela;Abambres;Outros/Não definido;21.0;21.0;21.0;79.0;04;0407;040701
2026;5;Bragança;Mirandela;Aguieiras;LED;347.0;347.0;347.0;13466.0;04;0407;040703
2026;5;Bragança;Mirandela;Bouça;LED;263.0;254.0;260.0;9941.0;04;0407;040708
2026;5;Bragança;Mirandela;Bouça;Outros/Não definido;9.0;9.0;9.0;600.0;04;0407;040708
2026;5;Bragança;Mirandela;Bouça;Sódio;6.0;2.0;2.0;540.0;04;0407;040708
2026;5;Bragança;Mirandela;Carvalhais;LED;847.0;828.0;845.0;30031.40000152588;04;0407;040711
2026;5;Bragança;Mirandela;Cedães;LED;261.0;261.0;261.0;11315.0;04;0407;040712
2026;5;Bragança;Mirandela;Cobro;Outros/Não definido;11.0;11.0;11.0;45.0;04;0407;040713
2026;5;Bragança;Mirandela;Cobro;Sódio;1.0;1.0;1.0;70.0;04;0407;040713
2026;5;Bragança;Mirandela;Lamas de Orelhão;Sódio;5.0;5.0;5.0;500.0;04;0407;040718
2026;5;Bragança;Mirandela;Múrias;Outros/Não definido;15.0;15.0;15.0;225.0;04;0407;040722
2026;5;Bragança;Mirandela;Torre de Dona Chama;LED;688.0;667.0;688.0;26554.00001525879;04;0407;040730
2026;5;Bragança;Mirandela;Vale de Asnes;LED;152.0;152.0;152.0;6099.000022888184;04;0407;040731
2026;5;Bragança;Mirandela;Vale de Gouvinhas;Outros/Não definido;9.0;9.0;9.0;270.0;04;0407;040732
2026;5;Bragança;Mirandela;Vale de Telhas;LED;235.0;233.0;235.0;10653.0;04;0407;040734
2026;5;Bragança;Mirandela;Avantos e Romeu;LED;301.0;300.0;300.0;11283.0;04;0407;040738
2026;5;Bragança;Mirandela;Barcel, Marmelos e Valverde da Gestosa;Outros/Não definido;23.0;23.0;23.0;180.0;04;0407;040740
2026;5;Bragança;Mirandela;Barcel, Marmelos e Valverde da Gestosa;Sódio;62.0;62.0;62.0;4340.0;04;0407;040740
2026;5;Bragança;Mirandela;Franco e Vila Boa;Outros/Não definido;30.0;30.0;30.0;45.0;04;0407;040741
2026;5;Bragança;Mirandela;Franco e Vila Boa;Sódio;4.0;4.0;4.0;280.0;04;0407;040741
2026;5;Bragança;Mogadouro;Bemposta;Outros/Não definido;5.0;5.0;5.0;45.0;04;0408;040802
2026;5;Bragança;Mogadouro;Bruçó;Outros/Não definido;11.0;11.0;11.0;90.0;04;0408;040803
2026;5;Bragança;Mogadouro;Meirinhos;LED;293.0;291.0;293.0;10835.0;04;0408;040809
2026;5;Bragança;Mogadouro;Meirinhos;Outros/Não definido;6.0;6.0;6.0;;04;0408;040809
2026;5;Bragança;Mogadouro;Paradela;LED;143.0;143.0;143.0;6282.0;04;0408;040811
2026;5;Bragança;Mogadouro;Paradela;Outros/Não definido;13.0;13.0;13.0;;04;0408;040811
2026;5;Bragança;Mogadouro;Peredo da Bemposta;Outros/Não definido;6.0;6.0;6.0;90.0;04;0408;040813
2026;5;Bragança;Mogadouro;Saldanha;Outros/Não definido;35.0;35.0;35.0;45.0;04;0408;040815
2026;5;Bragança;Mogadouro;São Martinho do Peso;LED;274.0;274.0;274.0;8347.0;04;0408;040817
2026;5;Bragança;Mogadouro;Tó;LED;203.0;203.0;203.0;8500.0;04;0408;040819
2026;5;Bragança;Mogadouro;Urrós;Outros/Não definido;21.0;21.0;21.0;;04;0408;040821
2026;5;Bragança;Mogadouro;Urrós;Sódio;2.0;2.0;2.0;140.0;04;0408;040821
2026;5;Bragança;Mogadouro;Vale da Madre;Outros/Não definido;5.0;5.0;5.0;180.0;04;0408;040822
2026;5;Bragança;Mogadouro;Vila de Ala;LED;257.0;257.0;257.0;10294.0;04;0408;040826
2026;5;Bragança;Mogadouro;Brunhozinho, Castanheira e Sanhoane;Outros/Não definido;14.0;12.0;14.0;45.0;04;0408;040829
2026;5;Bragança;Mogadouro;Brunhozinho, Castanheira e Sanhoane;Sódio;2.0;2.0;2.0;140.0;04;0408;040829
2026;5;Bragança;Mogadouro;Remondes e Soutelo;Outros/Não definido;10.0;10.0;10.0;315.0;04;0408;040831
2026;5;Bragança;Mogadouro;Remondes e Soutelo;Sódio;2.0;2.0;2.0;140.0;04;0408;040831
2026;5;Bragança;Mogadouro;Vilarinho dos Galegos e Ventozelo;LED;318.0;318.0;318.0;11843.0;04;0408;040832
2026;5;Bragança;Vimioso;Argozelo;LED;476.0;466.0;476.0;18834.0;04;0411;041103
2026;5;Bragança;Vimioso;Pinelo;LED;266.0;265.0;274.0;12859.800003051758;04;0411;041109
2026;5;Bragança;Vimioso;Vilar Seco;LED;169.0;169.0;169.0;6365.200004577637;04;0411;041113
2026;5;Bragança;Vinhais;Agrochão;Outros/Não definido;5.0;5.0;5.0;;04;0412;041201
2026;5;Bragança;Vinhais;Agrochão;Sódio;3.0;3.0;3.0;210.0;04;0412;041201
2026;5;Bragança;Vinhais;Celas;LED;244.0;244.0;244.0;11739.600006103516;04;0412;041204
2026;5;Bragança;Vinhais;Ervedosa;LED;318.0;318.0;318.0;11892.0;04;0412;041208
2026;5;Bragança;Vinhais;Ervedosa;Outros/Não definido;10.0;10.0;10.0;180.0;04;0412;041208
2026;5;Bragança;Vinhais;Paçó;LED;217.0;217.0;217.0;8265.0;04;0412;041215
2026;5;Bragança;Vinhais;Tuizelo;LED;553.0;553.0;553.0;20268.0;04;0412;041226
2026;5;Bragança;Vinhais;Vila Verde;LED;202.0;202.0;202.0;8168.0;04;0412;041230
2026;5;Bragança;Vinhais;Vilar de Ossos;LED;270.0;268.0;270.0;10485.0;04;0412;041232
2026;5;Bragança;Vinhais;Vilar de Peregrinos;LED;150.0;150.0;150.0;7439.0;04;0412;041233
2026;5;Bragança;Vinhais;Vilar Seco de Lomba;LED;315.0;315.0;315.0;10947.0;04;0412;041234
2026;5;Bragança;Vinhais;Curopos e Vale de Janeiro;LED;394.0;394.0;394.0;17840.0;04;0412;041236
2026;5;Bragança;Vinhais;Curopos e Vale de Janeiro;Outros/Não definido;6.0;6.0;6.0;135.0;04;0412;041236
2026;5;Bragança;Vinhais;Moimenta e Montouto;LED;438.0;438.0;438.0;16163.0;04;0412;041237
2026;5;Bragança;Vinhais;Quirás e Pinheiro Novo;LED;485.0;485.0;485.0;17091.200050354004;04;0412;041239
2026;5;Bragança;Vinhais;Sobreiro de Baixo e Alvaredos;Sódio;1.0;1.0;1.0;70.0;04;0412;041240
2026;5;Bragança;Vinhais;Soeira, Fresulfe e Mofreita;Outros/Não definido;2.0;2.0;2.0;;04;0412;041241
2026;5;Castelo Branco;Castelo Branco;Almaceda;Mercúrio;1.0;1.0;1.0;50.0;05;0502;050202
2026;5;Castelo Branco;Castelo Branco;Malpica do Tejo;LED;312.0;312.0;312.0;10188.0;05;0502;050214
2026;5;Castelo Branco;Castelo Branco;Monforte da Beira;LED;226.0;226.0;226.0;10145.0;05;0502;050216
2026;5;Castelo Branco;Castelo Branco;Monforte da Beira;Sódio;18.0;18.0;18.0;1770.0;05;0502;050216
2026;5;Castelo Branco;Castelo Branco;Salgueiro do Campo;Outros/Não definido;2.0;2.0;2.0;45.0;05;0502;050220
2026;5;Castelo Branco;Castelo Branco;Salgueiro do Campo;Sódio;444.0;444.0;444.0;29180.0;05;0502;050220
2026;5;Castelo Branco;Castelo Branco;Santo André das Tojeiras;Outros/Não definido;3.0;3.0;3.0;90.0;05;0502;050221
2026;5;Castelo Branco;Castelo Branco;Sarzedas;Mercúrio;12.0;12.0;12.0;950.0;05;0502;050223
2026;5;Castelo Branco;Castelo Branco;Cebolais de Cima e Retaxo;Sódio;138.0;136.0;138.0;10690.0;05;0502;050226
2026;5;Castelo Branco;Castelo Branco;Escalos de Baixo e Mata;Outros/Não definido;1.0;1.0;1.0;;05;0502;050227
2026;5;Castelo Branco;Castelo Branco;Póvoa de Rio de Moinhos e Cafede;Mercúrio;13.0;13.0;13.0;740.0;05;0502;050231
2026;5;Castelo Branco;Covilhã;Aldeia de São Francisco de Assis;LED;16.0;16.0;16.0;650.0;05;0503;050302
2026;5;Castelo Branco;Covilhã;Boidobra;LED;227.0;197.0;227.0;9363.70000076294;05;0503;050305
2026;5;Castelo Branco;Covilhã;Cortes do Meio;Sódio;439.0;433.0;439.0;42490.0;05;0503;050308
2026;5;Castelo Branco;Covilhã;Dominguizo;Outros/Não definido;6.0;6.0;6.0;180.0;05;0503;050309
2026;5;Castelo Branco;Covilhã;Erada;Outros/Não definido;4.0;4.0;4.0;;05;0503;050310
2026;5;Castelo Branco;Covilhã;Erada;Sódio;187.0;187.0;187.0;13060.0;05;0503;050310
2026;5;Castelo Branco;Covilhã;Orjais;LED;176.0;176.0;176.0;7475.0;05;0503;050312
2026;5;Castelo Branco;Covilhã;Orjais;Outros/Não definido;13.0;11.0;11.0;630.0;05;0503;050312
2026;5;Castelo Branco;Covilhã;Paul;Sódio;914.0;908.0;914.0;69520.0;05;0503;050314
2026;5;Castelo Branco;Covilhã;Peraboa;Mercúrio;4.0;4.0;4.0;260.0;05;0503;050315
2026;5;Castelo Branco;Covilhã;Peraboa;Outros/Não definido;10.0;7.0;7.0;;05;0503;050315
2026;5;Castelo Branco;Covilhã;São Jorge da Beira;Outros/Não definido;4.0;3.0;3.0;;05;0503;050318
2026;5;Castelo Branco;Covilhã;Sobral de São Miguel;LED;99.0;99.0;99.0;3865.0;05;0503;050322
2026;5;Castelo Branco;Covilhã;Sobral de São Miguel;Outros/Não definido;22.0;11.0;11.0;;05;0503;050322
2026;5;Castelo Branco;Covilhã;Tortosendo;Sódio;1947.0;1862.0;1947.0;235550.0;05;0503;050324
2026;5;Castelo Branco;Covilhã;Unhais da Serra;Outros/Não definido;2.0;2.0;2.0;;05;0503;050325
2026;5;Castelo Branco;Covilhã;Barco e Coutada;Sódio;696.0;692.0;696.0;54160.0;05;0503;050332
2026;5;Castelo Branco;Covilhã;Casegas e Ourondo;Sódio;728.0;724.0;728.0;53450.0;05;0503;050334
2026;5;Castelo Branco;Covilhã;Peso e Vales do Rio;LED;75.0;71.0;75.0;3037.0;05;0503;050336
2026;5;Castelo Branco;Covilhã;Peso e Vales do Rio;Outros/Não definido;24.0;24.0;24.0;;05;0503;050336
2026;5;Castelo Branco;Fundão;Fundão, Valverde, Donas, A. Joanes, A. Nova do Cabo;LED;5955.0;5585.0;5945.0;203405.60012435913;05;0504;050434
2026;5;Castelo Branco;Idanha-a-Nova;Ladoeiro;LED;775.0;775.0;775.0;28762.400077819824;05;0505;050505
2026;5;Castelo Branco;Idanha-a-Nova;Ladoeiro;Outros/Não definido;15.0;15.0;15.0;675.0;05;0505;050505
2026;5;Castelo Branco;Idanha-a-Nova;Ladoeiro;Sódio;195.0;191.0;195.0;13360.0;05;0505;050505
2026;5;Castelo Branco;Idanha-a-Nova;Rosmaninhal;Sódio;381.0;381.0;381.0;22560.0;05;0505;050512
2026;5;Castelo Branco;Idanha-a-Nova;Idanha-a-Nova e Alcafozes;Iodeto Metálico;1.0;1.0;1.0;50.0;05;0505;050518
2026;5;Castelo Branco;Idanha-a-Nova;Idanha-a-Nova e Alcafozes;LED;1300.0;1229.0;1300.0;69206.39990997314;05;0505;050518
2026;5;Castelo Branco;Idanha-a-Nova;Idanha-a-Nova e Alcafozes;Outros/Não definido;19.0;19.0;19.0;100.0;05;0505;050518
2026;5;Castelo Branco;Proença-a-Nova;Proença-a-Nova e Peral;Outros/Não definido;105.0;103.0;103.0;945.0;05;0508;050807
2026;5;Castelo Branco;Proença-a-Nova;Proença-a-Nova e Peral;Sódio;1157.0;1085.0;1157.0;142020.0;05;0508;050807
2026;5;Castelo Branco;Sertã;Sertã;Indução;7.0;7.0;7.0;490.0;05;0509;050912
2026;5;Castelo Branco;Sertã;Sertã;Iodeto Metálico;8.0;8.0;8.0;800.0;05;0509;050912
2026;5;Castelo Branco;Sertã;Sertã;LED;3409.0;3264.0;3367.0;160805.60009002686;05;0509;050912
2026;5;Castelo Branco;Sertã;Sertã;Mercúrio;60.0;60.0;60.0;4155.0;05;0509;050912
2026;5;Castelo Branco;Vila Velha de Ródão;Vila Velha de Ródão;LED;1223.0;1217.0;1235.0;51824.50001144409;05;0511;051104
2026;5;Coimbra;Cantanhede;Febres;LED;1484.0;1461.0;1484.0;55500.00012588501;06;0602;060207
2026;5;Coimbra;Cantanhede;Febres;Mercúrio;19.0;19.0;19.0;950.0;06;0602;060207
2026;5;Coimbra;Cantanhede;Febres;Sódio;65.0;65.0;65.0;4980.0;06;0602;060207
2026;5;Coimbra;Cantanhede;Cantanhede e Pocariça;Mercúrio;31.0;27.0;31.0;1350.0;06;0602;060220
2026;5;Coimbra;Cantanhede;Sepins e Bolho;Iodeto Metálico;1.0;1.0;1.0;400.0;06;0602;060223
2026;5;Coimbra;Cantanhede;Sepins e Bolho;LED;812.0;802.0;812.0;28052.700023651123;06;0602;060223
2026;5;Coimbra;Cantanhede;Sepins e Bolho;Outros/Não definido;6.0;6.0;6.0;180.0;06;0602;060223
2026;5;Coimbra;Coimbra;Cernache;Outros/Não definido;60.0;57.0;60.0;100.0;06;0603;060312
2026;5;Coimbra;Coimbra;Cernache;Sódio;269.0;269.0;269.0;26550.0;06;0603;060312
2026;5;Coimbra;Coimbra;Santo António dos Olivais;Outros/Não definido;126.0;124.0;126.0;472.0;06;0603;060318
2026;5;Coimbra;Coimbra;Sé Nova, Santa Cruz, Almedina e São Bartolomeu;Outros/Não definido;159.0;155.0;159.0;290.0;06;0603;060334
2026;5;Coimbra;Coimbra;Santa Clara e Castelo Viegas;LED;2306.0;2263.0;2306.0;106148.10001373291;06;0603;060336
2026;5;Coimbra;Coimbra;Santa Clara e Castelo Viegas;Mercúrio;7.0;7.0;7.0;575.0;06;0603;060336
2026;5;Coimbra;Coimbra;Santa Clara e Castelo Viegas;Outros/Não definido;87.0;85.0;87.0;3240.0;06;0603;060336
2026;5;Coimbra;Coimbra;São Martinho do Bispo e Ribeira de Frades;LED;1057.0;1056.0;1057.0;47334.100006103516;06;0603;060338
2026;5;Coimbra;Coimbra;São Martinho do Bispo e Ribeira de Frades;Sódio;2199.0;2163.0;2199.0;217820.0;06;0603;060338
2026;5;Coimbra;Coimbra;Souselas e Botão;LED;824.0;824.0;824.0;29113.60000228882;06;0603;060339
2026;5;Coimbra;Coimbra;Souselas e Botão;Outros/Não definido;40.0;38.0;40.0;585.0;06;0603;060339
2026;5;Coimbra;Coimbra;Taveiro, Ameal e Arzila;Mercúrio;8.0;8.0;8.0;800.0;06;0603;060340
2026;5;Coimbra;Condeixa-a-Nova;Condeixa-a-Velha e Condeixa-a-Nova;LED;2477.0;2430.0;2477.0;178870.0;06;0604;060411
2026;5;Coimbra;Figueira da Foz;Maiorca;LED;1161.0;1151.0;1161.0;30993.0;06;0605;060507
2026;5;Coimbra;Figueira da Foz;Maiorca;Outros/Não definido;3.0;3.0;3.0;45.0;06;0605;060507
2026;5;Coimbra;Figueira da Foz;Marinha das Ondas;LED;1180.0;1150.0;1180.0;36856.0;06;0605;060508
2026;5;Coimbra;Figueira da Foz;Tavarede;Outros/Não definido;7.0;7.0;7.0;315.0;06;0605;060512
2026;5;Coimbra;Figueira da Foz;Buarcos e São Julião;LED;6451.0;5822.0;6481.0;222677.0;06;0605;060520
2026;5;Coimbra;Góis;Alvares;Iodeto Metálico;12.0;3.0;12.0;300.0;06;0606;060601
2026;5;Coimbra;Góis;Alvares;Outros/Não definido;15.0;15.0;15.0;505.0;06;0606;060601
2026;5;Coimbra;Mira;Mira;LED;3474.0;3449.0;3474.0;138216.50025177002;06;0608;060801
2026;5;Coimbra;Mira;Mira;Mercúrio;23.0;23.0;23.0;1180.0;06;0608;060801
2026;5;Coimbra;Mira;Praia de Mira;Fluorescente;12.0;12.0;12.0;600.0;06;0608;060804
2026;5;Castelo Branco;Covilhã;Vale Formoso e Aldeia do Souto;LED;28.0;28.0;28.0;919.0;05;0503;050338
2026;5;Castelo Branco;Covilhã;Vale Formoso e Aldeia do Souto;Sódio;683.0;681.0;683.0;50790.0;05;0503;050338
2026;5;Castelo Branco;Fundão;Alcaria;LED;938.0;826.0;937.0;26955.0;05;0504;050402
2026;5;Castelo Branco;Fundão;Bogas de Cima;LED;348.0;348.0;348.0;8890.0;05;0504;050410
2026;5;Bragança;Torre de Moncorvo;Açoreira;Outros/Não definido;1.0;1.0;1.0;;04;0409;040901
2026;5;Bragança;Torre de Moncorvo;Açoreira;Sódio;9.0;9.0;9.0;630.0;04;0409;040901
2026;5;Bragança;Torre de Moncorvo;Cabeça Boa;LED;277.0;277.0;277.0;10814.200149536133;04;0409;040903
2026;5;Bragança;Torre de Moncorvo;Carviçais;Iodeto Metálico;1.0;1.0;1.0;100.0;04;0409;040905
2026;5;Bragança;Torre de Moncorvo;Carviçais;LED;630.0;629.0;630.0;14147.0;04;0409;040905
2026;5;Bragança;Torre de Moncorvo;Castedo;LED;204.0;199.0;204.0;7848.0;04;0409;040906
2026;5;Bragança;Torre de Moncorvo;Castedo;Outros/Não definido;18.0;18.0;18.0;765.0;04;0409;040906
2026;5;Bragança;Torre de Moncorvo;Horta da Vilariça;LED;209.0;209.0;209.0;7175.0;04;0409;040909
2026;5;Bragança;Torre de Moncorvo;Horta da Vilariça;Outros/Não definido;7.0;7.0;7.0;45.0;04;0409;040909
2026;5;Bragança;Torre de Moncorvo;Larinho;Iodeto Metálico;22.0;22.0;22.0;2200.0;04;0409;040910
2026;5;Bragança;Torre de Moncorvo;Larinho;LED;339.0;329.0;339.0;9308.0;04;0409;040910
2026;5;Bragança;Torre de Moncorvo;Lousa;Iodeto Metálico;19.0;19.0;19.0;1330.0;04;0409;040911
2026;5;Bragança;Torre de Moncorvo;Lousa;Sódio;4.0;4.0;4.0;280.0;04;0409;040911
2026;5;Bragança;Torre de Moncorvo;Mós;Sódio;3.0;3.0;3.0;210.0;04;0409;040913
2026;5;Bragança;Torre de Moncorvo;Torre de Moncorvo;LED;1670.0;1519.0;1670.0;67588.90000152588;04;0409;040916
2026;5;Bragança;Torre de Moncorvo;Adeganha e Cardanha;Outros/Não definido;7.0;7.0;7.0;315.0;04;0409;040918
2026;5;Bragança;Torre de Moncorvo;Felgar e Souto da Velha;LED;700.0;700.0;700.0;14878.0;04;0409;040919
2026;5;Bragança;Torre de Moncorvo;Felgueiras e Maçores;Outros/Não definido;5.0;5.0;5.0;;04;0409;040920
2026;5;Bragança;Torre de Moncorvo;Felgueiras e Maçores;Sódio;27.0;27.0;27.0;2430.0;04;0409;040920
2026;5;Bragança;Vila Flor;Benlhevai;LED;142.0;142.0;142.0;5952.0;04;0410;041002
2026;5;Bragança;Vila Flor;Benlhevai;Outros/Não definido;4.0;4.0;4.0;;04;0410;041002
2026;5;Bragança;Vila Flor;Sampaio;LED;74.0;74.0;74.0;2146.0;04;0410;041011
2026;5;Bragança;Vila Flor;Sampaio;Outros/Não definido;11.0;11.0;11.0;;04;0410;041011
2026;5;Bragança;Vila Flor;Santa Comba de Vilariça;LED;259.0;259.0;259.0;11185.000007629395;04;0410;041012
2026;5;Bragança;Vila Flor;Santa Comba de Vilariça;Sódio;24.0;18.0;24.0;1740.0;04;0410;041012
2026;5;Bragança;Vila Flor;Trindade;Sódio;7.0;7.0;7.0;810.0;04;0410;041014
2026;5;Bragança;Vila Flor;Assares e Lodões;Sódio;4.0;4.0;4.0;400.0;04;0410;041020
2026;5;Bragança;Vila Flor;Candoso e Carvalho de Egas;LED;263.0;263.0;263.0;9341.0;04;0410;041021
2026;5;Bragança;Vila Flor;Valtorno e Mourão;LED;371.0;366.0;371.0;14872.0;04;0410;041022
2026;5;Bragança;Vila Flor;Vila Flor e Nabo;Sódio;276.0;219.0;276.0;31460.0;04;0410;041023
2026;5;Bragança;Vila Flor;Vilas Boas e Vilarinho das Azenhas;LED;522.0;476.0;522.0;16667.0;04;0410;041024
2026;5;Bragança;Vila Flor;Vilas Boas e Vilarinho das Azenhas;Outros/Não definido;40.0;40.0;40.0;45.0;04;0410;041024
2026;5;Castelo Branco;Belmonte;Caria;Outros/Não definido;11.0;11.0;11.0;100.0;05;0501;050102
2026;5;Castelo Branco;Belmonte;Caria;Sódio;37.0;37.0;37.0;3050.0;05;0501;050102
2026;5;Castelo Branco;Belmonte;Inguias;LED;706.0;706.0;706.0;26947.0;05;0501;050104
2026;5;Castelo Branco;Belmonte;Maçainhas;Sódio;3.0;3.0;3.0;170.0;05;0501;050105
2026;5;Castelo Branco;Belmonte;Belmonte e Colmeal da Torre;Iodeto Metálico;2.0;2.0;2.0;140.0;05;0501;050106
2026;5;Castelo Branco;Belmonte;Belmonte e Colmeal da Torre;Mercúrio;41.0;41.0;41.0;3160.0;05;0501;050106
2026;5;Castelo Branco;Belmonte;Belmonte e Colmeal da Torre;Outros/Não definido;28.0;26.0;26.0;675.0;05;0501;050106
2026;5;Castelo Branco;Fundão;Castelo Novo;LED;596.0;593.0;596.0;16100.0;05;0504;050413
2026;5;Castelo Branco;Fundão;Fatela;LED;376.0;376.0;376.0;8820.0;05;0504;050416
2026;5;Castelo Branco;Fundão;Lavacolhos;LED;214.0;210.0;210.0;7150.0;05;0504;050419
2026;5;Castelo Branco;Fundão;Pêro Viseu;LED;655.0;655.0;655.0;16564.0;05;0504;050421
2026;5;Castelo Branco;Fundão;Silvares;LED;850.0;846.0;850.0;28680.0;05;0504;050424
2026;5;Castelo Branco;Fundão;Silvares;Outros/Não definido;15.0;15.0;15.0;;05;0504;050424
2026;5;Castelo Branco;Fundão;Soalheira;LED;484.0;483.0;484.0;13218.0;05;0504;050425
2026;5;Castelo Branco;Fundão;Janeiro de Cima e Bogas de Baixo;LED;742.0;739.0;740.0;18139.0;05;0504;050433
2026;5;Castelo Branco;Fundão;Póvoa de Atalaia e Atalaia do Campo;LED;665.0;664.0;664.0;16862.0;05;0504;050435
2026;5;Castelo Branco;Fundão;Vale de Prazeres e Mata da Rainha;LED;1557.0;1548.0;1554.0;42001.0;05;0504;050436
2026;5;Castelo Branco;Idanha-a-Nova;Oledo;LED;333.0;333.0;333.0;12886.0;05;0505;050509
2026;5;Castelo Branco;Idanha-a-Nova;Oledo;Sódio;5.0;5.0;5.0;330.0;05;0505;050509
2026;5;Castelo Branco;Idanha-a-Nova;Toulões;LED;320.0;320.0;320.0;14400.0;05;0505;050516
2026;5;Castelo Branco;Idanha-a-Nova;Monfortinho e Salvaterra do Extremo;LED;881.0;854.0;885.0;35961.200134277344;05;0505;050519
2026;5;Castelo Branco;Idanha-a-Nova;Monfortinho e Salvaterra do Extremo;Sódio;113.0;111.0;115.0;12480.0;05;0505;050519
2026;5;Castelo Branco;Idanha-a-Nova;Zebreira e Segura;LED;918.0;914.0;921.0;29693.40000152588;05;0505;050521
2026;5;Castelo Branco;Idanha-a-Nova;Zebreira e Segura;Sódio;18.0;18.0;18.0;1140.0;05;0505;050521
2026;5;Castelo Branco;Proença-a-Nova;Montes da Senhora;Mercúrio;1.0;1.0;1.0;50.0;05;0508;050802
2026;5;Castelo Branco;Proença-a-Nova;Montes da Senhora;Outros/Não definido;12.0;12.0;12.0;405.0;05;0508;050802
2026;5;Castelo Branco;Proença-a-Nova;São Pedro do Esteval;Outros/Não definido;16.0;13.0;13.0;450.0;05;0508;050805
2026;5;Castelo Branco;Proença-a-Nova;Sobreira Formosa e Alvito da Beira;Outros/Não definido;24.0;12.0;12.0;430.0;05;0508;050808
2026;5;Castelo Branco;Proença-a-Nova;Sobreira Formosa e Alvito da Beira;Sódio;293.0;293.0;293.0;22070.0;05;0508;050808
2026;5;Castelo Branco;Sertã;Cabeçudo;LED;649.0;646.0;649.0;21921.200317382812;05;0509;050901
2026;5;Castelo Branco;Sertã;Carvalhal;Outros/Não definido;2.0;2.0;2.0;;05;0509;050902
2026;5;Castelo Branco;Sertã;Carvalhal;Sódio;3.0;3.0;3.0;150.0;05;0509;050902
2026;5;Castelo Branco;Sertã;Castelo;Outros/Não definido;9.0;9.0;9.0;;05;0509;050903
2026;5;Castelo Branco;Sertã;Castelo;Sódio;4.0;4.0;4.0;280.0;05;0509;050903
2026;5;Castelo Branco;Sertã;Troviscal;Mercúrio;45.0;45.0;45.0;2250.0;05;0509;050913
2026;5;Castelo Branco;Sertã;Troviscal;Sódio;18.0;18.0;18.0;1400.0;05;0509;050913
2026;5;Castelo Branco;Sertã;Várzea dos Cavaleiros;Mercúrio;15.0;15.0;15.0;750.0;05;0509;050914
2026;5;Castelo Branco;Sertã;Cernache do Bonjardim, Nesperal e Palhais;Mercúrio;13.0;13.0;13.0;725.0;05;0509;050915
2026;5;Castelo Branco;Sertã;Cernache do Bonjardim, Nesperal e Palhais;Sódio;184.0;179.0;184.0;17680.0;05;0509;050915
2026;5;Castelo Branco;Sertã;Cumeada e Marmeleiro;Mercúrio;6.0;6.0;6.0;300.0;05;0509;050916
2026;5;Castelo Branco;Vila de Rei;Fundada;Mercúrio;14.0;14.0;14.0;980.0;05;0510;051001
2026;5;Castelo Branco;Vila de Rei;Fundada;Outros/Não definido;15.0;15.0;15.0;395.0;05;0510;051001
2026;5;Castelo Branco;Vila de Rei;São João do Peso;LED;171.0;171.0;171.0;6454.400039672852;05;0510;051002
2026;5;Castelo Branco;Vila Velha de Ródão;Perais;LED;401.0;399.0;401.0;17374.400009155273;05;0511;051102
2026;5;Castelo Branco;Vila Velha de Ródão;Sarnadas de Ródão;LED;598.0;596.0;598.0;21852.200004577637;05;0511;051103
2026;5;Coimbra;Cantanhede;Ançã;Iodeto Metálico;2.0;2.0;2.0;800.0;06;0602;060201
2026;5;Coimbra;Cantanhede;Ançã;Outros/Não definido;14.0;14.0;14.0;;06;0602;060201
2026;5;Coimbra;Cantanhede;Ançã;Sódio;72.0;72.0;72.0;4940.0;06;0602;060201
2026;5;Coimbra;Cantanhede;Cordinhã;Outros/Não definido;1.0;1.0;1.0;;06;0602;060205
2026;5;Coimbra;Cantanhede;Murtede;LED;554.0;554.0;554.0;18990.0;06;0602;060208
2026;5;Coimbra;Cantanhede;Murtede;Mercúrio;31.0;31.0;31.0;1550.0;06;0602;060208
2026;5;Coimbra;Cantanhede;Ourentã;Sódio;105.0;105.0;105.0;7270.0;06;0602;060209
2026;5;Coimbra;Cantanhede;Tocha;Outros/Não definido;18.0;18.0;18.0;45.0;06;0602;060214
2026;5;Coimbra;Cantanhede;São Caetano;Sódio;82.0;82.0;82.0;5460.0;06;0602;060215
2026;5;Coimbra;Cantanhede;Sanguinheira;LED;821.0;821.0;821.0;27863.0;06;0602;060218
2026;5;Coimbra;Cantanhede;Sanguinheira;Mercúrio;10.0;10.0;10.0;500.0;06;0602;060218
2026;5;Coimbra;Cantanhede;Covões e Camarneira;LED;1508.0;1468.0;1508.0;55095.70000076294;06;0602;060221
2026;5;Coimbra;Cantanhede;Covões e Camarneira;Outros/Não definido;6.0;6.0;6.0;275.0;06;0602;060221
2026;5;Coimbra;Cantanhede;Portunhos e Outil;LED;798.0;798.0;798.0;28202.00004196167;06;0602;060222
2026;5;Coimbra;Cantanhede;Portunhos e Outil;Outros/Não definido;7.0;7.0;7.0;45.0;06;0602;060222
2026;5;Coimbra;Cantanhede;Vilamar e Corticeiro de Cima;LED;596.0;587.0;596.0;21114.300003051758;06;0602;060224
2026;5;Coimbra;Cantanhede;Vilamar e Corticeiro de Cima;Outros/Não definido;1.0;1.0;1.0;;06;0602;060224
2026;5;Coimbra;Coimbra;Almalaguês;Sódio;191.0;191.0;191.0;16090.0;06;0603;060301
2026;5;Coimbra;Coimbra;Brasfemes;Sódio;308.0;303.0;308.0;29580.0;06;0603;060309
2026;5;Coimbra;Coimbra;Ceira;Sódio;271.0;270.0;271.0;22570.0;06;0603;060311
2026;5;Coimbra;Coimbra;São João do Campo;Mercúrio;21.0;21.0;21.0;1050.0;06;0603;060320
2026;5;Coimbra;Coimbra;São João do Campo;Outros/Não definido;23.0;23.0;23.0;70.0;06;0603;060320
2026;5;Coimbra;Coimbra;São Silvestre;LED;356.0;348.0;356.0;12274.0;06;0603;060324
2026;5;Coimbra;Coimbra;São Silvestre;Mercúrio;2.0;2.0;2.0;100.0;06;0603;060324
2026;5;Coimbra;Coimbra;São Martinho de Árvore e Lamarosa;LED;757.0;757.0;757.0;22798.40000152588;06;0603;060337
2026;5;Coimbra;Coimbra;São Martinho de Árvore e Lamarosa;Mercúrio;7.0;7.0;7.0;350.0;06;0603;060337
2026;5;Coimbra;Coimbra;São Martinho de Árvore e Lamarosa;Sódio;241.0;241.0;241.0;19130.0;06;0603;060337
2026;5;Coimbra;Coimbra;Trouxemil e Torre de Vilela;Iodeto Metálico;1.0;1.0;1.0;70.0;06;0603;060341
2026;5;Coimbra;Coimbra;Trouxemil e Torre de Vilela;Outros/Não definido;38.0;38.0;38.0;;06;0603;060341
2026;5;Coimbra;Condeixa-a-Nova;Ega;LED;936.0;936.0;936.0;28994.0;06;0604;060406
2026;5;Coimbra;Condeixa-a-Nova;Zambujal;LED;233.0;232.0;233.0;7737.0;06;0604;060410
2026;5;Coimbra;Condeixa-a-Nova;Vila Seca e Bem da Fé;LED;452.0;452.0;452.0;11624.0;06;0604;060413
2026;5;Coimbra;Figueira da Foz;Vila Verde;Outros/Não definido;1.0;1.0;1.0;24.0;06;0605;060513
2026;5;Coimbra;Figueira da Foz;São Pedro;LED;1224.0;1178.0;1224.0;46110.0;06;0605;060514
2026;5;Coimbra;Figueira da Foz;São Pedro;Outros/Não definido;143.0;143.0;143.0;;06;0605;060514
2026;5;Coimbra;Figueira da Foz;Alhadas;Sódio;2.0;2.0;2.0;140.0;06;0605;060519
2026;5;Coimbra;Figueira da Foz;Paião;LED;1338.0;1314.0;1338.0;38337.000007629395;06;0605;060523
2026;5;Coimbra;Góis;Góis;LED;1582.0;1547.0;1582.0;55646.600006103516;06;0606;060604
2026;5;Coimbra;Góis;Cadafaz e Colmeal;Sódio;81.0;81.0;81.0;5620.0;06;0606;060606
2026;5;Coimbra;Mira;Seixo;Sódio;37.0;37.0;37.0;2750.0;06;0608;060802
2026;5;Coimbra;Mira;Carapelhos;LED;363.0;362.0;363.0;13433.0;06;0608;060803
2026;5;Coimbra;Mira;Carapelhos;Sódio;3.0;3.0;3.0;150.0;06;0608;060803
2026;5;Coimbra;Miranda do Corvo;Lamas;Outros/Não definido;1.0;1.0;1.0;29.0;06;0609;060901
2026;5;Coimbra;Miranda do Corvo;Vila Nova;LED;644.0;644.0;644.0;23736.0;06;0609;060905
2026;5;Coimbra;Miranda do Corvo;Vila Nova;Mercúrio;1.0;1.0;1.0;50.0;06;0609;060905
2026;5;Coimbra;Miranda do Corvo;Semide e Rio Vide;LED;1719.0;1699.0;1724.0;54377.60000228882;06;0609;060906
2026;5;Coimbra;Montemor-o-Velho;Arazede;LED;2157.0;2153.0;2157.0;74365.20000457764;06;0610;061002
2026;5;Coimbra;Montemor-o-Velho;Arazede;Sódio;577.0;577.0;593.0;52810.0;06;0610;061002
2026;5;Coimbra;Montemor-o-Velho;Liceia;Outros/Não definido;4.0;4.0;4.0;230.0;06;0610;061005
2026;5;Coimbra;Montemor-o-Velho;Meãs do Campo;Mercúrio;6.0;6.0;6.0;300.0;06;0610;061006
2026;5;Coimbra;Montemor-o-Velho;Meãs do Campo;Sódio;51.0;51.0;51.0;3730.0;06;0610;061006
2026;5;Coimbra;Montemor-o-Velho;Pereira;Outros/Não definido;13.0;12.0;13.0;1690.0;06;0610;061008
2026;5;Coimbra;Montemor-o-Velho;Santo Varão;Mercúrio;1.0;1.0;1.0;50.0;06;0610;061009
2026;5;Coimbra;Montemor-o-Velho;Seixo de Gatões;Sódio;183.0;183.0;183.0;10850.0;06;0610;061010
2026;5;Coimbra;Montemor-o-Velho;Tentúgal;Outros/Não definido;8.0;8.0;8.0;90.0;06;0610;061011
2026;5;Coimbra;Montemor-o-Velho;Tentúgal;Sódio;222.0;209.0;222.0;17300.0;06;0610;061011
2026;5;Coimbra;Montemor-o-Velho;Montemor-o-Velho e Gatões;Mercúrio;37.0;37.0;37.0;1870.0;06;0610;061016
2026;5;Coimbra;Oliveira do Hospital;Oliveira do Hospital e São Paio de Gramaços;Mercúrio;1.0;1.0;1.0;50.0;06;0611;061124
2026;5;Coimbra;Oliveira do Hospital;Oliveira do Hospital e São Paio de Gramaços;Outros/Não definido;11.0;10.0;10.0;275.0;06;0611;061124
2026;5;Coimbra;Penacova;Figueira de Lorvão;Outros/Não definido;3.0;3.0;3.0;135.0;06;0613;061302
2026;5;Coimbra;Penacova;Lorvão;Fluorescente;1.0;1.0;1.0;70.0;06;0613;061304
2026;5;Coimbra;Penacova;Lorvão;LED;1401.0;1386.0;1401.0;47859.50003051758;06;0613;061304
2026;5;Coimbra;Penacova;Lorvão;Sódio;18.0;18.0;18.0;1370.0;06;0613;061304
2026;5;Coimbra;Penacova;Penacova;Outros/Não definido;6.0;6.0;6.0;135.0;06;0613;061307
2026;5;Coimbra;Tábua;Tábua;Sódio;792.0;742.0;792.0;78120.0;06;0616;061614
2026;5;Évora;Borba;Borba (Matriz);Outros/Não definido;104.0;104.0;104.0;70.0;07;0703;070301
2026;5;Évora;Estremoz;Arcos;LED;477.0;469.0;471.0;13626.99984741211;07;0704;070401
2026;5;Évora;Estremoz;Arcos;Outros/Não definido;30.0;30.0;30.0;1207.0;07;0704;070401
2026;5;Évora;Estremoz;Estremoz (Santa Maria e Santo André);Sódio;66.0;66.0;66.0;5240.0;07;0704;070414
2026;5;Évora;Évora;Nossa Senhora de Machede;Outros/Não definido;1.0;1.0;1.0;;07;0705;070503
2026;5;Évora;Évora;Nossa Senhora de Machede;Sódio;13.0;13.0;13.0;910.0;07;0705;070503
2026;5;Évora;Évora;São Bento do Mato;Iodeto Metálico;3.0;3.0;3.0;1200.0;07;0705;070506
2026;5;Évora;Évora;São Bento do Mato;Outros/Não definido;11.0;6.0;6.0;900.0;07;0705;070506
2026;5;Évora;Évora;Canaviais;LED;944.0;942.0;944.0;24345.79981994629;07;0705;070515
2026;5;Évora;Évora;Bacelo e Senhora da Saúde;Sódio;111.0;107.0;111.0;11450.0;07;0705;070522
2026;5;Évora;Évora;Malagueira e Horta das Figueiras;LED;5672.0;5176.0;5694.0;246656.99906921387;07;0705;070524
2026;5;Évora;Évora;Malagueira e Horta das Figueiras;Mercúrio;44.0;44.0;44.0;3790.0;07;0705;070524
2026;5;Évora;Évora;N. S. da Tourega e N. S. de Guadalupe;LED;460.0;447.0;460.0;11910.599922180176;07;0705;070525
2026;5;Évora;Montemor-o-Novo;N. S. da Vila, N. S. do Bispo e Silveiras;LED;3001.0;2938.0;2999.0;113364.19912719727;07;0706;070612
2026;5;Évora;Montemor-o-Novo;N. S. da Vila, N. S. do Bispo e Silveiras;Mercúrio;5.0;5.0;5.0;490.0;07;0706;070612
2026;5;Évora;Montemor-o-Novo;N. S. da Vila, N. S. do Bispo e Silveiras;Outros/Não definido;80.0;80.0;80.0;360.0;07;0706;070612
2026;5;Évora;Mora;Mora;LED;939.0;872.0;939.0;34880.69961929321;07;0707;070703
2026;5;Évora;Mora;Mora;Mercúrio;4.0;4.0;4.0;260.0;07;0707;070703
2026;5;Évora;Mora;Mora;Sódio;78.0;76.0;78.0;5870.0;07;0707;070703
2026;5;Évora;Mourão;Granja;Outros/Não definido;1.0;1.0;1.0;45.0;07;0708;070801
2026;5;Évora;Redondo;Redondo;LED;1840.0;1800.0;1840.0;61404.39950942993;07;0710;071002
2026;5;Évora;Redondo;Redondo;Sódio;23.0;23.0;23.0;3650.0;07;0710;071002
2026;5;Évora;Reguengos de Monsaraz;Corval;LED;572.0;566.0;572.0;15242.999938964844;07;0711;071102
2026;5;Évora;Reguengos de Monsaraz;Reguengos de Monsaraz;Outros/Não definido;81.0;67.0;67.0;290.0;07;0711;071104
2026;5;Évora;Vendas Novas;Vendas Novas;LED;3589.0;3474.0;3589.0;139277.0983543396;07;0712;071201
2026;5;Évora;Vendas Novas;Vendas Novas;Sódio;7.0;7.0;7.0;570.0;07;0712;071201
2026;5;Évora;Viana do Alentejo;Alcáçovas;Sódio;1.0;1.0;1.0;70.0;07;0713;071301
2026;5;Évora;Vila Viçosa;Nossa Senhora da Conceição e São Bartolomeu;Sódio;20.0;20.0;20.0;1400.0;07;0714;071406
2026;5;Faro;Albufeira;Albufeira e Olhos de Água;Fluorescente;51.0;30.0;51.0;1500.0;08;0801;080106
2026;5;Faro;Aljezur;Aljezur;Mercúrio;7.0;7.0;7.0;350.0;08;0803;080301
2026;5;Faro;Aljezur;Aljezur;Sódio;254.0;232.0;261.0;20940.0;08;0803;080301
2026;5;Faro;Aljezur;Bordeira;Outros/Não definido;81.0;81.0;81.0;;08;0803;080302
2026;5;Faro;Aljezur;Bordeira;Sódio;29.0;29.0;29.0;2030.0;08;0803;080302
2026;5;Castelo Branco;Oleiros;Cambas;LED;640.0;640.0;640.0;26386.0;05;0506;050603
2026;5;Castelo Branco;Oleiros;Isna;LED;268.0;268.0;268.0;12398.0;05;0506;050605
2026;5;Castelo Branco;Oleiros;Madeirã;LED;344.0;344.0;344.0;15435.0;05;0506;050606
2026;5;Castelo Branco;Oleiros;Sarnadas de São Simão;LED;284.0;282.0;284.0;10670.0;05;0506;050610
2026;5;Castelo Branco;Oleiros;Oleiros-Amieira;Outros/Não definido;3.0;3.0;3.0;45.0;05;0506;050614
2026;5;Castelo Branco;Penamacor;Aranhas;LED;352.0;351.0;351.0;12289.0;05;0507;050704
2026;5;Castelo Branco;Penamacor;Benquerença;LED;617.0;609.0;617.0;26113.800006866455;05;0507;050706
2026;5;Castelo Branco;Penamacor;Benquerença;Outros/Não definido;3.0;3.0;3.0;45.0;05;0507;050706
2026;5;Castelo Branco;Penamacor;Meimão;Sódio;1.0;1.0;1.0;50.0;05;0507;050707
2026;5;Castelo Branco;Penamacor;Penamacor;LED;1442.0;1391.0;1442.0;60370.400398254395;05;0507;050710
2026;5;Castelo Branco;Penamacor;Salvador;Mercúrio;1.0;1.0;1.0;50.0;05;0507;050711
2026;5;Castelo Branco;Penamacor;Salvador;Outros/Não definido;4.0;1.0;1.0;;05;0507;050711
2026;5;Castelo Branco;Penamacor;Salvador;Sódio;6.0;6.0;6.0;420.0;05;0507;050711
2026;5;Castelo Branco;Penamacor;Vale da Senhora da Póvoa;LED;266.0;266.0;266.0;8911.0;05;0507;050712
2026;5;Castelo Branco;Penamacor;Vale da Senhora da Póvoa;Mercúrio;1.0;1.0;1.0;50.0;05;0507;050712
2026;5;Castelo Branco;Penamacor;Vale da Senhora da Póvoa;Outros/Não definido;1.0;1.0;1.0;;05;0507;050712
2026;5;Castelo Branco;Penamacor;Aldeia do Bispo, Águas e Aldeia de João Pires;Outros/Não definido;10.0;6.0;6.0;225.0;05;0507;050713
2026;5;Castelo Branco;Penamacor;Aldeia do Bispo, Águas e Aldeia de João Pires;Sódio;18.0;18.0;18.0;1380.0;05;0507;050713
2026;5;Castelo Branco;Penamacor;Pedrógão de São Pedro e Bemposta;LED;711.0;709.0;709.0;28748.0;05;0507;050714
2026;5;Castelo Branco;Penamacor;Pedrógão de São Pedro e Bemposta;Sódio;47.0;42.0;47.0;3670.0;05;0507;050714
2026;5;Coimbra;Arganil;Benfeita;Sódio;216.0;214.0;216.0;14330.0;06;0601;060104
2026;5;Coimbra;Arganil;Folques;LED;380.0;380.0;380.0;10752.5;06;0601;060109
2026;5;Coimbra;Arganil;Folques;Outros/Não definido;4.0;4.0;4.0;169.0;06;0601;060109
2026;5;Coimbra;Arganil;Folques;Sódio;6.0;6.0;6.0;380.0;06;0601;060109
2026;5;Coimbra;Arganil;Piódão;LED;228.0;228.0;228.0;7014.0;06;0601;060111
2026;5;Coimbra;Arganil;Piódão;Sódio;282.0;282.0;282.0;18810.0;06;0601;060111
2026;5;Coimbra;Arganil;Pombeiro da Beira;LED;686.0;686.0;686.0;21352.0;06;0601;060113
2026;5;Coimbra;Arganil;Pombeiro da Beira;Sódio;30.0;30.0;30.0;1980.0;06;0601;060113
2026;5;Coimbra;Arganil;São Martinho da Cortiça;Mercúrio;17.0;17.0;17.0;850.0;06;0601;060114
2026;5;Coimbra;Arganil;São Martinho da Cortiça;Sódio;392.0;388.0;392.0;27220.0;06;0601;060114
2026;5;Coimbra;Arganil;Sarzedo;Sódio;31.0;31.0;31.0;2110.0;06;0601;060115
2026;5;Coimbra;Arganil;Cepos e Teixeira;LED;292.0;291.0;292.0;7098.5;06;0601;060119
2026;5;Coimbra;Arganil;Cerdeira e Moura da Serra;Mercúrio;3.0;3.0;3.0;150.0;06;0601;060120
2026;5;Coimbra;Arganil;Côja e Barril de Alva;Iodeto Metálico;2.0;2.0;2.0;140.0;06;0601;060121
2026;5;Coimbra;Arganil;Côja e Barril de Alva;LED;826.0;817.0;826.0;26557.40000152588;06;0601;060121
2026;5;Coimbra;Arganil;Côja e Barril de Alva;Mercúrio;96.0;96.0;96.0;4800.0;06;0601;060121
2026;5;Coimbra;Arganil;Vila Cova de Alva e Anseriz;Mercúrio;2.0;2.0;2.0;130.0;06;0601;060122
2026;5;Coimbra;Lousã;Serpins;Outros/Não definido;4.0;4.0;4.0;135.0;06;0607;060704
2026;5;Coimbra;Lousã;Gândaras;Outros/Não definido;35.0;35.0;35.0;945.0;06;0607;060706
2026;5;Coimbra;Lousã;Foz de Arouce e Casal de Ermio;Sódio;47.0;47.0;47.0;4220.0;06;0607;060707
2026;5;Coimbra;Lousã;Lousã e Vilarinho;Fluorescente;2.0;2.0;2.0;100.0;06;0607;060708
2026;5;Coimbra;Oliveira do Hospital;Aldeia das Dez;LED;293.0;293.0;293.0;9866.0;06;0611;061101
2026;5;Coimbra;Oliveira do Hospital;Alvoco das Várzeas;LED;276.0;274.0;275.0;9736.0;06;0611;061102
2026;5;Coimbra;Oliveira do Hospital;Avô;Sódio;173.0;171.0;171.0;13280.0;06;0611;061103
2026;5;Coimbra;Oliveira do Hospital;Bobadela;Sódio;44.0;44.0;44.0;3650.0;06;0611;061104
2026;5;Coimbra;Oliveira do Hospital;Lourosa;Outros/Não definido;6.0;6.0;6.0;270.0;06;0611;061109
2026;5;Coimbra;Oliveira do Hospital;Lourosa;Sódio;108.0;108.0;108.0;8180.0;06;0611;061109
2026;5;Coimbra;Oliveira do Hospital;Meruge;LED;310.0;310.0;310.0;11328.0;06;0611;061110
2026;5;Coimbra;Oliveira do Hospital;Nogueira do Cravo;Mercúrio;1.0;1.0;1.0;50.0;06;0611;061111
2026;5;Coimbra;Oliveira do Hospital;São Gião;Outros/Não definido;1.0;1.0;1.0;45.0;06;0611;061115
2026;5;Coimbra;Oliveira do Hospital;Seixo da Beira;Mercúrio;1.0;1.0;1.0;50.0;06;0611;061118
2026;5;Coimbra;Oliveira do Hospital;Travanca de Lagos;Outros/Não definido;62.0;61.0;61.0;1080.0;06;0611;061119
2026;5;Coimbra;Oliveira do Hospital;Travanca de Lagos;Sódio;208.0;208.0;208.0;14330.0;06;0611;061119
2026;5;Coimbra;Oliveira do Hospital;Penalva de Alva e São Sebastião da Feira;Mercúrio;4.0;4.0;4.0;200.0;06;0611;061125
2026;5;Coimbra;Oliveira do Hospital;Santa Ovaia e Vila Pouca da Beira;LED;466.0;466.0;466.0;15524.0;06;0611;061126
2026;5;Coimbra;Penacova;Carvalho;LED;704.0;704.0;704.0;21803.0;06;0613;061301
2026;5;Coimbra;Penacova;Sazes do Lorvão;Mercúrio;1.0;1.0;1.0;50.0;06;0613;061310
2026;5;Coimbra;Penacova;Sazes do Lorvão;Outros/Não definido;3.0;3.0;3.0;135.0;06;0613;061310
2026;5;Coimbra;Penacova;Friúmes e Paradela;Sódio;18.0;15.0;18.0;1170.0;06;0613;061312
2026;5;Coimbra;Penela;Cumeeira;Outros/Não definido;9.0;9.0;9.0;135.0;06;0614;061401
2026;5;Coimbra;Penela;Espinhal;Iodeto Metálico;7.0;7.0;7.0;1050.0;06;0614;061402
2026;5;Coimbra;Penela;Espinhal;Mercúrio;6.0;6.0;6.0;300.0;06;0614;061402
2026;5;Coimbra;Penela;Espinhal;Sódio;110.0;110.0;110.0;7770.0;06;0614;061402
2026;5;Coimbra;Tábua;Candosa;LED;471.0;468.0;471.0;16262.0;06;0616;061602
2026;5;Coimbra;Tábua;Candosa;Sódio;43.0;43.0;43.0;3610.0;06;0616;061602
2026;5;Coimbra;Tábua;Carapinha;Mercúrio;3.0;1.0;3.0;50.0;06;0616;061603
2026;5;Coimbra;Tábua;Midões;Sódio;629.0;626.0;629.0;52370.0;06;0616;061608
2026;5;Coimbra;Tábua;Póvoa de Midões;LED;220.0;200.0;220.0;6278.0;06;0616;061611
2026;5;Coimbra;Tábua;São João da Boa Vista;LED;211.0;211.0;211.0;6368.0;06;0616;061612
2026;5;Coimbra;Tábua;São João da Boa Vista;Mercúrio;3.0;3.0;3.0;150.0;06;0616;061612
2026;5;Coimbra;Tábua;São João da Boa Vista;Sódio;128.0;126.0;128.0;9450.0;06;0616;061612
2026;5;Coimbra;Tábua;Ázere e Covelo;LED;424.0;420.0;424.0;12635.0;06;0616;061616
2026;5;Coimbra;Tábua;Espariz e Sinde;Outros/Não definido;1.0;1.0;1.0;45.0;06;0616;061618
2026;5;Coimbra;Tábua;Pinheiro de Coja e Meda de Mouros;Sódio;207.0;207.0;207.0;14400.0;06;0616;061619
2026;5;Évora;Alandroal;Capelins (Santo António);LED;305.0;305.0;305.0;8115.999946594238;07;0701;070104
2026;5;Évora;Alandroal;Terena (São Pedro);LED;410.0;410.0;410.0;10978.199886322021;07;0701;070105
2026;5;Évora;Arraiolos;Igrejinha;LED;308.0;306.0;308.0;9016.599899291992;07;0702;070202
2026;5;Évora;Arraiolos;Vimieiro;Sódio;96.0;96.0;96.0;7220.0;07;0702;070206
2026;5;Évora;Arraiolos;Gafanhoeira (São Pedro) e Sabugueiro;Outros/Não definido;47.0;47.0;47.0;;07;0702;070208
2026;5;Évora;Arraiolos;São Gregório e Santa Justa;Sódio;25.0;25.0;25.0;1750.0;07;0702;070209
2026;5;Évora;Borba;Orada;LED;308.0;307.0;307.0;9946.899864196777;07;0703;070302
2026;5;Évora;Borba;Orada;Outros/Não definido;1.0;1.0;1.0;;07;0703;070302
2026;5;Évora;Borba;Borba (São Bartolomeu);LED;140.0;125.0;140.0;4656.199951171875;07;0703;070304
2026;5;Évora;Estremoz;Glória;Outros/Não definido;19.0;19.0;19.0;975.0;07;0704;070402
2026;5;Évora;Estremoz;Évora Monte (Santa Maria);Sódio;9.0;9.0;9.0;690.0;07;0704;070404
2026;5;Évora;Estremoz;São Bento do Cortiço e Santo Estêvão;Outros/Não definido;8.0;8.0;8.0;45.0;07;0704;070415
2026;5;Évora;Estremoz;São Lourenço de Mamporcão e São Bento de Ana Loura;LED;190.0;190.0;190.0;5057.299957275391;07;0704;070416
2026;5;Évora;Évora;Nossa Senhora da Graça do Divor;LED;220.0;220.0;220.0;9614.0;07;0705;070502
2026;5;Évora;Évora;São Miguel de Machede;Mercúrio;2.0;2.0;2.0;160.0;07;0705;070509
2026;5;Évora;Évora;Évora (São Mamede, Sé, São Pedro e Santo Antão);Iodeto Metálico;18.0;18.0;18.0;2140.0;07;0705;070523
2026;5;Évora;Évora;São Manços e São Vicente do Pigeiro;Mercúrio;1.0;1.0;1.0;80.0;07;0705;070526
2026;5;Évora;Évora;S. Sebastião da Giesteira e N. S. da Boa Fé;Mercúrio;2.0;2.0;2.0;160.0;07;0705;070527
2026;5;Évora;Évora;S. Sebastião da Giesteira e N. S. da Boa Fé;Outros/Não definido;4.0;4.0;4.0;140.0;07;0705;070527
2026;5;Évora;Montemor-o-Novo;Ciborro;LED;208.0;206.0;208.0;5467.499946594238;07;0706;070607
2026;5;Évora;Montemor-o-Novo;Foros de Vale de Figueira;Sódio;3.0;3.0;3.0;210.0;07;0706;070610
2026;5;Évora;Montemor-o-Novo;Cortiçadas de Lavre e Lavre;LED;686.0;676.0;686.0;18888.39980697632;07;0706;070611
2026;5;Évora;Mora;Brotas;Outros/Não definido;31.0;31.0;31.0;;07;0707;070701
2026;5;Évora;Mora;Cabeção;Mercúrio;1.0;1.0;1.0;50.0;07;0707;070702
2026;5;Évora;Mora;Cabeção;Sódio;28.0;28.0;28.0;3220.0;07;0707;070702
2026;5;Évora;Mora;Pavia;LED;424.0;419.0;424.0;14713.399810791016;07;0707;070704
2026;5;Évora;Mourão;Luz;LED;261.0;250.0;261.0;10265.999900817871;07;0708;070802
2026;5;Évora;Mourão;Mourão;Sódio;20.0;20.0;20.0;1400.0;07;0708;070803
2026;5;Évora;Portel;Monte do Trigo;LED;313.0;291.0;313.0;11460.299900054932;07;0709;070903
2026;5;Évora;Portel;Monte do Trigo;Outros/Não definido;2.0;2.0;2.0;195.0;07;0709;070903
2026;5;Évora;Portel;Santana;Outros/Não definido;7.0;7.0;7.0;;07;0709;070906
2026;5;Évora;Portel;Santana;Sódio;20.0;20.0;20.0;1910.0;07;0709;070906
2026;5;Évora;Portel;Vera Cruz;Outros/Não definido;7.0;7.0;7.0;;07;0709;070908
2026;5;Évora;Portel;Amieira e Alqueva;Sódio;28.0;28.0;28.0;2260.0;07;0709;070909
2026;5;Évora;Redondo;Montoito;LED;641.0;640.0;641.0;16625.29990386963;07;0710;071001
2026;5;Évora;Reguengos de Monsaraz;Monsaraz;LED;485.0;483.0;485.0;16427.199851989746;07;0711;071103
2026;5;Évora;Reguengos de Monsaraz;Monsaraz;Mercúrio;5.0;5.0;5.0;250.0;07;0711;071103
2026;5;Évora;Reguengos de Monsaraz;Monsaraz;Outros/Não definido;69.0;26.0;26.0;95.0;07;0711;071103
2026;5;Évora;Reguengos de Monsaraz;Campo e Campinho;LED;516.0;507.0;516.0;13003.599960327148;07;0711;071106
2026;5;Évora;Reguengos de Monsaraz;Campo e Campinho;Outros/Não definido;5.0;5.0;5.0;;07;0711;071106
2026;5;Évora;Reguengos de Monsaraz;Campo e Campinho;Sódio;23.0;23.0;23.0;2870.0;07;0711;071106
2026;5;Évora;Viana do Alentejo;Aguiar;LED;412.0;404.0;412.0;15686.699989318848;07;0713;071303
2026;5;Évora;Vila Viçosa;Ciladas;Outros/Não definido;4.0;4.0;4.0;;07;0714;071402
2026;5;Faro;Albufeira;Paderne;Outros/Não definido;139.0;136.0;136.0;1865.0;08;0801;080103
2026;5;Faro;Albufeira;Paderne;Sódio;150.0;142.0;150.0;17320.0;08;0801;080103
2026;5;Faro;Albufeira;Ferreiras;LED;2003.0;1971.0;2003.0;109010.500415802;08;0801;080104
2026;5;Faro;Albufeira;Ferreiras;Outros/Não definido;106.0;85.0;94.0;335.0;08;0801;080104
2026;5;Faro;Aljezur;Odeceixe;Sódio;117.0;109.0;117.0;9460.0;08;0803;080303
2026;5;Faro;Aljezur;Rogil;Outros/Não definido;15.0;13.0;13.0;90.0;08;0803;080304
2026;5;Faro;Aljezur;Rogil;Sódio;59.0;57.0;59.0;5130.0;08;0803;080304
2026;5;Faro;Castro Marim;Azinhal;LED;428.0;428.0;428.0;13704.200012207031;08;0804;080401
2026;5;Faro;Castro Marim;Azinhal;Outros/Não definido;2.0;2.0;2.0;;08;0804;080401
2026;5;Faro;Castro Marim;Castro Marim;LED;1950.0;1922.0;1947.0;78865.70037078857;08;0804;080402
2026;5;Faro;Castro Marim;Altura;Iodeto Metálico;14.0;14.0;14.0;980.0;08;0804;080404
2026;5;Faro;Castro Marim;Altura;Mercúrio;1.0;1.0;1.0;80.0;08;0804;080404
2026;5;Faro;Faro;Faro (Sé e São Pedro);Sódio;2468.0;2263.0;2468.0;296680.0;08;0805;080508
2026;5;Faro;Lagoa;Estômbar e Parchal;LED;1055.0;1025.0;1055.0;44032.5;08;0806;080607
2026;5;Faro;Lagoa;Lagoa e Carvoeiro;Fluorescente;21.0;21.0;21.0;882.0;08;0806;080608
2026;5;Faro;Lagoa;Lagoa e Carvoeiro;Iodeto Metálico;22.0;22.0;22.0;3030.0;08;0806;080608
2026;5;Faro;Lagoa;Lagoa e Carvoeiro;Sódio;4995.0;4811.0;4995.0;465320.0;08;0806;080608
2026;5;Faro;Loulé;Almancil;Sódio;4305.0;4041.0;4305.0;422360.0;08;0808;080801
2026;5;Faro;Loulé;Boliqueime;Mercúrio;33.0;33.0;33.0;2160.0;08;0808;080804
2026;5;Faro;Loulé;Boliqueime;Sódio;671.0;657.0;671.0;59820.0;08;0808;080804
2026;5;Faro;Loulé;Quarteira;Iodeto Metálico;283.0;230.0;283.0;18980.0;08;0808;080805
2026;5;Faro;Loulé;Loulé (São Clemente);Fluorescente;9.0;9.0;9.0;610.0;08;0808;080808
2026;5;Faro;Loulé;Loulé (São Clemente);Iodeto Metálico;20.0;17.0;20.0;1740.0;08;0808;080808
2026;5;Faro;Loulé;Loulé (São Clemente);Sódio;1491.0;1376.0;1497.0;167310.0;08;0808;080808
2026;5;Faro;Loulé;Loulé (São Sebastião);Iodeto Metálico;69.0;62.0;69.0;6530.0;08;0808;080809
2026;5;Faro;Loulé;Loulé (São Sebastião);Mercúrio;25.0;25.0;25.0;1895.0;08;0808;080809
2026;5;Faro;Loulé;Loulé (São Sebastião);Outros/Não definido;119.0;80.0;80.0;1420.0;08;0808;080809
2026;5;Faro;Olhão;Olhão;Outros/Não definido;75.0;75.0;75.0;54.0;08;0810;081003
2026;5;Faro;Olhão;Olhão;Sódio;723.0;638.0;723.0;84190.0;08;0810;081003
2026;5;Faro;Olhão;Pechão;Mercúrio;3.0;3.0;3.0;150.0;08;0810;081004
2026;5;Faro;Olhão;Pechão;Sódio;89.0;87.0;89.0;6910.0;08;0810;081004
2026;5;Faro;Olhão;Quelfes;Fluorescente;31.0;31.0;31.0;1550.0;08;0810;081005
2026;5;Faro;Olhão;Quelfes;LED;3200.0;3120.0;3238.0;178811.90086364746;08;0810;081005
2026;5;Faro;Olhão;Quelfes;Sódio;597.0;571.0;597.0;75050.0;08;0810;081005
2026;5;Faro;Olhão;Moncarapacho e Fuseta;Iodeto Metálico;4.0;4.0;4.0;400.0;08;0810;081006
2026;5;Faro;Olhão;Moncarapacho e Fuseta;LED;3611.0;3532.0;3605.0;146195.50075531006;08;0810;081006
2026;5;Faro;Portimão;Alvor;Iodeto Metálico;8.0;8.0;8.0;560.0;08;0811;081101
2026;5;Faro;Portimão;Alvor;Mercúrio;4.0;3.0;4.0;350.0;08;0811;081101
2026;5;Faro;Portimão;Mexilhoeira Grande;Mercúrio;2.0;2.0;2.0;100.0;08;0811;081102
2026;5;Faro;Portimão;Mexilhoeira Grande;Sódio;807.0;738.0;807.0;75710.0;08;0811;081102
2026;5;Faro;Portimão;Portimão;Fluorescente;7.0;7.0;7.0;350.0;08;0811;081103
2026;5;Faro;Portimão;Portimão;Mercúrio;7.0;4.0;7.0;500.0;08;0811;081103
2026;5;Faro;Portimão;Portimão;Sódio;3603.0;3136.0;3603.0;384050.0;08;0811;081103
2026;5;Faro;Silves;Armação de Pêra;Fluorescente;28.0;28.0;28.0;1400.0;08;0813;081303
2026;5;Faro;Silves;São Bartolomeu de Messines;Outros/Não definido;109.0;73.0;73.0;1050.0;08;0813;081305
2026;5;Faro;Tavira;Luz de Tavira e Santo Estêvão;Outros/Não definido;70.0;59.0;59.0;1814.0000076293945;08;0814;081411
2026;5;Faro;Tavira;Tavira (Santa Maria e Santiago);Iodeto Metálico;87.0;84.0;87.0;7100.0;08;0814;081412
2026;5;Faro;Tavira;Tavira (Santa Maria e Santiago);Outros/Não definido;509.0;500.0;501.0;2907.0;08;0814;081412
2026;5;Faro;Vila Real de Santo António;Vila Real de Santo António;Iodeto Metálico;169.0;169.0;169.0;19030.0;08;0816;081602
2026;5;Faro;Vila Real de Santo António;Vila Real de Santo António;LED;1378.0;1312.0;1382.0;98504.50045394897;08;0816;081602
2026;5;Faro;Vila Real de Santo António;Monte Gordo;Iodeto Metálico;188.0;188.0;188.0;20680.0;08;0816;081603
2026;5;Faro;Vila Real de Santo António;Monte Gordo;Sódio;551.0;421.0;551.0;33190.0;08;0816;081603
2026;5;Guarda;Aguiar da Beira;Aguiar da Beira e Coruche;Outros/Não definido;79.0;65.0;66.0;360.0;09;0901;090114
2026;5;Guarda;Figueira de Castelo Rodrigo;Figueira de Castelo Rodrigo;Outros/Não definido;7.0;7.0;7.0;;09;0904;090408
2026;5;Guarda;Fornos de Algodres;Maceira;Outros/Não definido;2.0;2.0;2.0;90.0;09;0905;090509
2026;5;Guarda;Gouveia;Gouveia;Iodeto Metálico;11.0;11.0;11.0;1160.0;09;0906;090625
2026;5;Guarda;Gouveia;Melo e Nabais;Mercúrio;10.0;10.0;10.0;500.0;09;0906;090626
2026;5;Guarda;Gouveia;Melo e Nabais;Outros/Não definido;4.0;1.0;1.0;45.0;09;0906;090626
2026;5;Guarda;Guarda;Arrifana;LED;526.0;522.0;526.0;18668.0;09;0907;090706
2026;5;Faro;Castro Marim;Odeleite;Sódio;105.0;103.0;105.0;9510.0;08;0804;080403
2026;5;Faro;Faro;Santa Bárbara de Nexe;LED;1848.0;1812.0;1812.0;65784.80027198792;08;0805;080503
2026;5;Faro;Faro;Santa Bárbara de Nexe;Mercúrio;17.0;17.0;17.0;1360.0;08;0805;080503
2026;5;Faro;Faro;Santa Bárbara de Nexe;Outros/Não definido;72.0;65.0;65.0;1645.0;08;0805;080503
2026;5;Faro;Faro;Montenegro;Mercúrio;3.0;3.0;3.0;240.0;08;0805;080506
2026;5;Faro;Faro;Montenegro;Outros/Não definido;80.0;78.0;80.0;45.0;08;0805;080506
2026;5;Faro;Faro;Conceição e Estoi;Iodeto Metálico;3.0;3.0;3.0;300.0;08;0805;080507
2026;5;Coimbra;Pampilhosa da Serra;Cabril;Mercúrio;7.0;7.0;7.0;350.0;06;0612;061201
2026;5;Coimbra;Pampilhosa da Serra;Janeiro de Baixo;Mercúrio;12.0;12.0;12.0;600.0;06;0612;061204
2026;5;Coimbra;Pampilhosa da Serra;Unhais-o-Velho;LED;506.0;504.0;506.0;16646.40000152588;06;0612;061209
2026;5;Coimbra;Soure;Alfarelos;Mercúrio;1.0;1.0;1.0;50.0;06;0615;061501
2026;5;Coimbra;Soure;Alfarelos;Sódio;203.0;202.0;203.0;21990.0;06;0615;061501
2026;5;Coimbra;Soure;Granja do Ulmeiro;Iodeto Metálico;48.0;12.0;48.0;4800.0;06;0615;061506
2026;5;Coimbra;Soure;Granja do Ulmeiro;LED;399.0;390.0;399.0;19550.800003051758;06;0615;061506
2026;5;Coimbra;Soure;Granja do Ulmeiro;Mercúrio;1.0;1.0;1.0;50.0;06;0615;061506
2026;5;Coimbra;Soure;Samuel;Sódio;218.0;218.0;218.0;15400.0;06;0615;061508
2026;5;Coimbra;Soure;Tapéus;LED;217.0;215.0;217.0;6997.600002288818;06;0615;061510
2026;5;Coimbra;Soure;Tapéus;Mercúrio;1.0;1.0;1.0;50.0;06;0615;061510
2026;5;Coimbra;Soure;Vila Nova de Anços;Mercúrio;23.0;23.0;23.0;1150.0;06;0615;061511
2026;5;Coimbra;Soure;Vila Nova de Anços;Outros/Não definido;16.0;16.0;16.0;495.0;06;0615;061511
2026;5;Coimbra;Soure;Vila Nova de Anços;Sódio;69.0;67.0;69.0;7980.0;06;0615;061511
2026;5;Coimbra;Soure;Vinha da Rainha;Outros/Não definido;11.0;11.0;11.0;350.0;06;0615;061512
2026;5;Coimbra;Soure;Degracias e Pombalinho;Sódio;128.0;128.0;128.0;10250.0;06;0615;061513
2026;5;Coimbra;Soure;Gesteira e Brunhós;LED;527.0;525.0;527.0;16599.0;06;0615;061514
2026;5;Coimbra;Vila Nova de Poiares;Lavegadas;LED;224.0;224.0;224.0;5293.0000076293945;06;0617;061702
2026;5;Faro;Alcoutim;Giões;Mercúrio;7.0;7.0;7.0;560.0;08;0802;080202
2026;5;Faro;Alcoutim;Giões;Sódio;11.0;11.0;11.0;800.0;08;0802;080202
2026;5;Faro;Alcoutim;Martim Longo;Sódio;22.0;22.0;22.0;1530.0;08;0802;080203
2026;5;Faro;Alcoutim;Vaqueiros;Outros/Não definido;9.0;5.0;5.0;45.0;08;0802;080205
2026;5;Faro;Alcoutim;Alcoutim e Pereiro;Mercúrio;2.0;2.0;2.0;100.0;08;0802;080206
2026;5;Faro;Alcoutim;Alcoutim e Pereiro;Outros/Não definido;38.0;38.0;38.0;150.0;08;0802;080206
2026;5;Faro;Alcoutim;Alcoutim e Pereiro;Sódio;148.0;144.0;148.0;11890.0;08;0802;080206
2026;5;Faro;Lagoa;Ferragudo;Outros/Não definido;31.0;31.0;31.0;;08;0806;080602
2026;5;Faro;Lagos;Luz;LED;2381.0;2371.0;2395.0;107314.60039520264;08;0807;080703
2026;5;Faro;Lagos;Luz;Sódio;273.0;264.0;273.0;26890.0;08;0807;080703
2026;5;Faro;Lagos;Odiáxere;Sódio;155.0;155.0;155.0;15530.0;08;0807;080704
2026;5;Faro;Loulé;Alte;Mercúrio;2.0;2.0;2.0;130.0;08;0808;080802
2026;5;Faro;Loulé;Ameixial;LED;605.0;605.0;605.0;17935.600072860718;08;0808;080803
2026;5;Faro;Loulé;Salir;LED;2376.0;2361.0;2367.0;87896.20100784302;08;0808;080807
2026;5;Faro;Loulé;Salir;Sódio;93.0;92.0;93.0;8410.0;08;0808;080807
2026;5;Faro;Loulé;Querença, Tôr e Benafim;LED;2244.0;2228.0;2243.0;75268.00070953369;08;0808;080812
2026;5;Faro;Silves;São Marcos da Serra;Mercúrio;4.0;4.0;4.0;200.0;08;0813;081306
2026;5;Faro;Silves;São Marcos da Serra;Sódio;169.0;169.0;169.0;14650.0;08;0813;081306
2026;5;Faro;Silves;Silves;LED;2622.0;2606.0;2734.0;119760.1008605957;08;0813;081307
2026;5;Faro;Silves;Alcantarilha e Pêra;Mercúrio;4.0;4.0;4.0;250.0;08;0813;081309
2026;5;Faro;Silves;Alcantarilha e Pêra;Outros/Não definido;70.0;66.0;66.0;1337.0;08;0813;081309
2026;5;Faro;Silves;Algoz e Tunes;Mercúrio;2.0;2.0;2.0;205.0;08;0813;081310
2026;5;Faro;Silves;Algoz e Tunes;Outros/Não definido;49.0;42.0;42.0;245.0;08;0813;081310
2026;5;Faro;Silves;Algoz e Tunes;Sódio;642.0;636.0;640.0;63100.0;08;0813;081310
2026;5;Faro;Tavira;Cachopo;Outros/Não definido;31.0;31.0;31.0;184.0;08;0814;081401
2026;5;Faro;Tavira;Santa Luzia;Iodeto Metálico;1.0;1.0;1.0;100.0;08;0814;081408
2026;5;Faro;Tavira;Santa Luzia;LED;689.0;682.0;689.0;38365.7003326416;08;0814;081408
2026;5;Faro;Tavira;Santa Luzia;Sódio;282.0;276.0;282.0;22710.0;08;0814;081408
2026;5;Faro;Tavira;Conceição e Cabanas de Tavira;Iodeto Metálico;21.0;21.0;21.0;3150.0;08;0814;081410
2026;5;Faro;Tavira;Conceição e Cabanas de Tavira;LED;1750.0;1719.0;1748.0;74856.8002204895;08;0814;081410
2026;5;Faro;Vila Real de Santo António;Vila Nova de Cacela;LED;1952.0;1939.0;1956.0;85181.10034179688;08;0816;081601
2026;5;Faro;Vila Real de Santo António;Vila Nova de Cacela;Outros/Não definido;48.0;41.0;41.0;250.0;08;0816;081601
2026;5;Guarda;Aguiar da Beira;Carapito;Mercúrio;1.0;1.0;1.0;50.0;09;0901;090102
2026;5;Guarda;Aguiar da Beira;Carapito;Outros/Não definido;27.0;23.0;23.0;270.0;09;0901;090102
2026;5;Guarda;Aguiar da Beira;Dornelas;LED;418.0;418.0;418.0;15186.0;09;0901;090105
2026;5;Guarda;Aguiar da Beira;Forninhos;LED;249.0;249.0;249.0;6741.0;09;0901;090107
2026;5;Guarda;Aguiar da Beira;Forninhos;Outros/Não definido;13.0;12.0;12.0;180.0;09;0901;090107
2026;5;Guarda;Aguiar da Beira;Forninhos;Sódio;21.0;21.0;21.0;1470.0;09;0901;090107
2026;5;Guarda;Aguiar da Beira;Pena Verde;LED;732.0;622.0;622.0;25994.0;09;0901;090109
2026;5;Guarda;Aguiar da Beira;Pena Verde;Sódio;56.0;56.0;56.0;5300.0;09;0901;090109
2026;5;Guarda;Aguiar da Beira;Pinheiro;LED;311.0;311.0;311.0;9864.0;09;0901;090110
2026;5;Guarda;Aguiar da Beira;Pinheiro;Outros/Não definido;4.0;4.0;4.0;;09;0901;090110
2026;5;Guarda;Aguiar da Beira;Pinheiro;Sódio;5.0;5.0;5.0;350.0;09;0901;090110
2026;5;Guarda;Aguiar da Beira;Sequeiros e Gradiz;LED;429.0;429.0;429.0;12607.200004577637;09;0901;090115
2026;5;Guarda;Aguiar da Beira;Sequeiros e Gradiz;Sódio;61.0;61.0;61.0;4720.0;09;0901;090115
2026;5;Guarda;Figueira de Castelo Rodrigo;Escalhão;Outros/Não definido;1.0;;;;09;0904;090406
2026;5;Guarda;Figueira de Castelo Rodrigo;Escalhão;Sódio;102.0;98.0;102.0;7770.0;09;0904;090406
2026;5;Guarda;Figueira de Castelo Rodrigo;Vermiosa;LED;364.0;364.0;364.0;11974.0;09;0904;090415
2026;5;Guarda;Figueira de Castelo Rodrigo;Vermiosa;Sódio;5.0;5.0;5.0;430.0;09;0904;090415
2026;5;Guarda;Figueira de Castelo Rodrigo;Almofala e Escarigo;Outros/Não definido;13.0;13.0;13.0;;09;0904;090419
2026;5;Guarda;Figueira de Castelo Rodrigo;Almofala e Escarigo;Sódio;25.0;25.0;25.0;1910.0;09;0904;090419
2026;5;Guarda;Figueira de Castelo Rodrigo;Cinco Vilas e Reigada;Sódio;3.0;2.0;3.0;120.0;09;0904;090420
2026;5;Guarda;Figueira de Castelo Rodrigo;Freixeda do Torrão, Quintã de Pêro Martins e Penha de Águia;LED;542.0;528.0;542.0;24100.200004577637;09;0904;090421
2026;5;Guarda;Figueira de Castelo Rodrigo;Colmeal e Vilar Torpim;LED;414.0;413.0;418.0;17420.200004577637;09;0904;090422
2026;5;Guarda;Figueira de Castelo Rodrigo;Colmeal e Vilar Torpim;Sódio;6.0;6.0;6.0;480.0;09;0904;090422
2026;5;Guarda;Fornos de Algodres;Algodres;Outros/Não definido;1.0;1.0;1.0;45.0;09;0905;090501
2026;5;Guarda;Fornos de Algodres;Figueiró da Granja;LED;314.0;314.0;314.0;10924.0;09;0905;090504
2026;5;Guarda;Fornos de Algodres;Matança;Outros/Não definido;2.0;2.0;2.0;45.0;09;0905;090510
2026;5;Guarda;Fornos de Algodres;Muxagata;LED;254.0;254.0;254.0;9830.0;09;0905;090511
2026;5;Guarda;Fornos de Algodres;Juncais, Vila Ruiva e Vila Soeiro do Chão;Outros/Não definido;2.0;2.0;2.0;90.0;09;0905;090518
2026;5;Guarda;Fornos de Algodres;Sobral Pichorro e Fuinhas;Outros/Não definido;3.0;3.0;3.0;90.0;09;0905;090519
2026;5;Guarda;Gouveia;Arcozelo;LED;423.0;423.0;423.0;16098.20000076294;09;0906;090602
2026;5;Guarda;Gouveia;Arcozelo;Outros/Não definido;3.0;3.0;3.0;;09;0906;090602
2026;5;Guarda;Gouveia;Cativelos;Mercúrio;3.0;1.0;3.0;125.0;09;0906;090603
2026;5;Guarda;Gouveia;Cativelos;Sódio;115.0;110.0;115.0;8220.0;09;0906;090603
2026;5;Guarda;Gouveia;Nespereira;Mercúrio;4.0;4.0;4.0;290.0;09;0906;090612
2026;5;Guarda;Gouveia;Nespereira;Outros/Não definido;2.0;2.0;2.0;;09;0906;090612
2026;5;Guarda;Gouveia;Nespereira;Sódio;253.0;248.0;253.0;21940.0;09;0906;090612
2026;5;Guarda;Gouveia;Paços da Serra;Mercúrio;2.0;2.0;2.0;100.0;09;0906;090613
2026;5;Guarda;Gouveia;São Paio;LED;485.0;485.0;485.0;17344.600048065186;09;0906;090617
2026;5;Guarda;Gouveia;São Paio;Outros/Não definido;3.0;2.0;2.0;;09;0906;090617
2026;5;Guarda;Gouveia;Vila Cortês da Serra;Outros/Não definido;3.0;;;;09;0906;090619
2026;5;Guarda;Gouveia;Vila Cortês da Serra;Sódio;1.0;1.0;1.0;70.0;09;0906;090619
2026;5;Guarda;Gouveia;Vila Franca da Serra;Outros/Não definido;4.0;4.0;4.0;180.0;09;0906;090620
2026;5;Guarda;Gouveia;Moimenta da Serra e Vinhó;Mercúrio;2.0;2.0;2.0;100.0;09;0906;090627
2026;5;Guarda;Gouveia;Moimenta da Serra e Vinhó;Sódio;187.0;184.0;187.0;15210.0;09;0906;090627
2026;5;Guarda;Gouveia;Rio Torto e Lagarinhos;LED;908.0;892.0;908.0;30032.599800109863;09;0906;090628
2026;5;Guarda;Gouveia;Rio Torto e Lagarinhos;Outros/Não definido;12.0;12.0;12.0;240.0;09;0906;090628
2026;5;Guarda;Guarda;Aldeia Viçosa;Outros/Não definido;5.0;5.0;5.0;90.0;09;0907;090704
2026;5;Guarda;Guarda;Alvendre;Sódio;11.0;11.0;11.0;900.0;09;0907;090705
2026;5;Guarda;Guarda;Avelãs da Ribeira;LED;174.0;171.0;171.0;7727.400001525879;09;0907;090708
2026;5;Guarda;Guarda;Avelãs da Ribeira;Sódio;15.0;15.0;15.0;1260.0;09;0907;090708
2026;5;Guarda;Guarda;Benespera;Outros/Não definido;10.0;9.0;9.0;225.0;09;0907;090709
2026;5;Guarda;Guarda;Casal de Cinza;LED;675.0;653.0;670.0;38970.80001831055;09;0907;090711
2026;5;Guarda;Guarda;Cavadoude;LED;225.0;224.0;224.0;9980.0;09;0907;090713
2026;5;Guarda;Guarda;Codesseiro;Sódio;18.0;18.0;18.0;1280.0;09;0907;090714
2026;5;Guarda;Guarda;Famalicão;LED;440.0;438.0;440.0;16161.0;09;0907;090717
2026;5;Guarda;Guarda;Fernão Joanes;LED;224.0;224.0;224.0;9790.0;09;0907;090718
2026;5;Guarda;Guarda;Fernão Joanes;Outros/Não definido;10.0;3.0;3.0;;09;0907;090718
2026;5;Guarda;Guarda;Gonçalo Bocas;Sódio;20.0;20.0;20.0;1490.0;09;0907;090721
2026;5;Guarda;Guarda;João Antão;LED;221.0;221.0;221.0;9752.0;09;0907;090722
2026;5;Guarda;Guarda;Marmeleiro;Outros/Não definido;3.0;1.0;1.0;45.0;09;0907;090724
2026;5;Guarda;Guarda;Guarda;Outros/Não definido;137.0;90.0;106.0;4744.0;09;0907;090758
2026;5;Guarda;Pinhel;Pinhel;Sódio;497.0;410.0;497.0;45450.0;09;0910;091017
2026;5;Guarda;Sabugal;Souto;Sódio;3.0;3.0;3.0;150.0;09;0911;091134
2026;5;Guarda;Seia;Pinhanços;LED;491.0;472.0;491.0;15716.0;09;0912;091209
2026;5;Guarda;Seia;Pinhanços;Outros/Não definido;2.0;2.0;2.0;;09;0912;091209
2026;5;Leiria;Alcobaça;Alfeizerão;LED;1511.0;1506.0;1506.0;43780.60007476807;10;1001;100102
2026;5;Leiria;Alcobaça;Bárrio;Outros/Não definido;44.0;44.0;44.0;630.0;10;1001;100104
2026;5;Leiria;Alcobaça;Évora de Alcobaça;Outros/Não definido;78.0;77.0;77.0;460.0;10;1001;100108
2026;5;Leiria;Alcobaça;Vimeiro;Mercúrio;13.0;13.0;13.0;1010.0;10;1001;100116
2026;5;Leiria;Alcobaça;Vimeiro;Outros/Não definido;61.0;61.0;61.0;180.0;10;1001;100116
2026;5;Leiria;Alcobaça;Aljubarrota;Iodeto Metálico;2.0;2.0;2.0;300.0;10;1001;100120
2026;5;Leiria;Alcobaça;Aljubarrota;LED;3060.0;3054.0;3059.0;104363.30062866211;10;1001;100120
2026;5;Leiria;Alcobaça;Aljubarrota;Sódio;241.0;218.0;218.0;23650.0;10;1001;100120
2026;5;Leiria;Batalha;Batalha;Fluorescente;1.0;1.0;1.0;70.0;10;1004;100401
2026;5;Leiria;Batalha;Batalha;Iodeto Metálico;15.0;15.0;15.0;1030.0;10;1004;100401
2026;5;Leiria;Batalha;Golpilheira;Outros/Não definido;66.0;60.0;66.0;1545.0;10;1004;100404
2026;5;Leiria;Bombarral;Roliça;LED;1065.0;1064.0;1064.0;32444.700119018555;10;1005;100503
2026;5;Leiria;Bombarral;Bombarral e Vale Covo;Mercúrio;1.0;1.0;1.0;50.0;10;1005;100506
2026;5;Leiria;Caldas da Rainha;Nossa Senhora do Pópulo, Coto e São Gregório;LED;4573.0;4260.0;4535.0;173757.59914779663;10;1006;100617
2026;5;Leiria;Caldas da Rainha;Nossa Senhora do Pópulo, Coto e São Gregório;Sódio;157.0;143.0;157.0;13150.0;10;1006;100617
2026;5;Guarda;Guarda;Panoias de Cima;Sódio;35.0;35.0;35.0;3010.0;09;0907;090728
2026;5;Guarda;Guarda;Porto da Carne;LED;178.0;170.0;178.0;7777.0;09;0907;090732
2026;5;Guarda;Guarda;Santana da Azinha;Outros/Não definido;3.0;3.0;3.0;135.0;09;0907;090738
2026;5;Guarda;Guarda;Sobral da Serra;LED;242.0;242.0;242.0;10757.0;09;0907;090744
2026;5;Faro;Monchique;Marmelete;Mercúrio;1.0;1.0;1.0;50.0;08;0809;080902
2026;5;Faro;Monchique;Marmelete;Sódio;38.0;38.0;38.0;3390.0;08;0809;080902
2026;5;Faro;Monchique;Monchique;LED;1753.0;1752.0;1753.0;67687.50031661987;08;0809;080903
2026;5;Faro;Monchique;Monchique;Mercúrio;4.0;4.0;4.0;200.0;08;0809;080903
2026;5;Faro;Monchique;Monchique;Sódio;535.0;496.0;535.0;47310.0;08;0809;080903
2026;5;Faro;Vila do Bispo;Barão de São Miguel;Outros/Não definido;5.0;5.0;5.0;;08;0815;081501
2026;5;Faro;Vila do Bispo;Budens;Fluorescente;2.0;2.0;2.0;100.0;08;0815;081502
2026;5;Faro;Vila do Bispo;Budens;LED;1435.0;1383.0;1453.0;59457.30059623718;08;0815;081502
2026;5;Faro;Vila do Bispo;Budens;Sódio;372.0;371.0;372.0;35310.0;08;0815;081502
2026;5;Faro;Vila do Bispo;Sagres;Mercúrio;2.0;2.0;2.0;250.0;08;0815;081504
2026;5;Faro;Vila do Bispo;Sagres;Sódio;228.0;215.0;228.0;18210.0;08;0815;081504
2026;5;Faro;Vila do Bispo;Vila do Bispo e Raposeira;Mercúrio;2.0;2.0;2.0;175.0;08;0815;081506
2026;5;Faro;Vila do Bispo;Vila do Bispo e Raposeira;Outros/Não definido;16.0;16.0;16.0;;08;0815;081506
2026;5;Faro;Vila do Bispo;Vila do Bispo e Raposeira;Sódio;225.0;225.0;225.0;21770.0;08;0815;081506
2026;5;Guarda;Almeida;Almeida;Sódio;260.0;245.0;260.0;36300.0;09;0902;090203
2026;5;Guarda;Almeida;Castelo Bom;LED;147.0;148.0;148.0;6025.0;09;0902;090207
2026;5;Guarda;Almeida;Castelo Bom;Sódio;131.0;131.0;131.0;18270.0;09;0902;090207
2026;5;Guarda;Almeida;Freixo;LED;246.0;237.0;246.0;10776.200103759766;09;0902;090210
2026;5;Guarda;Almeida;Freixo;Sódio;3.0;3.0;3.0;190.0;09;0902;090210
2026;5;Guarda;Almeida;Nave de Haver;Outros/Não definido;4.0;;;;09;0902;090219
2026;5;Guarda;Almeida;Amoreira, Parada e Cabreira;Iodeto Metálico;2.0;2.0;2.0;200.0;09;0902;090230
2026;5;Guarda;Almeida;Castelo Mendo, Ade, Monteperobolso e Mesquitela;Outros/Não definido;13.0;12.0;12.0;;09;0902;090232
2026;5;Guarda;Almeida;Leomil, Mido, Senouras e Aldeia Nova;LED;393.0;393.0;393.0;15159.0;09;0902;090234
2026;5;Guarda;Almeida;Leomil, Mido, Senouras e Aldeia Nova;Sódio;13.0;13.0;13.0;1090.0;09;0902;090234
2026;5;Guarda;Almeida;Miuzela e Porto de Ovelha;Outros/Não definido;3.0;3.0;3.0;135.0;09;0902;090236
2026;5;Guarda;Celorico da Beira;Baraçal;LED;370.0;368.0;370.0;12130.0;09;0903;090302
2026;5;Guarda;Celorico da Beira;Baraçal;Sódio;1.0;1.0;1.0;70.0;09;0903;090302
2026;5;Guarda;Celorico da Beira;Maçal do Chão;LED;171.0;171.0;171.0;5639.0;09;0903;090309
2026;5;Guarda;Celorico da Beira;Mesquitela;LED;389.0;389.0;389.0;15752.0;09;0903;090310
2026;5;Guarda;Celorico da Beira;Minhocal;Mercúrio;1.0;1.0;1.0;50.0;09;0903;090311
2026;5;Guarda;Celorico da Beira;Ratoeira;LED;270.0;269.0;269.0;8918.0;09;0903;090314
2026;5;Guarda;Celorico da Beira;Açores e Velosa;LED;510.0;492.0;510.0;16153.0;09;0903;090323
2026;5;Guarda;Celorico da Beira;São Pedro e Santa Maria e Vila Boa do Mondego;Mercúrio;3.0;3.0;3.0;150.0;09;0903;090324
2026;5;Guarda;Celorico da Beira;São Pedro e Santa Maria e Vila Boa do Mondego;Sódio;1.0;1.0;1.0;70.0;09;0903;090324
2026;5;Guarda;Celorico da Beira;Cortiçô da Serra, Vide entre Vinhas e Salgueirais;LED;594.0;581.0;581.0;19613.0;09;0903;090325
2026;5;Guarda;Guarda;Videmonte;Outros/Não definido;8.0;3.0;3.0;45.0;09;0907;090749
2026;5;Guarda;Guarda;Videmonte;Sódio;24.0;24.0;24.0;2200.0;09;0907;090749
2026;5;Guarda;Guarda;Vila Cortês do Mondego;Outros/Não definido;7.0;;;;09;0907;090750
2026;5;Guarda;Guarda;Vila Cortês do Mondego;Sódio;30.0;30.0;30.0;2120.0;09;0907;090750
2026;5;Guarda;Guarda;Vila Fernando;Outros/Não definido;3.0;3.0;3.0;45.0;09;0907;090751
2026;5;Guarda;Guarda;Vila Fernando;Sódio;10.0;10.0;10.0;620.0;09;0907;090751
2026;5;Guarda;Guarda;Vila Garcia;Outros/Não definido;4.0;4.0;4.0;180.0;09;0907;090753
2026;5;Guarda;Guarda;Vila Garcia;Sódio;11.0;11.0;11.0;1630.0;09;0907;090753
2026;5;Guarda;Guarda;Gonçalo;Sódio;11.0;11.0;11.0;610.0;09;0907;090757
2026;5;Guarda;Guarda;Jarmelo São Miguel;Mercúrio;11.0;11.0;11.0;550.0;09;0907;090759
2026;5;Guarda;Guarda;Jarmelo São Pedro;LED;482.0;482.0;482.0;20167.800003051758;09;0907;090760
2026;5;Guarda;Guarda;Jarmelo São Pedro;Sódio;6.0;6.0;6.0;420.0;09;0907;090760
2026;5;Guarda;Guarda;Avelãs de Ambom e Rocamondo;LED;206.0;203.0;203.0;9094.0;09;0907;090761
2026;5;Guarda;Guarda;Avelãs de Ambom e Rocamondo;Outros/Não definido;4.0;;;;09;0907;090761
2026;5;Guarda;Guarda;Mizarela, Pêro Soares e Vila Soeiro;LED;288.0;283.0;283.0;12035.0;09;0907;090763
2026;5;Guarda;Guarda;Mizarela, Pêro Soares e Vila Soeiro;Outros/Não definido;2.0;;;;09;0907;090763
2026;5;Guarda;Guarda;Mizarela, Pêro Soares e Vila Soeiro;Sódio;9.0;9.0;9.0;760.0;09;0907;090763
2026;5;Guarda;Pinhel;Ervedosa;LED;178.0;178.0;178.0;7332.0;09;0910;091009
2026;5;Guarda;Pinhel;Ervedosa;Mercúrio;6.0;6.0;6.0;300.0;09;0910;091009
2026;5;Guarda;Pinhel;Ervedosa;Sódio;3.0;3.0;3.0;300.0;09;0910;091009
2026;5;Guarda;Pinhel;Freixedas;Outros/Não definido;2.0;1.0;1.0;45.0;09;0910;091010
2026;5;Guarda;Pinhel;Manigoto;LED;189.0;185.0;185.0;8496.0;09;0910;091014
2026;5;Guarda;Pinhel;Pala;Outros/Não definido;3.0;2.0;2.0;90.0;09;0910;091015
2026;5;Guarda;Pinhel;Pínzio;LED;431.0;427.0;431.0;17730.0;09;0910;091018
2026;5;Guarda;Pinhel;Pínzio;Sódio;2.0;2.0;2.0;120.0;09;0910;091018
2026;5;Guarda;Pinhel;Souro Pires;LED;337.0;337.0;337.0;10365.0;09;0910;091024
2026;5;Guarda;Pinhel;Alverca da Beira/Bouça Cova;Mercúrio;3.0;3.0;3.0;150.0;09;0910;091029
2026;5;Guarda;Pinhel;Vale do Côa;LED;322.0;322.0;322.0;12610.0;09;0910;091033
2026;5;Guarda;Pinhel;Vale do Côa;Mercúrio;5.0;5.0;5.0;250.0;09;0910;091033
2026;5;Guarda;Pinhel;Atalaia e Safurdão;LED;277.0;277.0;277.0;10385.0;09;0910;091035
2026;5;Guarda;Sabugal;Águas Belas;Sódio;1.0;1.0;1.0;50.0;09;0911;091101
2026;5;Guarda;Sabugal;Aldeia do Bispo;LED;280.0;280.0;280.0;8685.0;09;0911;091102
2026;5;Guarda;Sabugal;Aldeia Velha;LED;481.0;481.0;481.0;15187.0;09;0911;091106
2026;5;Guarda;Sabugal;Alfaiates;LED;476.0;476.0;476.0;15678.0;09;0911;091107
2026;5;Guarda;Sabugal;Alfaiates;Outros/Não definido;7.0;7.0;7.0;90.0;09;0911;091107
2026;5;Guarda;Sabugal;Baraçal;LED;256.0;255.0;255.0;7117.0;09;0911;091109
2026;5;Guarda;Sabugal;Casteleiro;LED;356.0;356.0;356.0;13876.0;09;0911;091112
2026;5;Guarda;Sabugal;Cerdeira;Outros/Não definido;6.0;1.0;1.0;;09;0911;091113
2026;5;Guarda;Sabugal;Fóios;LED;309.0;309.0;309.0;10574.0;09;0911;091114
2026;5;Guarda;Sabugal;Fóios;Sódio;5.0;5.0;5.0;300.0;09;0911;091114
2026;5;Guarda;Sabugal;Malcata;Outros/Não definido;1.0;1.0;1.0;;09;0911;091118
2026;5;Guarda;Sabugal;Rapoula do Côa;LED;191.0;191.0;191.0;4617.0;09;0911;091125
2026;5;Guarda;Sabugal;Rebolosa;Outros/Não definido;1.0;1.0;1.0;45.0;09;0911;091126
2026;5;Guarda;Sabugal;Rendo;Sódio;4.0;4.0;4.0;280.0;09;0911;091127
2026;5;Guarda;Sabugal;Sortelha;Outros/Não definido;5.0;5.0;5.0;225.0;09;0911;091133
2026;5;Guarda;Sabugal;Sortelha;Sódio;41.0;41.0;41.0;2190.0;09;0911;091133
2026;5;Guarda;Sabugal;Vila Boa;Outros/Não definido;2.0;;;;09;0911;091138
2026;5;Guarda;Sabugal;Vila do Touro;LED;271.0;271.0;271.0;7515.0;09;0911;091139
2026;5;Guarda;Sabugal;Vila do Touro;Outros/Não definido;1.0;1.0;1.0;;09;0911;091139
2026;5;Guarda;Sabugal;Aldeia da Ribeira, Vilar Maior e Badamalos;Sódio;129.0;129.0;129.0;12850.0;09;0911;091141
2026;5;Guarda;Sabugal;Pousafoles do Bispo, Pena Lobo e Lomba;Sódio;15.0;12.0;15.0;650.0;09;0911;091143
2026;5;Guarda;Seia;Alvoco da Serra;LED;595.0;594.0;595.0;19795.0;09;0912;091201
2026;5;Guarda;Seia;Loriga;LED;639.0;629.0;639.0;21159.0;09;0912;091207
2026;5;Guarda;Seia;Santa Comba;LED;746.0;740.0;746.0;25103.0;09;0912;091213
2026;5;Guarda;Seia;Teixeira;LED;202.0;202.0;202.0;6662.0;09;0912;091221
2026;5;Guarda;Seia;Valezim;Outros/Não definido;3.0;3.0;3.0;;09;0912;091225
2026;5;Guarda;Seia;Vila Cova à Coelheira;LED;291.0;291.0;291.0;9806.0;09;0912;091228
2026;5;Guarda;Seia;Vila Cova à Coelheira;Outros/Não definido;9.0;9.0;9.0;;09;0912;091228
2026;5;Leiria;Alcobaça;Benedita;LED;2349.0;2347.0;2365.0;76832.00053024292;10;1001;100105
2026;5;Leiria;Alcobaça;Cela;Iodeto Metálico;5.0;5.0;5.0;670.0;10;1001;100106
2026;5;Leiria;Alcobaça;Cela;Mercúrio;23.0;23.0;23.0;1840.0;10;1001;100106
2026;5;Leiria;Alcobaça;Cela;Sódio;269.0;252.0;261.0;20030.0;10;1001;100106
2026;5;Leiria;Alcobaça;Maiorga;Sódio;101.0;92.0;98.0;10920.0;10;1001;100109
2026;5;Leiria;Alcobaça;São Martinho do Porto;Mercúrio;9.0;9.0;9.0;660.0;10;1001;100112
2026;5;Leiria;Alcobaça;São Martinho do Porto;Outros/Não definido;118.0;118.0;118.0;540.0;10;1001;100112
2026;5;Leiria;Alcobaça;Turquel;LED;1911.0;1903.0;1911.0;47667.499992370605;10;1001;100114
2026;5;Leiria;Alcobaça;Turquel;Outros/Não definido;80.0;80.0;80.0;585.0;10;1001;100114
2026;5;Leiria;Alcobaça;Alcobaça e Vestiaria;Mercúrio;83.0;79.0;83.0;9010.0;10;1001;100121
2026;5;Leiria;Alcobaça;Alcobaça e Vestiaria;Outros/Não definido;131.0;129.0;130.0;1225.0;10;1001;100121
2026;5;Leiria;Alcobaça;Alcobaça e Vestiaria;Sódio;818.0;747.0;806.0;132230.0;10;1001;100121
2026;5;Leiria;Alcobaça;Coz, Alpedriz e Montes;LED;1553.0;1543.0;1548.0;53402.90042114258;10;1001;100122
2026;5;Leiria;Alcobaça;Coz, Alpedriz e Montes;Outros/Não definido;94.0;94.0;94.0;643.0;10;1001;100122
2026;5;Leiria;Alcobaça;Pataias e Martingança;LED;2889.0;2860.0;2878.0;97478.50067901611;10;1001;100123
2026;5;Leiria;Alcobaça;Pataias e Martingança;Mercúrio;37.0;30.0;30.0;3440.0;10;1001;100123
2026;5;Leiria;Alcobaça;Pataias e Martingança;Outros/Não definido;137.0;137.0;137.0;2370.0;10;1001;100123
2026;5;Leiria;Batalha;Reguengo do Fetal;Sódio;282.0;268.0;268.0;19480.0;10;1004;100402
2026;5;Leiria;Batalha;São Mamede;Sódio;398.0;392.0;393.0;28090.0;10;1004;100403
2026;5;Leiria;Bombarral;Carvalhal;Iodeto Metálico;3.0;3.0;3.0;300.0;10;1005;100502
2026;5;Leiria;Bombarral;Carvalhal;LED;1583.0;1577.0;1583.0;46385.10012817383;10;1005;100502
2026;5;Leiria;Bombarral;Pó;LED;295.0;295.0;295.0;8404.800018310547;10;1005;100505
2026;5;Leiria;Caldas da Rainha;Carvalhal Benfeito;Sódio;2.0;2.0;2.0;140.0;10;1006;100604
2026;5;Leiria;Caldas da Rainha;Foz do Arelho;Sódio;23.0;23.0;23.0;2340.0;10;1006;100606
2026;5;Leiria;Caldas da Rainha;Landal;LED;642.0;641.0;642.0;22864.90003967285;10;1006;100607
2026;5;Leiria;Caldas da Rainha;Santa Catarina;Sódio;1.0;1.0;1.0;70.0;10;1006;100611
2026;5;Leiria;Caldas da Rainha;Vidais;Outros/Não definido;1.0;1.0;1.0;45.0;10;1006;100615
2026;5;Leiria;Caldas da Rainha;Caldas da Rainha - Santo Onofre e Serra do Bouro;Sódio;22.0;22.0;22.0;2730.0;10;1006;100618
2026;5;Leiria;Figueiró dos Vinhos;Arega;LED;753.0;753.0;753.0;30126.400604248047;10;1008;100802
2026;5;Leiria;Figueiró dos Vinhos;Arega;Sódio;51.0;51.0;51.0;3390.0;10;1008;100802
2026;5;Leiria;Figueiró dos Vinhos;Campelo;LED;430.0;428.0;430.0;14209.500049591064;10;1008;100803
2026;5;Guarda;Manteigas;Sameiro;Mercúrio;10.0;10.0;10.0;500.0;09;0908;090801
2026;5;Guarda;Manteigas;Sameiro;Sódio;284.0;284.0;284.0;22250.0;09;0908;090801
2026;5;Guarda;Manteigas;Manteigas (Santa Maria);Mercúrio;3.0;3.0;3.0;150.0;09;0908;090802
2026;5;Guarda;Manteigas;Manteigas (São Pedro);Mercúrio;6.0;6.0;6.0;330.0;09;0908;090803
2026;5;Guarda;Manteigas;Manteigas (São Pedro);Outros/Não definido;10.0;7.0;7.0;285.0;09;0908;090803
2026;5;Guarda;Manteigas;Manteigas (São Pedro);Sódio;881.0;873.0;881.0;79150.0;09;0908;090803
2026;5;Guarda;Manteigas;Vale de Amoreira;Mercúrio;13.0;13.0;13.0;650.0;09;0908;090804
2026;5;Guarda;Mêda;Ranhados;LED;435.0;413.0;434.0;10780.0;09;0909;090915
2026;5;Guarda;Mêda;Mêda, Outeiro de Gatos e Fonte Longa;LED;1957.0;1872.0;1954.0;83496.0;09;0909;090917
2026;5;Guarda;Trancoso;Aldeia Nova;Sódio;2.0;2.0;2.0;120.0;09;0913;091301
2026;5;Guarda;Trancoso;Castanheira;LED;178.0;178.0;178.0;7146.0;09;0913;091303
2026;5;Guarda;Trancoso;Cótimos;Sódio;8.0;8.0;8.0;800.0;09;0913;091305
2026;5;Guarda;Trancoso;Guilheiro;LED;206.0;206.0;206.0;8347.0;09;0913;091310
2026;5;Leiria;Figueiró dos Vinhos;Figueiró dos Vinhos e Bairradas;Mercúrio;34.0;34.0;34.0;1700.0;10;1008;100806
2026;5;Leiria;Figueiró dos Vinhos;Figueiró dos Vinhos e Bairradas;Sódio;557.0;538.0;552.0;57740.0;10;1008;100806
2026;5;Leiria;Leiria;Arrabal;LED;1157.0;1147.0;1150.0;45383.70002746582;10;1009;100902
2026;5;Leiria;Leiria;Arrabal;Outros/Não definido;27.0;27.0;27.0;405.0;10;1009;100902
2026;5;Leiria;Leiria;Regueira de Pontes;LED;661.0;659.0;661.0;22370.5;10;1009;100921
2026;5;Leiria;Leiria;Regueira de Pontes;Outros/Não definido;34.0;34.0;40.0;675.0;10;1009;100921
2026;5;Leiria;Leiria;Leiria, Pousos, Barreira e Cortes;Fluorescente;7.0;7.0;7.0;700.0;10;1009;100933
2026;5;Leiria;Leiria;Leiria, Pousos, Barreira e Cortes;LED;7011.0;6574.0;6944.0;289217.60063171387;10;1009;100933
2026;5;Leiria;Leiria;Marrazes e Barosa;Sódio;1128.0;1067.0;1135.0;99150.0;10;1009;100934
2026;5;Leiria;Leiria;Monte Real e Carvide;Outros/Não definido;71.0;70.0;70.0;405.0;10;1009;100935
2026;5;Leiria;Leiria;Monte Redondo e Carreira;LED;1037.0;1033.0;1033.0;35406.10006713867;10;1009;100936
2026;5;Leiria;Leiria;Monte Redondo e Carreira;Mercúrio;13.0;13.0;13.0;690.0;10;1009;100936
2026;5;Leiria;Leiria;Parceiros e Azoia;LED;1928.0;1878.0;1915.0;67917.30014038086;10;1009;100937
2026;5;Leiria;Leiria;Parceiros e Azoia;Mercúrio;3.0;3.0;3.0;240.0;10;1009;100937
2026;5;Leiria;Leiria;Parceiros e Azoia;Outros/Não definido;48.0;48.0;48.0;900.0;10;1009;100937
2026;5;Leiria;Marinha Grande;Marinha Grande;LED;4959.0;4894.0;5120.0;241454.90140151978;10;1010;101001
2026;5;Leiria;Nazaré;Famalicão;Outros/Não definido;51.0;51.0;51.0;;10;1011;101101
2026;5;Leiria;Nazaré;Famalicão;Sódio;64.0;64.0;64.0;5380.0;10;1011;101101
2026;5;Leiria;Nazaré;Nazaré;Mercúrio;183.0;176.0;176.0;19185.0;10;1011;101102
2026;5;Leiria;Nazaré;Valado dos Frades;LED;773.0;773.0;807.0;29870.40016937256;10;1011;101103
2026;5;Leiria;Óbidos;Gaeiras;LED;995.0;973.0;990.0;40731.99996948242;10;1012;101208
2026;5;Leiria;Peniche;Atouguia da Baleia;Mercúrio;1.0;;;50.0;10;1014;101402
2026;5;Leiria;Peniche;Peniche;LED;3595.0;3373.0;3621.0;159680.39962387085;10;1014;101407
2026;5;Leiria;Pombal;Carriço;LED;1249.0;1223.0;1236.0;45831.30007171631;10;1015;101505
2026;5;Leiria;Pombal;Carriço;Sódio;254.0;232.0;242.0;17170.0;10;1015;101505
2026;5;Leiria;Pombal;Pelariga;LED;933.0;933.0;933.0;34729.00003814697;10;1015;101508
2026;5;Leiria;Pombal;Pelariga;Sódio;123.0;121.0;123.0;9080.0;10;1015;101508
2026;5;Leiria;Pombal;Pombal;LED;5428.0;5184.0;5315.0;280642.1002960205;10;1015;101509
2026;5;Leiria;Pombal;Vermoil;LED;1601.0;1596.0;1600.0;59152.60019683838;10;1015;101513
2026;5;Leiria;Pombal;Santiago e S. Simão de Litém e Albergaria dos Doze;LED;3377.0;3364.0;3370.0;119831.10012054443;10;1015;101519
2026;5;Leiria;Pombal;Santiago e S. Simão de Litém e Albergaria dos Doze;Outros/Não definido;139.0;139.0;139.0;570.0;10;1015;101519
2026;5;Leiria;Porto de Mós;São Bento;Iodeto Metálico;1.0;1.0;1.0;70.0;10;1016;101610
2026;5;Leiria;Porto de Mós;São Bento;Mercúrio;3.0;3.0;3.0;150.0;10;1016;101610
2026;5;Leiria;Porto de Mós;Porto de Mós - São João Baptista e São Pedro;Fluorescente;2.0;2.0;2.0;120.0;10;1016;101614
2026;5;Leiria;Porto de Mós;Porto de Mós - São João Baptista e São Pedro;Sódio;756.0;698.0;750.0;76930.0;10;1016;101614
2026;5;Lisboa;Alenquer;Aldeia Galega da Merceana e Aldeia Gavinha;Mercúrio;1.0;1.0;1.0;50.0;11;1101;110118
2026;5;Lisboa;Alenquer;Aldeia Galega da Merceana e Aldeia Gavinha;Sódio;20.0;15.0;20.0;2150.0;11;1101;110118
2026;5;Lisboa;Alenquer;Alenquer (Santo Estêvão e Triana);LED;3876.0;3591.0;3778.0;145851.4995689392;11;1101;110119
2026;5;Lisboa;Arruda dos Vinhos;Arruda dos Vinhos;LED;2848.0;2682.0;2841.0;109671.1999130249;11;1102;110202
2026;5;Lisboa;Arruda dos Vinhos;Arruda dos Vinhos;Outros/Não definido;8.0;8.0;8.0;45.0;11;1102;110202
2026;5;Lisboa;Arruda dos Vinhos;S. Tiago dos Velhos;LED;649.0;643.0;649.0;20591.799869537354;11;1102;110204
2026;5;Lisboa;Azambuja;Azambuja;Sódio;107.0;105.0;107.0;9890.0;11;1103;110304
2026;5;Lisboa;Cadaval;Vilar;Outros/Não definido;5.0;5.0;5.0;385.4000015258789;11;1104;110410
2026;5;Lisboa;Cadaval;Vilar;Sódio;12.0;12.0;12.0;1200.0;11;1104;110410
2026;5;Lisboa;Cadaval;Cadaval e Pêro Moniz;LED;1485.0;1439.0;1485.0;58967.00001525879;11;1104;110411
2026;5;Lisboa;Cadaval;Cadaval e Pêro Moniz;Mercúrio;3.0;2.0;3.0;130.0;11;1104;110411
2026;5;Lisboa;Cascais;Alcabideche;Mercúrio;62.0;62.0;62.0;6070.0;11;1105;110501
2026;5;Lisboa;Cascais;Alcabideche;Outros/Não definido;1537.0;1522.0;1537.0;122981.0;11;1105;110501
2026;5;Lisboa;Cascais;São Domingos de Rana;Outros/Não definido;2056.0;2013.0;2056.0;190858.0;11;1105;110506
2026;5;Lisboa;Cascais;Carcavelos e Parede;Iodeto Metálico;117.0;95.0;117.0;10400.0;11;1105;110507
2026;5;Lisboa;Cascais;Carcavelos e Parede;Outros/Não definido;1012.0;954.0;1013.0;71257.0;11;1105;110507
2026;5;Lisboa;Cascais;Carcavelos e Parede;Sódio;4964.0;4675.0;4964.0;670740.0;11;1105;110507
2026;5;Lisboa;Cascais;Cascais e Estoril;Fluorescente;15.0;15.0;15.0;1150.0;11;1105;110508
2026;5;Lisboa;Cascais;Cascais e Estoril;Sódio;7601.0;7433.0;7603.0;1035550.0;11;1105;110508
2026;5;Lisboa;Lisboa;Alcântara;Outros/Não definido;2382.0;2174.0;2382.0;282020.0;11;1106;110602
2026;5;Lisboa;Lisboa;Beato;LED;41.0;41.0;41.0;1796.0;11;1106;110607
2026;5;Lisboa;Lisboa;Beato;Outros/Não definido;1223.0;1141.0;1223.0;132561.0;11;1106;110607
2026;5;Lisboa;Lisboa;Campolide;Outros/Não definido;3164.0;2883.0;3164.0;307921.0;11;1106;110610
2026;5;Lisboa;Lisboa;Carnide;LED;120.0;120.0;128.0;3638.899974822998;11;1106;110611
2026;5;Lisboa;Lisboa;Carnide;Outros/Não definido;3456.0;2900.0;3569.0;367850.0;11;1106;110611
2026;5;Lisboa;Lisboa;Carnide;Sódio;28.0;27.0;28.0;3900.0;11;1106;110611
2026;5;Lisboa;Lisboa;Lumiar;Sódio;1.0;1.0;1.0;250.0;11;1106;110618
2026;5;Lisboa;Lisboa;Arroios;Outros/Não definido;2174.0;2016.0;2174.0;346590.0;11;1106;110656
2026;5;Lisboa;Lisboa;Avenidas Novas;LED;81.0;75.0;82.0;5516.0;11;1106;110657
2026;5;Lisboa;Lisboa;Belém;Outros/Não definido;4288.0;3668.0;4533.0;531183.0;11;1106;110658
2026;5;Lisboa;Lisboa;Estrela;LED;54.0;44.0;54.0;2463.0;11;1106;110660
2026;5;Lisboa;Lisboa;Estrela;Outros/Não definido;2837.0;2281.0;2843.0;312243.0;11;1106;110660
2026;5;Guarda;Trancoso;Moreira de Rei;Mercúrio;1.0;1.0;1.0;50.0;09;0913;091312
2026;5;Guarda;Trancoso;Reboleiro;LED;189.0;189.0;189.0;7844.0;09;0913;091315
2026;5;Guarda;Trancoso;Rio de Mel;Sódio;5.0;5.0;5.0;350.0;09;0913;091316
2026;5;Guarda;Trancoso;Valdujo;LED;281.0;281.0;281.0;12705.0;09;0913;091325
2026;5;Guarda;Trancoso;Freches e Torres;LED;602.0;599.0;599.0;22466.40003967285;09;0913;091330
2026;5;Guarda;Trancoso;Trancoso (São Pedro e Santa Maria) e Souto Maior;LED;2080.0;1995.0;2078.0;87666.70003509521;09;0913;091332
2026;5;Guarda;Trancoso;Trancoso (São Pedro e Santa Maria) e Souto Maior;Mercúrio;23.0;19.0;23.0;950.0;09;0913;091332
2026;5;Guarda;Trancoso;Trancoso (São Pedro e Santa Maria) e Souto Maior;Sódio;757.0;692.0;757.0;71990.0;09;0913;091332
2026;5;Guarda;Trancoso;Vale do Seixo e Vila Garcia;Sódio;4.0;4.0;4.0;300.0;09;0913;091333
2026;5;Guarda;Trancoso;Vila Franca das Naves e Feital;LED;744.0;726.0;743.0;29313.40000152588;09;0913;091334
2026;5;Guarda;Vila Nova de Foz Côa;Almendra;LED;375.0;375.0;375.0;18864.0;09;0914;091401
2026;5;Guarda;Vila Nova de Foz Côa;Almendra;Mercúrio;14.0;14.0;14.0;700.0;09;0914;091401
2026;5;Guarda;Vila Nova de Foz Côa;Almendra;Sódio;37.0;37.0;37.0;2590.0;09;0914;091401
2026;5;Guarda;Vila Nova de Foz Côa;Cedovim;Mercúrio;10.0;10.0;10.0;500.0;09;0914;091403
2026;5;Guarda;Vila Nova de Foz Côa;Custóias;Mercúrio;1.0;1.0;1.0;50.0;09;0914;091405
2026;5;Guarda;Vila Nova de Foz Côa;Custóias;Outros/Não definido;1.0;1.0;1.0;45.0;09;0914;091405
2026;5;Guarda;Vila Nova de Foz Côa;Custóias;Sódio;9.0;9.0;9.0;780.0;09;0914;091405
2026;5;Guarda;Vila Nova de Foz Côa;Muxagata;LED;200.0;200.0;200.0;8481.799987792969;09;0914;091410
2026;5;Guarda;Vila Nova de Foz Côa;Muxagata;Outros/Não definido;10.0;10.0;10.0;;09;0914;091410
2026;5;Guarda;Vila Nova de Foz Côa;Muxagata;Sódio;4.0;4.0;4.0;280.0;09;0914;091410
2026;5;Guarda;Vila Nova de Foz Côa;Seixas;Sódio;14.0;14.0;14.0;960.0;09;0914;091415
2026;5;Guarda;Vila Nova de Foz Côa;Touça;LED;261.0;261.0;261.0;11654.700008392334;09;0914;091416
2026;5;Guarda;Vila Nova de Foz Côa;Freixo de Numão;Mercúrio;6.0;6.0;6.0;300.0;09;0914;091418
2026;5;Leiria;Alvaiázere;Almoster;Mercúrio;1.0;1.0;1.0;125.0;10;1002;100201
2026;5;Leiria;Alvaiázere;Almoster;Sódio;27.0;26.0;26.0;1890.0;10;1002;100201
2026;5;Leiria;Alvaiázere;Maçãs de Dona Maria;Mercúrio;5.0;5.0;5.0;250.0;10;1002;100204
2026;5;Leiria;Alvaiázere;Maçãs de Dona Maria;Sódio;138.0;138.0;138.0;10820.0;10;1002;100204
2026;5;Leiria;Alvaiázere;Pelmá;Sódio;55.0;55.0;55.0;4570.0;10;1002;100205
2026;5;Leiria;Alvaiázere;Alvaiázere;LED;1229.0;1208.0;1227.0;48143.90026855469;10;1002;100208
2026;5;Leiria;Alvaiázere;Alvaiázere;Outros/Não definido;134.0;133.0;136.0;90.0;10;1002;100208
2026;5;Leiria;Alvaiázere;Alvaiázere;Sódio;327.0;324.0;327.0;32990.0;10;1002;100208
2026;5;Leiria;Alvaiázere;Pussos São Pedro;Sódio;157.0;134.0;134.0;11550.0;10;1002;100209
2026;5;Leiria;Ansião;Pousaflores;Outros/Não definido;2.0;2.0;2.0;90.0;10;1003;100306
2026;5;Leiria;Ansião;Ansião;LED;2230.0;2216.0;2230.0;95573.40034484863;10;1003;100309
2026;5;Leiria;Castanheira de Pêra;Castanheira de Pêra e Coentral;Iodeto Metálico;1.0;1.0;1.0;400.0;10;1007;100703
2026;5;Leiria;Castanheira de Pêra;Castanheira de Pêra e Coentral;LED;2577.0;2529.0;2882.0;94579.40045166016;10;1007;100703
2026;5;Leiria;Castanheira de Pêra;Castanheira de Pêra e Coentral;Sódio;318.0;294.0;316.0;27660.0;10;1007;100703
2026;5;Leiria;Leiria;Amor;LED;130.0;129.0;129.0;3970.400001525879;10;1009;100901
2026;5;Leiria;Leiria;Amor;Outros/Não definido;69.0;54.0;65.0;540.0;10;1009;100901
2026;5;Leiria;Leiria;Amor;Sódio;1374.0;1363.0;1363.0;98160.0;10;1009;100901
2026;5;Leiria;Leiria;Coimbrão;Sódio;388.0;382.0;386.0;30210.0;10;1009;100909
2026;5;Leiria;Leiria;Maceira;Mercúrio;16.0;13.0;15.0;1055.0;10;1009;100913
2026;5;Leiria;Leiria;Maceira;Outros/Não definido;230.0;229.0;237.0;1865.0;10;1009;100913
2026;5;Leiria;Leiria;Milagres;LED;534.0;534.0;534.0;18801.900009155273;10;1009;100915
2026;5;Leiria;Leiria;Milagres;Mercúrio;9.0;7.0;7.0;560.0;10;1009;100915
2026;5;Leiria;Leiria;Bajouca;LED;903.0;890.0;900.0;31840.700050354004;10;1009;100925
2026;5;Leiria;Leiria;Bajouca;Outros/Não definido;25.0;23.0;29.0;634.0;10;1009;100925
2026;5;Leiria;Leiria;Bidoeira de Cima;Sódio;445.0;438.0;438.0;31210.0;10;1009;100926
2026;5;Leiria;Leiria;Santa Catarina da Serra e Chainça;LED;2013.0;2009.0;2009.0;79557.80025100708;10;1009;100938
2026;5;Leiria;Leiria;Santa Catarina da Serra e Chainça;Sódio;555.0;554.0;554.0;42850.0;10;1009;100938
2026;5;Leiria;Leiria;Santa Eufémia e Boa Vista;LED;1811.0;1803.0;1803.0;70182.50016403198;10;1009;100939
2026;5;Leiria;Leiria;Santa Eufémia e Boa Vista;Mercúrio;7.0;7.0;7.0;380.0;10;1009;100939
2026;5;Leiria;Leiria;Souto da Carpalhosa e Ortigosa;Mercúrio;68.0;68.0;68.0;4520.0;10;1009;100940
2026;5;Leiria;Leiria;Souto da Carpalhosa e Ortigosa;Sódio;1753.0;1745.0;1755.0;125720.0;10;1009;100940
2026;5;Leiria;Marinha Grande;Vieira de Leiria;LED;1480.0;1447.0;1522.0;55603.1003036499;10;1010;101002
2026;5;Leiria;Marinha Grande;Moita;LED;555.0;554.0;555.0;20693.500202178955;10;1010;101003
2026;5;Leiria;Marinha Grande;Moita;Mercúrio;1.0;1.0;1.0;50.0;10;1010;101003
2026;5;Leiria;Marinha Grande;Moita;Sódio;33.0;31.0;33.0;2290.0;10;1010;101003
2026;5;Leiria;Óbidos;A dos Negros;Outros/Não definido;11.0;11.0;11.0;260.0;10;1012;101201
2026;5;Leiria;Óbidos;A dos Negros;Sódio;14.0;13.0;13.0;980.0;10;1012;101201
2026;5;Leiria;Óbidos;Amoreira;LED;1317.0;1309.0;1315.0;50068.90000915527;10;1012;101202
2026;5;Leiria;Óbidos;Amoreira;Outros/Não definido;31.0;31.0;31.0;225.0;10;1012;101202
2026;5;Leiria;Óbidos;Vau;Outros/Não definido;83.0;83.0;83.0;615.0;10;1012;101207
2026;5;Leiria;Óbidos;Vau;Sódio;26.0;26.0;26.0;2270.0;10;1012;101207
2026;5;Leiria;Óbidos;Usseira;LED;425.0;425.0;425.0;15200.700019836426;10;1012;101209
2026;5;Leiria;Óbidos;Santa Maria, São Pedro e Sobral da Lagoa;Sódio;60.0;58.0;58.0;4730.0;10;1012;101210
2026;5;Leiria;Peniche;Serra d'El-Rei;LED;637.0;630.0;637.0;27794.79985809326;10;1014;101405
2026;5;Leiria;Peniche;Ferrel;LED;1441.0;1403.0;1440.0;66157.39989089966;10;1014;101406
2026;5;Leiria;Pombal;Abiul;LED;1774.0;1772.0;1774.0;65767.40008544922;10;1015;101501
2026;5;Leiria;Pombal;Almagreira;Outros/Não definido;108.0;108.0;108.0;90.0;10;1015;101503
2026;5;Leiria;Pombal;Carnide;Mercúrio;9.0;9.0;9.0;450.0;10;1015;101504
2026;5;Leiria;Pombal;Carnide;Outros/Não definido;37.0;37.0;37.0;675.0;10;1015;101504
2026;5;Leiria;Pombal;Carnide;Sódio;54.0;53.0;53.0;3990.0;10;1015;101504
2026;5;Leiria;Pombal;Louriçal;LED;1387.0;1371.0;1379.0;60434.90033340454;10;1015;101506
2026;5;Leiria;Pombal;Louriçal;Outros/Não definido;76.0;73.0;73.0;1299.0;10;1015;101506
2026;5;Leiria;Pombal;Louriçal;Sódio;894.0;877.0;893.0;67470.0;10;1015;101506
2026;5;Leiria;Pombal;Redinha;Mercúrio;60.0;56.0;56.0;3030.0;10;1015;101510
2026;5;Leiria;Pombal;Vila Cã;Mercúrio;11.0;10.0;10.0;550.0;10;1015;101514
2026;5;Leiria;Pombal;Vila Cã;Sódio;160.0;155.0;156.0;11130.0;10;1015;101514
2026;5;Leiria;Pombal;Meirinhas;Outros/Não definido;93.0;87.0;93.0;140.0;10;1015;101515
2026;5;Leiria;Pombal;Meirinhas;Sódio;77.0;76.0;76.0;5930.0;10;1015;101515
2026;5;Leiria;Porto de Mós;Alqueidão da Serra;LED;540.0;539.0;539.0;19075.40032196045;10;1016;101602
2026;5;Leiria;Porto de Mós;Alqueidão da Serra;Mercúrio;16.0;14.0;16.0;700.0;10;1016;101602
2026;5;Leiria;Porto de Mós;Calvaria de Cima;Mercúrio;14.0;14.0;14.0;700.0;10;1016;101605
2026;5;Leiria;Porto de Mós;Juncal;LED;709.0;709.0;709.0;27171.400302886963;10;1016;101606
2026;5;Leiria;Porto de Mós;Mira de Aire;Iodeto Metálico;19.0;19.0;19.0;1330.0;10;1016;101608
2026;5;Leiria;Porto de Mós;Mira de Aire;LED;588.0;559.0;588.0;22449.00016784668;10;1016;101608
2026;5;Leiria;Porto de Mós;Pedreiras;Outros/Não definido;98.0;98.0;100.0;370.0;10;1016;101609
2026;5;Leiria;Porto de Mós;Serro Ventoso;Mercúrio;8.0;7.0;7.0;725.0;10;1016;101613
2026;5;Leiria;Porto de Mós;Alvados e Alcaria;Outros/Não definido;20.0;20.0;20.0;540.0;10;1016;101615
2026;5;Lisboa;Alenquer;Carnota;Sódio;1.0;1.0;1.0;70.0;11;1101;110106
2026;5;Lisboa;Alenquer;Olhalvo;Mercúrio;1.0;1.0;1.0;80.0;11;1101;110108
2026;5;Lisboa;Alenquer;Olhalvo;Outros/Não definido;1.0;1.0;1.0;45.0;11;1101;110108
2026;5;Lisboa;Alenquer;Ventosa;Outros/Não definido;3.0;3.0;3.0;84.0;11;1101;110113
2026;5;Lisboa;Alenquer;Abrigada e Cabanas de Torres;Outros/Não definido;1.0;;;100.0;11;1101;110117
2026;5;Lisboa;Alenquer;Ribafria e Pereiro de Palhacana;Mercúrio;2.0;2.0;2.0;130.0;11;1101;110121
2026;5;Lisboa;Arruda dos Vinhos;Arranhó;Outros/Não definido;1.0;1.0;1.0;45.0;11;1102;110201
2026;5;Lisboa;Arruda dos Vinhos;Cardosas;LED;418.0;416.0;418.0;13794.799987792969;11;1102;110203
2026;5;Lisboa;Azambuja;Alcoentre;Outros/Não definido;15.0;15.0;15.0;405.0;11;1103;110301
2026;5;Lisboa;Azambuja;Manique do Intendente, V. N. de S. Pedro e Maçussa;Sódio;19.0;19.0;19.0;1900.0;11;1103;110310
2026;5;Lisboa;Cadaval;Alguber;LED;452.0;450.0;452.0;14019.80004119873;11;1104;110401
2026;5;Lisboa;Cadaval;Alguber;Sódio;4.0;2.0;4.0;170.0;11;1104;110401
2026;5;Lisboa;Cadaval;Lamas e Cercal;Sódio;7.0;7.0;7.0;850.0;11;1104;110412
2026;5;Lisboa;Lisboa;Ajuda;LED;32.0;32.0;32.0;1057.0;11;1106;110601
2026;5;Lisboa;Lisboa;Benfica;LED;289.0;252.0;289.0;8016.500003814697;11;1106;110608
2026;5;Lisboa;Lisboa;Areeiro;Outros/Não definido;2377.0;2144.0;2388.0;312197.0;11;1106;110655
2026;5;Lisboa;Lisboa;Campo de Ourique;LED;2.0;2.0;2.0;94.0;11;1106;110659
2026;5;Lisboa;Lisboa;Parque das Nações;Sódio;6.0;6.0;6.0;900.0;11;1106;110662
2026;5;Lisboa;Loures;Loures;Indução;6.0;6.0;6.0;300.0;11;1107;110707
2026;5;Lisboa;Loures;Moscavide e Portela;LED;505.0;465.0;505.0;49065.60001373291;11;1107;110726
2026;5;Lisboa;Loures;Moscavide e Portela;Mercúrio;12.0;12.0;12.0;1200.0;11;1107;110726
2026;5;Lisboa;Loures;Moscavide e Portela;Sódio;1124.0;970.0;1124.0;124800.0;11;1107;110726
2026;5;Lisboa;Loures;Sacavém e Prior Velho;Sódio;1398.0;1308.0;1398.0;172710.0;11;1107;110727
2026;5;Lisboa;Loures;Santa Iria de Azoia, São João da Talha e Bobadela;Fluorescente;2.0;2.0;2.0;120.0;11;1107;110728
2026;5;Lisboa;Loures;Santa Iria de Azoia, São João da Talha e Bobadela;LED;5341.0;5307.0;5341.0;306091.2019805908;11;1107;110728
2026;5;Lisboa;Loures;Santo António dos Cavaleiros e Frielas;Fluorescente;29.0;29.0;29.0;1450.0;11;1107;110730
2026;5;Lisboa;Loures;Camarate, Unhos e Apelação;Iodeto Metálico;18.0;18.0;18.0;1800.0;11;1107;110731
2026;5;Lisboa;Loures;Camarate, Unhos e Apelação;Mercúrio;36.0;36.0;36.0;1920.0;11;1107;110731
2026;5;Lisboa;Loures;Camarate, Unhos e Apelação;Sódio;1008.0;931.0;1014.0;114000.0;11;1107;110731
2026;5;Lisboa;Mafra;Carvoeira;LED;1263.0;1169.0;1263.0;60383.30078125;11;1109;110902
2026;5;Lisboa;Mafra;Carvoeira;Sódio;41.0;41.0;41.0;5550.0;11;1109;110902
2026;5;Lisboa;Mafra;Ericeira;LED;3958.0;3624.0;3960.0;182291.5012397766;11;1109;110906
2026;5;Lisboa;Mafra;Ericeira;Sódio;12.0;12.0;12.0;1300.0;11;1109;110906
2026;5;Lisboa;Mafra;Mafra;Outros/Não definido;322.0;320.0;322.0;5920.0;11;1109;110909
2026;5;Lisboa;Mafra;Igreja Nova e Cheleiros;Outros/Não definido;100.0;100.0;100.0;880.0;11;1109;110920
2026;5;Lisboa;Mafra;Igreja Nova e Cheleiros;Sódio;9.0;9.0;9.0;1000.0;11;1109;110920
2026;5;Lisboa;Mafra;Venda do Pinheiro e Santo Estêvão das Galés;LED;2982.0;2942.0;2985.0;155992.10047531128;11;1109;110922
2026;5;Lisboa;Mafra;Venda do Pinheiro e Santo Estêvão das Galés;Outros/Não definido;49.0;49.0;49.0;530.0;11;1109;110922
2026;5;Lisboa;Mafra;Venda do Pinheiro e Santo Estêvão das Galés;Sódio;33.0;32.0;33.0;3600.0;11;1109;110922
2026;5;Lisboa;Oeiras;Barcarena;LED;270.0;270.0;270.0;20290.200065612793;11;1110;111002
2026;5;Lisboa;Oeiras;Barcarena;Mercúrio;14.0;14.0;14.0;775.0;11;1110;111002
2026;5;Lisboa;Oeiras;Porto Salvo;LED;232.0;176.0;232.0;6662.300010681152;11;1110;111009
2026;5;Lisboa;Oeiras;Porto Salvo;Sódio;2464.0;2358.0;2470.0;403070.0;11;1110;111009
2026;5;Lisboa;Oeiras;Algés, Linda-a-Velha e Cruz Quebrada-Dafundo;Outros/Não definido;1764.0;1612.0;1773.0;145756.0;11;1110;111012
2026;5;Lisboa;Oeiras;Carnaxide e Queijas;LED;154.0;154.0;154.0;8606.5;11;1110;111013
2026;5;Lisboa;Oeiras;Carnaxide e Queijas;Outros/Não definido;2783.0;2349.0;2785.0;178611.0;11;1110;111013
2026;5;Lisboa;Oeiras;Oeiras e S. Julião da Barra, Paço de Arcos e Caxias;Fluorescente;1.0;1.0;1.0;36.0;11;1110;111014
2026;5;Lisboa;Oeiras;Oeiras e S. Julião da Barra, Paço de Arcos e Caxias;Sódio;6372.0;5875.0;6372.0;954630.0;11;1110;111014
2026;5;Lisboa;Sintra;Algueirão-Mem Martins;LED;3720.0;3544.0;3720.0;302130.60094833374;11;1111;111102
2026;5;Lisboa;Sintra;Rio de Mouro;LED;4330.0;4220.0;4330.0;338189.4022254944;11;1111;111108
2026;5;Lisboa;Sintra;Rio de Mouro;Outros/Não definido;602.0;594.0;602.0;17900.0;11;1111;111108
2026;5;Lisboa;Sintra;Casal de Cambra;LED;655.0;657.0;661.0;37555.70035171509;11;1111;111115
2026;5;Lisboa;Sintra;Casal de Cambra;Mercúrio;13.0;13.0;13.0;650.0;11;1111;111115
2026;5;Lisboa;Sintra;Casal de Cambra;Outros/Não definido;161.0;161.0;161.0;3850.0;11;1111;111115
2026;5;Lisboa;Sintra;Agualva e Mira-Sintra;Iodeto Metálico;1.0;1.0;1.0;100.0;11;1111;111122
2026;5;Lisboa;Sintra;São João das Lampas e Terrugem;LED;6307.0;6280.0;6307.0;350510.2067298889;11;1111;111127
2026;5;Lisboa;Sintra;São João das Lampas e Terrugem;Sódio;1020.0;1011.0;1020.0;135360.0;11;1111;111127
2026;5;Lisboa;Sintra;S. Maria, S. Miguel, S. Martinho e S. Pedro de Penaferrim;Iodeto Metálico;8.0;8.0;8.0;400.0;11;1111;111128
2026;5;Lisboa;Sintra;S. Maria, S. Miguel, S. Martinho e S. Pedro de Penaferrim;LED;5100.0;4950.0;5100.0;328727.5040435791;11;1111;111128
2026;5;Lisboa;Sintra;S. Maria, S. Miguel, S. Martinho e S. Pedro de Penaferrim;Outros/Não definido;1137.0;1063.0;1137.0;31180.0;11;1111;111128
2026;5;Lisboa;Sobral de Monte Agraço;Sobral de Monte Agraço;Iodeto Metálico;1.0;;;100.0;11;1112;111203
2026;5;Lisboa;Sobral de Monte Agraço;Sobral de Monte Agraço;LED;1102.0;1066.0;1101.0;43639.79978179932;11;1112;111203
2026;5;Lisboa;Sobral de Monte Agraço;Sobral de Monte Agraço;Sódio;8.0;8.0;8.0;770.0;11;1112;111203
2026;5;Lisboa;Torres Vedras;Ponte do Rol;Outros/Não definido;21.0;19.0;20.0;45.0;11;1113;111310
2026;5;Lisboa;Torres Vedras;Ramalhal;Sódio;36.0;35.0;35.0;3000.0;11;1113;111311
2026;5;Lisboa;Torres Vedras;Turcifal;LED;1253.0;1246.0;1259.0;45326.30044174194;11;1113;111317
2026;5;Lisboa;Torres Vedras;Turcifal;Mercúrio;3.0;3.0;3.0;530.0;11;1113;111317
2026;5;Lisboa;Torres Vedras;Ventosa;LED;1639.0;1627.0;1644.0;55111.70030975342;11;1113;111318
2026;5;Lisboa;Torres Vedras;Ventosa;Sódio;50.0;50.0;50.0;4280.0;11;1113;111318
2026;5;Lisboa;Torres Vedras;A dos Cunhados e Maceira;Fluorescente;6.0;4.0;6.0;200.0;11;1113;111321
2026;5;Lisboa;Torres Vedras;A dos Cunhados e Maceira;LED;4420.0;4368.0;4419.0;141962.69805908203;11;1113;111321
2026;5;Lisboa;Torres Vedras;A dos Cunhados e Maceira;Sódio;213.0;204.0;212.0;19620.0;11;1113;111321
2026;5;Lisboa;Torres Vedras;Maxial e Monte Redondo;Outros/Não definido;30.0;30.0;30.0;491.0;11;1113;111325
2026;5;Lisboa;Torres Vedras;Santa Maria, São Pedro e Matacães;Sódio;377.0;372.0;377.0;39500.0;11;1113;111326
2026;5;Lisboa;Vila Franca de Xira;Vialonga;Sódio;358.0;349.0;358.0;44530.0;11;1114;111408
2026;5;Lisboa;Vila Franca de Xira;Alverca do Ribatejo e Sobralinho;Iodeto Metálico;6.0;6.0;6.0;420.0;11;1114;111413
2026;5;Lisboa;Vila Franca de Xira;Alverca do Ribatejo e Sobralinho;Sódio;834.0;737.0;834.0;95250.0;11;1114;111413
2026;5;Lisboa;Vila Franca de Xira;Castanheira do Ribatejo e Cachoeiras;LED;1829.0;1803.0;1840.0;110458.00166320801;11;1114;111414
2026;5;Lisboa;Amadora;Alfragide;LED;1332.0;1278.0;1332.0;117140.7000656128;11;1115;111512
2026;5;Lisboa;Amadora;Águas Livres;Sódio;409.0;402.0;409.0;57330.0;11;1115;111513
2026;5;Lisboa;Amadora;Falagueira-Venda Nova;Fluorescente;16.0;16.0;16.0;800.0;11;1115;111515
2026;5;Lisboa;Amadora;Mina de Água;Fluorescente;14.0;14.0;14.0;700.0;11;1115;111516
2026;5;Lisboa;Amadora;Mina de Água;LED;3842.0;3595.0;3841.0;309823.9003601074;11;1115;111516
2026;5;Lisboa;Odivelas;Pontinha e Famões;Mercúrio;19.0;19.0;19.0;1520.0;11;1116;111608
2026;5;Lisboa;Odivelas;Pontinha e Famões;Outros/Não definido;127.0;115.0;127.0;8695.0;11;1116;111608
2026;5;Lisboa;Odivelas;Pontinha e Famões;Sódio;1812.0;1741.0;1814.0;222860.0;11;1116;111608
2026;5;Lisboa;Odivelas;Póvoa de Santo Adrião e Olival Basto;Sódio;754.0;683.0;754.0;100990.0;11;1116;111609
2026;5;Lisboa;Odivelas;Ramada e Caneças;Mercúrio;16.0;16.0;16.0;1190.0;11;1116;111610
2026;5;Lisboa;Odivelas;Ramada e Caneças;Outros/Não definido;60.0;60.0;60.0;2100.0;11;1116;111610
2026;5;Portalegre;Avis;Avis;LED;563.0;543.0;563.0;32799.60001373291;12;1203;120303
2026;5;Portalegre;Avis;Alcórrego e Maranhão;LED;258.0;255.0;262.0;12170.200073242188;12;1203;120309
2026;5;Portalegre;Campo Maior;São João Baptista;Fluorescente;18.0;18.0;18.0;900.0;12;1204;120403
2026;5;Portalegre;Castelo de Vide;São João Baptista;LED;472.0;432.0;472.0;24694.200088500977;12;1205;120504
2026;5;Portalegre;Elvas;Assunção, Ajuda, Salvador e Santo Ildefonso;Iodeto Metálico;1.0;1.0;1.0;50.0;12;1207;120712
2026;5;Portalegre;Elvas;Assunção, Ajuda, Salvador e Santo Ildefonso;LED;2812.0;2641.0;2811.0;148335.0005531311;12;1207;120712
2026;5;Portalegre;Elvas;Caia, São Pedro e Alcáçova;LED;2172.0;1939.0;2172.0;120985.80004882812;12;1207;120713
2026;5;Portalegre;Elvas;Caia, São Pedro e Alcáçova;Sódio;3.0;3.0;3.0;400.0;12;1207;120713
2026;5;Portalegre;Fronteira;Cabeço de Vide;Sódio;105.0;105.0;105.0;15750.0;12;1208;120801
2026;5;Portalegre;Monforte;Monforte;Outros/Não definido;64.0;64.0;70.0;;12;1211;121102
2026;5;Portalegre;Nisa;Alpalhão;LED;357.0;357.0;357.0;14460.800018310547;12;1212;121201
2026;5;Portalegre;Nisa;Alpalhão;Outros/Não definido;1.0;1.0;1.0;;12;1212;121201
2026;5;Portalegre;Ponte de Sor;Longomel;LED;593.0;593.0;593.0;24523.20002746582;12;1213;121305
2026;5;Portalegre;Ponte de Sor;Longomel;Mercúrio;1.0;1.0;1.0;50.0;12;1213;121305
2026;5;Portalegre;Ponte de Sor;Longomel;Outros/Não definido;16.0;16.0;16.0;45.0;12;1213;121305
2026;5;Portalegre;Ponte de Sor;Ponte de Sor, Tramaga e Vale de Açor;LED;4101.0;4074.0;4101.0;212562.80137252808;12;1213;121308
2026;5;Portalegre;Portalegre;Fortios;LED;662.0;658.0;662.0;25830.000160217285;12;1214;121404
2026;5;Portalegre;Portalegre;Sé e São Lourenço;LED;3799.0;3675.0;3924.0;143530.30003738403;12;1214;121411
2026;5;Portalegre;Portalegre;Ribeira de Nisa e Carreiras;Iodeto Metálico;10.0;10.0;16.0;700.0;12;1214;121413
2026;5;Portalegre;Portalegre;Ribeira de Nisa e Carreiras;LED;763.0;761.0;761.0;21787.0;12;1214;121413
2026;5;Portalegre;Portalegre;Ribeira de Nisa e Carreiras;Outros/Não definido;20.0;20.0;20.0;90.0;12;1214;121413
2026;5;Portalegre;Portalegre;Ribeira de Nisa e Carreiras;Sódio;210.0;210.0;210.0;20260.0;12;1214;121413
2026;5;Portalegre;Sousel;Sousel;LED;772.0;761.0;772.0;40140.00036621094;12;1215;121504
2026;5;Porto;Amarante;Lufrei;Mercúrio;1.0;1.0;1.0;80.0;13;1301;130121
2026;5;Lisboa;Lisboa;Penha de França;Outros/Não definido;1680.0;1596.0;1733.0;243743.0;11;1106;110663
2026;5;Lisboa;Lisboa;Santa Clara;Sódio;46.0;10.0;10.0;7920.0;11;1106;110664
2026;5;Lisboa;Lisboa;São Vicente;LED;6.0;6.0;6.0;538.0;11;1106;110667
2026;5;Lisboa;Loures;Fanhões;Sódio;93.0;93.0;93.0;11500.0;11;1107;110705
2026;5;Lisboa;Loures;Lousa;Mercúrio;8.0;8.0;8.0;625.0;11;1107;110708
2026;5;Leiria;Pedrógão Grande;Graça;LED;909.0;898.0;909.0;31768.200225830078;10;1013;101301
2026;5;Leiria;Pedrógão Grande;Pedrógão Grande;Outros/Não definido;10.0;10.0;10.0;225.0;10;1013;101302
2026;5;Leiria;Pedrógão Grande;Pedrógão Grande;Sódio;52.0;36.0;52.0;2910.0;10;1013;101302
2026;5;Leiria;Pedrógão Grande;Vila Facaia;LED;523.0;517.0;523.0;19530.800121307373;10;1013;101303
2026;5;Lisboa;Lourinhã;Moita dos Ferreiros;Outros/Não definido;30.0;30.0;30.0;390.0;11;1108;110803
2026;5;Lisboa;Lourinhã;Santa Bárbara;Sódio;18.0;18.0;18.0;1790.0;11;1108;110806
2026;5;Lisboa;Lourinhã;Vimeiro;Outros/Não definido;16.0;16.0;16.0;435.0;11;1108;110808
2026;5;Lisboa;Lourinhã;Lourinhã e Atalaia;Outros/Não definido;92.0;85.0;86.0;2090.0;11;1108;110812
2026;5;Lisboa;Lourinhã;Miragaia e Marteleira;LED;1422.0;1397.0;1410.0;51895.8995552063;11;1108;110813
2026;5;Lisboa;Lourinhã;São Bartolomeu dos Galegos e Moledo;Sódio;36.0;32.0;36.0;2650.0;11;1108;110814
2026;5;Lisboa;Mafra;Enxara do Bispo, Gradil e Vila Franca do Rosário;LED;1599.0;1587.0;1599.0;82596.49995422363;11;1109;110919
2026;5;Lisboa;Sintra;Colares;LED;2193.0;2186.0;2193.0;120086.60195159912;11;1111;111105
2026;5;Lisboa;Sintra;Colares;Outros/Não definido;319.0;319.0;324.0;7975.0;11;1111;111105
2026;5;Lisboa;Sintra;Cacém e São Marcos;Mercúrio;3.0;3.0;3.0;375.0;11;1111;111124
2026;5;Lisboa;Sintra;Cacém e São Marcos;Outros/Não definido;313.0;275.0;313.0;3900.0;11;1111;111124
2026;5;Lisboa;Sintra;Massamá e Monte Abraão;LED;2117.0;1983.0;2121.0;163207.90118789673;11;1111;111125
2026;5;Lisboa;Sintra;Massamá e Monte Abraão;Outros/Não definido;531.0;485.0;532.0;15230.0;11;1111;111125
2026;5;Lisboa;Sobral de Monte Agraço;Santo Quintino;Sódio;3.0;3.0;3.0;210.0;11;1112;111201
2026;5;Lisboa;Torres Vedras;Campelos e Outeiro da Cabeça;Fluorescente;16.0;16.0;16.0;1600.0;11;1113;111322
2026;5;Lisboa;Torres Vedras;Campelos e Outeiro da Cabeça;Sódio;224.0;224.0;224.0;22870.0;11;1113;111322
2026;5;Lisboa;Torres Vedras;Carvoeira e Carmões;Sódio;58.0;58.0;58.0;6260.0;11;1113;111323
2026;5;Lisboa;Vila Franca de Xira;Vila Franca de Xira;Sódio;652.0;649.0;652.0;83930.0;11;1114;111409
2026;5;Lisboa;Vila Franca de Xira;Alhandra, São João dos Montes e Calhandriz;Outros/Não definido;99.0;99.0;99.0;1990.0;11;1114;111412
2026;5;Lisboa;Vila Franca de Xira;Póvoa de Santa Iria e Forte da Casa;Iodeto Metálico;76.0;74.0;76.0;11100.0;11;1114;111415
2026;5;Lisboa;Amadora;Encosta do Sol;Iodeto Metálico;1.0;1.0;1.0;125.0;11;1115;111514
2026;5;Lisboa;Odivelas;Odivelas;Iodeto Metálico;55.0;55.0;55.0;6400.0;11;1116;111603
2026;5;Lisboa;Odivelas;Odivelas;Sódio;1747.0;1579.0;1747.0;207880.0;11;1116;111603
2026;5;Portalegre;Avis;Aldeia Velha;LED;157.0;157.0;157.0;8583.600059509277;12;1203;120302
2026;5;Portalegre;Avis;Benavila e Valongo;Iodeto Metálico;2.0;2.0;2.0;300.0;12;1203;120310
2026;5;Portalegre;Avis;Benavila e Valongo;LED;449.0;449.0;449.0;25056.400077819824;12;1203;120310
2026;5;Portalegre;Avis;Benavila e Valongo;Outros/Não definido;31.0;31.0;31.0;;12;1203;120310
2026;5;Portalegre;Campo Maior;Nossa Senhora da Expectação;Outros/Não definido;9.0;5.0;5.0;;12;1204;120401
2026;5;Portalegre;Campo Maior;Nossa Senhora da Expectação;Sódio;5.0;5.0;5.0;440.0;12;1204;120401
2026;5;Portalegre;Castelo de Vide;Santa Maria da Devesa;LED;762.0;704.0;761.0;29925.80004119873;12;1205;120502
2026;5;Portalegre;Crato;Aldeia da Mata;LED;179.0;173.0;179.0;8414.0;12;1206;120601
2026;5;Portalegre;Crato;Monte da Pedra;LED;201.0;201.0;201.0;10279.800003051758;12;1206;120605
2026;5;Portalegre;Elvas;São Brás e São Lourenço;Mercúrio;1.0;1.0;1.0;80.0;12;1207;120707
2026;5;Portalegre;Elvas;São Vicente e Ventosa;Outros/Não definido;12.0;12.0;12.0;495.0;12;1207;120708
2026;5;Portalegre;Fronteira;São Saturnino;LED;114.0;112.0;114.0;5478.800025939941;12;1208;120803
2026;5;Portalegre;Fronteira;São Saturnino;Outros/Não definido;21.0;21.0;21.0;;12;1208;120803
2026;5;Portalegre;Monforte;Assumar;LED;227.0;216.0;227.0;11985.400009155273;12;1211;121101
2026;5;Portalegre;Monforte;Santo Aleixo;LED;264.0;257.0;264.0;13034.500064849854;12;1211;121103
2026;5;Portalegre;Monforte;Santo Aleixo;Sódio;15.0;15.0;15.0;1050.0;12;1211;121103
2026;5;Portalegre;Monforte;Vaiamonte;Outros/Não definido;10.0;10.0;10.0;;12;1211;121104
2026;5;Portalegre;Ponte de Sor;Galveias;LED;560.0;560.0;560.0;24582.60011291504;12;1213;121301
2026;5;Portalegre;Ponte de Sor;Foros de Arrão;LED;550.0;550.0;550.0;18739.40000152588;12;1213;121304
2026;5;Portalegre;Ponte de Sor;Foros de Arrão;Outros/Não definido;25.0;25.0;25.0;225.0;12;1213;121304
2026;5;Portalegre;Portalegre;Alagoa;Outros/Não definido;15.0;15.0;15.0;400.0;12;1214;121401
2026;5;Portalegre;Portalegre;Urra;Outros/Não definido;13.0;13.0;13.0;;12;1214;121410
2026;5;Portalegre;Portalegre;Urra;Sódio;98.0;94.0;98.0;10670.0;12;1214;121410
2026;5;Portalegre;Portalegre;Reguengo e São Julião;Outros/Não definido;4.0;4.0;4.0;80.0;12;1214;121412
2026;5;Portalegre;Sousel;Cano;LED;555.0;534.0;546.0;28927.60023498535;12;1215;121501
2026;5;Portalegre;Sousel;Cano;Outros/Não definido;3.0;3.0;3.0;;12;1215;121501
2026;5;Portalegre;Sousel;Casa Branca;Sódio;1.0;1.0;1.0;100.0;12;1215;121502
2026;5;Porto;Amarante;Candemil;LED;345.0;345.0;345.0;6577.0;13;1301;130107
2026;5;Porto;Amarante;Fregim;LED;719.0;703.0;719.0;14347.0;13;1301;130112
2026;5;Porto;Amarante;Fregim;Outros/Não definido;3.0;3.0;3.0;;13;1301;130112
2026;5;Porto;Amarante;Lomba;Outros/Não definido;1.0;1.0;1.0;;13;1301;130119
2026;5;Porto;Amarante;Gouveia (São Simão);LED;425.0;426.0;426.0;9270.0;13;1301;130134
2026;5;Porto;Amarante;Vila Chã do Marão;Outros/Não definido;24.0;24.0;24.0;;13;1301;130139
2026;5;Porto;Amarante;Amarante (São Gonçalo), Madalena, Cepelos e Gatão;Iodeto Metálico;12.0;12.0;12.0;600.0;13;1301;130142
2026;5;Porto;Amarante;Amarante (São Gonçalo), Madalena, Cepelos e Gatão;Sódio;4.0;4.0;4.0;500.0;13;1301;130142
2026;5;Porto;Amarante;Vila Meã;LED;1731.0;1714.0;1742.0;39422.0;13;1301;130147
2026;5;Porto;Amarante;Vila Meã;Sódio;6.0;6.0;6.0;420.0;13;1301;130147
2026;5;Porto;Baião;Campelo e Ovil;Outros/Não definido;88.0;88.0;94.0;135.0;13;1302;130223
2026;5;Porto;Felgueiras;Airães;Outros/Não definido;5.0;5.0;5.0;45.0;13;1303;130302
2026;5;Porto;Felgueiras;Margaride, Várzea, Lagares, Varziela e Moure;LED;3703.0;3574.0;3731.0;154801.10051727295;13;1303;130335
2026;5;Porto;Felgueiras;Margaride, Várzea, Lagares, Varziela e Moure;Outros/Não definido;114.0;114.0;114.0;2955.0;13;1303;130335
2026;5;Porto;Felgueiras;Vila Verde e Santão;LED;504.0;499.0;504.0;19315.0;13;1303;130341
2026;5;Porto;Felgueiras;Vila Verde e Santão;Outros/Não definido;10.0;10.0;10.0;;13;1303;130341
2026;5;Porto;Felgueiras;Vila Verde e Santão;Sódio;57.0;57.0;57.0;4310.0;13;1303;130341
2026;5;Porto;Gondomar;Baguim do Monte (Rio Tinto);Outros/Não definido;18.0;12.0;18.0;80.0;13;1304;130412
2026;5;Porto;Gondomar;Baguim do Monte (Rio Tinto);Sódio;7.0;7.0;7.0;490.0;13;1304;130412
2026;5;Porto;Gondomar;Fânzeres e São Pedro da Cova;LED;5558.0;5514.0;5558.0;330596.1003265381;13;1304;130413
2026;5;Porto;Gondomar;Fânzeres e São Pedro da Cova;Sódio;31.0;31.0;31.0;4810.0;13;1304;130413
2026;5;Porto;Gondomar;Foz do Sousa e Covelo;Indução;8.0;8.0;8.0;560.0;13;1304;130414
2026;5;Porto;Gondomar;Foz do Sousa e Covelo;Sódio;17.0;17.0;17.0;2300.0;13;1304;130414
2026;5;Porto;Lousada;Nevogilde;LED;586.0;582.0;586.0;25567.79999923706;13;1305;130515
2026;5;Porto;Maia;Águas Santas;Sódio;1854.0;1803.0;1856.0;212380.0;13;1306;130601
2026;5;Porto;Maia;Milheirós;LED;1063.0;1030.0;1063.0;57557.70002746582;13;1306;130608
2026;5;Porto;Maia;Milheirós;Outros/Não definido;154.0;149.0;154.0;;13;1306;130608
2026;5;Porto;Maia;Vila Nova da Telha;Outros/Não definido;122.0;120.0;122.0;;13;1306;130616
2026;5;Porto;Maia;Vila Nova da Telha;Sódio;734.0;711.0;734.0;107130.0;13;1306;130616
2026;5;Porto;Maia;Pedrouços;Iodeto Metálico;33.0;33.0;33.0;4125.0;13;1306;130617
2026;5;Porto;Maia;Pedrouços;LED;764.0;742.0;764.0;41562.20000076294;13;1306;130617
2026;5;Porto;Maia;Castêlo da Maia;Outros/Não definido;318.0;309.0;318.0;3830.0;13;1306;130618
2026;5;Porto;Maia;Castêlo da Maia;Sódio;1694.0;1600.0;1694.0;220940.0;13;1306;130618
2026;5;Porto;Maia;Cidade da Maia;Sódio;3436.0;3145.0;3436.0;480670.0;13;1306;130619
2026;5;Porto;Maia;Nogueira e Silva Escura;Sódio;742.0;711.0;742.0;81720.0;13;1306;130620
2026;5;Porto;Marco de Canaveses;Constance;Mercúrio;9.0;9.0;9.0;720.0;13;1307;130705
2026;5;Porto;Marco de Canaveses;Constance;Sódio;121.0;112.0;121.0;9850.0;13;1307;130705
2026;5;Porto;Marco de Canaveses;Bem Viver;LED;250.0;250.0;250.0;10391.10001373291;13;1307;130734
2026;5;Porto;Marco de Canaveses;Marco;LED;1115.0;1087.0;1115.0;46976.90001296997;13;1307;130736
2026;5;Porto;Marco de Canaveses;Marco;Outros/Não definido;71.0;59.0;59.0;;13;1307;130736
2026;5;Porto;Matosinhos;Custóias, Leça do Balio e Guifões;Fluorescente;27.0;27.0;27.0;1370.0;13;1308;130811
2026;5;Porto;Matosinhos;Custóias, Leça do Balio e Guifões;Iodeto Metálico;38.0;34.0;38.0;3480.0;13;1308;130811
2026;5;Porto;Matosinhos;Custóias, Leça do Balio e Guifões;Sódio;5737.0;5590.0;5745.0;689060.0;13;1308;130811
2026;5;Porto;Matosinhos;Matosinhos e Leça da Palmeira;Fluorescente;3.0;2.0;3.0;140.0;13;1308;130812
2026;5;Porto;Matosinhos;São Mamede de Infesta e Senhora da Hora;Fluorescente;18.0;12.0;18.0;660.0;13;1308;130814
2026;5;Porto;Matosinhos;São Mamede de Infesta e Senhora da Hora;LED;1279.0;1211.0;1279.0;80206.00008392334;13;1308;130814
2026;5;Porto;Matosinhos;São Mamede de Infesta e Senhora da Hora;Sódio;4966.0;4691.0;4980.0;631610.0;13;1308;130814
2026;5;Porto;Paços de Ferreira;Ferreira;Sódio;12.0;12.0;12.0;1140.0;13;1309;130905
2026;5;Porto;Paços de Ferreira;Meixomil;Outros/Não definido;57.0;57.0;57.0;2052.0;13;1309;130910
2026;5;Porto;Paços de Ferreira;Meixomil;Sódio;12.0;12.0;12.0;1700.0;13;1309;130910
2026;5;Porto;Paços de Ferreira;Frazão Arreigada;Fluorescente;2.0;2.0;2.0;200.0;13;1309;130917
2026;5;Porto;Paredes;Astromil;LED;404.0;400.0;404.0;12647.199851989746;13;1310;131002
2026;5;Porto;Paredes;Baltar;Sódio;19.0;19.0;19.0;1780.0;13;1310;131003
2026;5;Porto;Paredes;Cristelo;LED;499.0;472.0;499.0;19222.799919128418;13;1310;131009
2026;5;Porto;Paredes;Cristelo;Sódio;15.0;15.0;15.0;1640.0;13;1310;131009
2026;5;Porto;Paredes;Gandra;Outros/Não definido;30.0;30.0;30.0;100.0;13;1310;131011
2026;5;Porto;Paredes;Sobreira;Mercúrio;2.0;2.0;2.0;160.0;13;1310;131020
2026;5;Porto;Paredes;Vandoma;Outros/Não definido;11.0;11.0;11.0;240.0;13;1310;131022
2026;5;Porto;Paredes;Vilela;Sódio;32.0;30.0;32.0;3260.0;13;1310;131024
2026;5;Porto;Paredes;Paredes;Sódio;359.0;337.0;359.0;31060.0;13;1310;131025
2026;5;Porto;Penafiel;Bustelo;Sódio;77.0;77.0;77.0;5900.0;13;1311;131103
2026;5;Porto;Amarante;Vila Caiz;LED;903.0;891.0;907.0;18085.0;13;1301;130138
2026;5;Porto;Amarante;Vila Caiz;Outros/Não definido;13.0;13.0;13.0;;13;1301;130138
2026;5;Porto;Amarante;Aboadela, Sanche e Várzea;LED;919.0;919.0;921.0;19972.0;13;1301;130141
2026;5;Porto;Amarante;Bustelo, Carneiro e Carvalho de Rei;LED;644.0;642.0;644.0;12530.0;13;1301;130143
2026;5;Porto;Amarante;Olo e Canadelo;LED;376.0;374.0;376.0;7328.0;13;1301;130146
2026;5;Porto;Baião;Gove;Iodeto Metálico;2.0;2.0;2.0;800.0;13;1302;130206
2026;5;Porto;Baião;Gove;Sódio;65.0;65.0;65.0;6290.0;13;1302;130206
2026;5;Porto;Baião;Grilo;LED;258.0;258.0;258.0;7365.0;13;1302;130207
2026;5;Porto;Baião;Loivos do Monte;Fluorescente;9.0;9.0;9.0;450.0;13;1302;130208
2026;5;Porto;Baião;Loivos do Monte;LED;159.0;159.0;159.0;4494.0;13;1302;130208
2026;5;Porto;Baião;Loivos do Monte;Outros/Não definido;2.0;2.0;2.0;;13;1302;130208
2026;5;Porto;Baião;Loivos do Monte;Sódio;13.0;13.0;13.0;910.0;13;1302;130208
2026;5;Porto;Baião;Santa Marinha do Zêzere;Mercúrio;6.0;6.0;6.0;470.0;13;1302;130215
2026;5;Porto;Baião;Valadares;LED;368.0;368.0;368.0;11399.0;13;1302;130219
2026;5;Porto;Baião;Valadares;Sódio;43.0;43.0;43.0;3170.0;13;1302;130219
2026;5;Porto;Baião;Ancede e Ribadouro;Iodeto Metálico;15.0;15.0;15.0;1500.0;13;1302;130221
2026;5;Porto;Baião;Ancede e Ribadouro;Outros/Não definido;40.0;15.0;15.0;225.0;13;1302;130221
2026;5;Porto;Baião;Baião (Santa Leocádia) e Mesquinhata;LED;583.0;581.0;583.0;16531.0;13;1302;130222
2026;5;Portalegre;Alter do Chão;Alter do Chão;LED;946.0;925.0;946.0;53535.00003814697;12;1201;120101
2026;5;Portalegre;Alter do Chão;Chancelaria;Outros/Não definido;20.0;20.0;20.0;45.0;12;1201;120102
2026;5;Portalegre;Alter do Chão;Seda;Sódio;8.0;8.0;8.0;754.0;12;1201;120103
2026;5;Portalegre;Arronches;Mosteiros;Outros/Não definido;6.0;6.0;6.0;;12;1202;120203
2026;5;Portalegre;Gavião;Belver;Mercúrio;2.0;2.0;2.0;100.0;12;1209;120902
2026;5;Portalegre;Gavião;Belver;Sódio;97.0;97.0;97.0;14010.0;12;1209;120902
2026;5;Portalegre;Gavião;Comenda;LED;441.0;435.0;441.0;16831.200454711914;12;1209;120903
2026;5;Portalegre;Gavião;Margem;Outros/Não definido;3.0;2.0;3.0;;12;1209;120905
2026;5;Portalegre;Gavião;Gavião e Atalaia;LED;759.0;749.0;767.0;29832.300231933594;12;1209;120906
2026;5;Portalegre;Marvão;Santa Maria de Marvão;Outros/Não definido;114.0;114.0;114.0;;12;1210;121002
2026;5;Portalegre;Marvão;Santo António das Areias;Sódio;20.0;20.0;20.0;2300.0;12;1210;121003
2026;5;Portalegre;Marvão;São Salvador da Aramenha;Outros/Não definido;104.0;103.0;104.0;;12;1210;121004
2026;5;Portalegre;Marvão;São Salvador da Aramenha;Sódio;56.0;57.0;56.0;5190.0;12;1210;121004
2026;5;Porto;Baião;Loivos da Ribeira e Tresouras;Iodeto Metálico;1.0;1.0;1.0;400.0;13;1302;130224
2026;5;Porto;Baião;Loivos da Ribeira e Tresouras;Mercúrio;5.0;5.0;5.0;400.0;13;1302;130224
2026;5;Porto;Baião;Santa Cruz do Douro e São Tomé de Covelas;LED;1120.0;1117.0;1120.0;32417.0;13;1302;130225
2026;5;Porto;Baião;Santa Cruz do Douro e São Tomé de Covelas;Mercúrio;18.0;18.0;18.0;1050.0;13;1302;130225
2026;5;Porto;Baião;Teixeira e Teixeiró;Sódio;16.0;16.0;16.0;1120.0;13;1302;130226
2026;5;Porto;Felgueiras;Aião;LED;270.0;268.0;270.0;10718.0;13;1303;130301
2026;5;Porto;Felgueiras;Aião;Sódio;62.0;62.0;62.0;4340.0;13;1303;130301
2026;5;Porto;Felgueiras;Idães;LED;616.0;614.0;616.0;22715.0;13;1303;130306
2026;5;Porto;Felgueiras;Idães;Sódio;128.0;115.0;128.0;10910.0;13;1303;130306
2026;5;Porto;Felgueiras;Jugueiros;Outros/Não definido;9.0;9.0;9.0;405.0;13;1303;130307
2026;5;Porto;Felgueiras;Pombeiro de Ribavizela;LED;574.0;571.0;576.0;23142.20005607605;13;1303;130315
2026;5;Porto;Felgueiras;Refontoura;Sódio;59.0;51.0;59.0;3630.0;13;1303;130317
2026;5;Porto;Felgueiras;Revinhade;Mercúrio;3.0;3.0;3.0;210.0;13;1303;130319
2026;5;Porto;Felgueiras;Revinhade;Outros/Não definido;7.0;7.0;7.0;;13;1303;130319
2026;5;Porto;Felgueiras;Revinhade;Sódio;46.0;46.0;46.0;3390.0;13;1303;130319
2026;5;Porto;Felgueiras;Macieira da Lixa e Caramos;LED;1000.0;1000.0;1000.0;36923.40007019043;13;1303;130334
2026;5;Porto;Felgueiras;Pedreira, Rande e Sernande;LED;810.0;807.0;810.0;30508.400020599365;13;1303;130336
2026;5;Porto;Felgueiras;Pedreira, Rande e Sernande;Outros/Não definido;15.0;15.0;15.0;340.0;13;1303;130336
2026;5;Porto;Felgueiras;Pedreira, Rande e Sernande;Sódio;151.0;144.0;151.0;11130.0;13;1303;130336
2026;5;Porto;Felgueiras;Unhão e Lordelo;Outros/Não definido;27.0;27.0;27.0;605.0;13;1303;130338
2026;5;Porto;Felgueiras;Unhão e Lordelo;Sódio;35.0;35.0;35.0;3500.0;13;1303;130338
2026;5;Porto;Felgueiras;Vila Cova da Lixa e Borba de Godim;LED;1567.0;1541.0;1569.0;58063.40013504028;13;1303;130339
2026;5;Porto;Felgueiras;Vila Cova da Lixa e Borba de Godim;Mercúrio;2.0;2.0;2.0;160.0;13;1303;130339
2026;5;Porto;Felgueiras;Vila Cova da Lixa e Borba de Godim;Outros/Não definido;9.0;9.0;9.0;45.0;13;1303;130339
2026;5;Porto;Gondomar;Lomba;Indução;3.0;3.0;3.0;210.0;13;1304;130405
2026;5;Porto;Gondomar;Lomba;Sódio;3.0;3.0;3.0;210.0;13;1304;130405
2026;5;Porto;Lousada;Aveleda;LED;606.0;604.0;606.0;26611.0;13;1305;130502
2026;5;Porto;Lousada;Macieira;LED;370.0;369.0;370.0;16226.0;13;1305;130512
2026;5;Porto;Lousada;Meinedo;LED;1325.0;1292.0;1325.0;57080.0;13;1305;130513
2026;5;Porto;Lousada;Cernadelo e Lousada (São Miguel e Santa Margarida);LED;742.0;740.0;742.0;32544.0;13;1305;130527
2026;5;Porto;Marco de Canaveses;Banho e Carvalhosa;LED;130.0;130.0;130.0;4626.0;13;1307;130704
2026;5;Porto;Marco de Canaveses;Banho e Carvalhosa;Mercúrio;39.0;39.0;39.0;3120.0;13;1307;130704
2026;5;Porto;Marco de Canaveses;Soalhães;Outros/Não definido;25.0;24.0;24.0;420.0;13;1307;130722
2026;5;Porto;Marco de Canaveses;Sobretâmega;LED;316.0;311.0;316.0;10234.600017547607;13;1307;130723
2026;5;Porto;Marco de Canaveses;Vila Boa do Bispo;Fluorescente;5.0;5.0;5.0;250.0;13;1307;130730
2026;5;Porto;Marco de Canaveses;Vila Boa do Bispo;LED;765.0;751.0;765.0;26577.40003967285;13;1307;130730
2026;5;Porto;Marco de Canaveses;Vila Boa do Bispo;Sódio;321.0;319.0;321.0;25570.0;13;1307;130730
2026;5;Porto;Marco de Canaveses;Alpendorada, Várzea e Torrão;LED;201.0;195.0;201.0;9254.800003051758;13;1307;130732
2026;5;Porto;Marco de Canaveses;Alpendorada, Várzea e Torrão;Sódio;2664.0;2484.0;2664.0;231660.0;13;1307;130732
2026;5;Porto;Marco de Canaveses;Avessadas e Rosém;Outros/Não definido;4.0;;;;13;1307;130733
2026;5;Porto;Marco de Canaveses;Santo Isidoro e Livração;Mercúrio;3.0;3.0;3.0;240.0;13;1307;130735
2026;5;Porto;Marco de Canaveses;Penha Longa e Paços de Gaiolo;Mercúrio;96.0;96.0;96.0;7640.0;13;1307;130738
2026;5;Porto;Marco de Canaveses;Várzea, Aliviada e Folhada;Mercúrio;68.0;68.0;68.0;5290.0;13;1307;130740
2026;5;Porto;Marco de Canaveses;Várzea, Aliviada e Folhada;Outros/Não definido;20.0;20.0;20.0;;13;1307;130740
2026;5;Porto;Marco de Canaveses;Vila Boa de Quires e Maureles;Mercúrio;20.0;20.0;20.0;1590.0;13;1307;130741
2026;5;Porto;Marco de Canaveses;Vila Boa de Quires e Maureles;Sódio;531.0;523.0;531.0;37770.0;13;1307;130741
2026;5;Porto;Paços de Ferreira;Penamaior;Outros/Não definido;7.0;7.0;7.0;283.0;13;1309;130913
2026;5;Porto;Paços de Ferreira;Raimonda;LED;704.0;700.0;706.0;27169.0;13;1309;130914
2026;5;Porto;Paços de Ferreira;Sanfins Lamoso Codessos;Sódio;3.0;3.0;3.0;300.0;13;1309;130919
2026;5;Porto;Paredes;Aguiar de Sousa;LED;579.0;579.0;579.0;23978.600017547607;13;1310;131001
2026;5;Porto;Paredes;Beire;LED;649.0;647.0;649.0;23351.99990463257;13;1310;131004
2026;5;Porto;Paredes;Beire;Sódio;5.0;5.0;5.0;430.0;13;1310;131004
2026;5;Porto;Paredes;Duas Igrejas;Sódio;17.0;17.0;17.0;2070.0;13;1310;131010
2026;5;Porto;Paredes;Lordelo;LED;3.0;3.0;3.0;201.0;13;1310;131013
2026;5;Porto;Paredes;Louredo;LED;455.0;455.0;469.0;15778.599952697754;13;1310;131014
2026;5;Porto;Paredes;Louredo;Sódio;6.0;6.0;6.0;510.0;13;1310;131014
2026;5;Porto;Paredes;Parada de Todeia;Iodeto Metálico;1.0;1.0;1.0;70.0;13;1310;131017
2026;5;Porto;Paredes;Parada de Todeia;LED;686.0;630.0;686.0;21234.399883270264;13;1310;131017
2026;5;Porto;Paredes;Parada de Todeia;Mercúrio;3.0;3.0;3.0;220.0;13;1310;131017
2026;5;Porto;Paredes;Parada de Todeia;Outros/Não definido;50.0;50.0;50.0;;13;1310;131017
2026;5;Porto;Paredes;Recarei;Sódio;29.0;29.0;29.0;2440.0;13;1310;131019
2026;5;Porto;Paredes;Sobrosa;Sódio;13.0;13.0;13.0;1240.0;13;1310;131021
2026;5;Porto;Penafiel;Boelhe;Outros/Não definido;7.0;7.0;7.0;70.0;13;1311;131102
2026;5;Porto;Penafiel;Cabeça Santa;Outros/Não definido;4.0;4.0;4.0;;13;1311;131104
2026;5;Porto;Penafiel;Cabeça Santa;Sódio;102.0;102.0;102.0;8430.0;13;1311;131104
2026;5;Porto;Penafiel;Canelas;Mercúrio;1.0;1.0;1.0;70.0;13;1311;131105
2026;5;Porto;Penafiel;Canelas;Outros/Não definido;14.0;13.0;14.0;70.0;13;1311;131105
2026;5;Porto;Penafiel;Canelas;Sódio;148.0;147.0;148.0;11810.0;13;1311;131105
2026;5;Porto;Penafiel;Capela;LED;469.0;467.0;469.0;7642.0;13;1311;131106
2026;5;Porto;Penafiel;Croca;LED;544.0;533.0;544.0;15778.0;13;1311;131108
2026;5;Porto;Penafiel;Duas Igrejas;Sódio;84.0;84.0;84.0;6440.0;13;1311;131109
2026;5;Porto;Penafiel;Eja;LED;516.0;513.0;516.0;15695.0;13;1311;131110
2026;5;Porto;Penafiel;Eja;Outros/Não definido;14.0;8.0;8.0;90.0;13;1311;131110
2026;5;Porto;Penafiel;Eja;Sódio;184.0;172.0;184.0;16760.0;13;1311;131110
2026;5;Porto;Penafiel;Rio de Moinhos;Mercúrio;9.0;9.0;9.0;720.0;13;1311;131129
2026;5;Porto;Penafiel;Rio de Moinhos;Sódio;184.0;183.0;184.0;14190.0;13;1311;131129
2026;5;Porto;Penafiel;Penafiel;Iodeto Metálico;6.0;4.0;6.0;500.0;13;1311;131139
2026;5;Porto;Penafiel;Penafiel;LED;4045.0;3902.0;4326.0;162168.60005187988;13;1311;131139
2026;5;Porto;Penafiel;Guilhufe e Urrô;LED;1276.0;1225.0;1306.0;51917.000007629395;13;1311;131141
2026;5;Porto;Porto;Bonfim;Indução;2.0;2.0;2.0;170.0;13;1312;131202
2026;5;Porto;Porto;Bonfim;Outros/Não definido;107.0;107.0;107.0;8641.0;13;1312;131202
2026;5;Porto;Porto;Campanhã;Outros/Não definido;173.0;161.0;173.0;2841.0;13;1312;131203
2026;5;Porto;Porto;Paranhos;Iodeto Metálico;19.0;19.0;19.0;1245.0;13;1312;131210
2026;5;Porto;Porto;Paranhos;Outros/Não definido;223.0;221.0;227.0;45.0;13;1312;131210
2026;5;Porto;Porto;Ramalde;Iodeto Metálico;5.0;3.0;5.0;320.0;13;1312;131211
2026;5;Porto;Porto;Aldoar, Foz do Douro e Nevogilde;LED;3405.0;3182.0;3405.0;205588.1000213623;13;1312;131216
2026;5;Porto;Porto;Cedofeita, Ildefonso, Sé, Miragaia, Nicolau, Vitória;Outros/Não definido;295.0;295.0;295.0;1064.0000076293945;13;1312;131217
2026;5;Porto;Porto;Cedofeita, Ildefonso, Sé, Miragaia, Nicolau, Vitória;Sódio;1037.0;1014.0;1037.0;138930.0;13;1312;131217
2026;5;Porto;Porto;Lordelo do Ouro e Massarelos;Outros/Não definido;155.0;155.0;155.0;;13;1312;131218
2026;5;Porto;Porto;Lordelo do Ouro e Massarelos;Sódio;990.0;922.0;1018.0;157490.0;13;1312;131218
2026;5;Porto;Póvoa de Varzim;AVer-o-Mar, Amorim e Terroso;Iodeto Metálico;80.0;80.0;80.0;4000.0;13;1313;131313
2026;5;Porto;Póvoa de Varzim;AVer-o-Mar, Amorim e Terroso;LED;186.0;186.0;186.0;8926.100036621094;13;1313;131313
2026;5;Porto;Póvoa de Varzim;Aguçadoura e Navais;LED;133.0;133.0;133.0;6724.5;13;1313;131314
2026;5;Porto;Santo Tirso;Água Longa;Mercúrio;1.0;1.0;1.0;80.0;13;1314;131402
2026;5;Porto;Santo Tirso;Água Longa;Outros/Não definido;116.0;116.0;116.0;48.0;13;1314;131402
2026;5;Porto;Santo Tirso;Aves;Iodeto Metálico;3.0;3.0;3.0;210.0;13;1314;131405
2026;5;Porto;Santo Tirso;Aves;LED;1430.0;1402.0;1430.0;42041.0;13;1314;131405
2026;5;Porto;Santo Tirso;Aves;Sódio;430.0;407.0;430.0;62820.0;13;1314;131405
2026;5;Porto;Santo Tirso;Areias, Sequeiró, Lama e Palmeira;Mercúrio;4.0;4.0;4.0;320.0;13;1314;131433
2026;5;Porto;Santo Tirso;Areias, Sequeiró, Lama e Palmeira;Sódio;218.0;214.0;218.0;22870.0;13;1314;131433
2026;5;Porto;Santo Tirso;Lamelas e Guimarei;Fluorescente;1.0;1.0;1.0;50.0;13;1314;131436
2026;5;Porto;Santo Tirso;Lamelas e Guimarei;Outros/Não definido;184.0;184.0;184.0;118.0;13;1314;131436
2026;5;Porto;Santo Tirso;St. Tirso, Couto (S. Cristina e S. Miguel) e Burgães;Outros/Não definido;363.0;371.0;363.0;260.0;13;1314;131437
2026;5;Porto;Valongo;Alfena;LED;2775.0;2756.0;2775.0;276150.9000091553;13;1315;131501
2026;5;Porto;Valongo;Ermesinde;LED;4435.0;4398.0;4435.0;533296.9000091553;13;1315;131503
2026;5;Porto;Valongo;Campo e Sobrado;LED;4438.0;4431.0;4438.0;393894.8000488281;13;1315;131506
2026;5;Porto;Valongo;Campo e Sobrado;Sódio;58.0;34.0;58.0;3810.0;13;1315;131506
2026;5;Porto;Vila do Conde;Gião;LED;751.0;738.0;751.0;33216.0;13;1316;131610
2026;5;Porto;Vila do Conde;Guilhabreu;Outros/Não definido;12.0;12.0;12.0;;13;1316;131611
2026;5;Porto;Vila do Conde;Guilhabreu;Sódio;4.0;4.0;4.0;440.0;13;1316;131611
2026;5;Porto;Vila do Conde;Macieira da Maia;Sódio;11.0;8.0;11.0;710.0;13;1316;131614
2026;5;Porto;Vila do Conde;Vila do Conde;Iodeto Metálico;61.0;45.0;61.0;6750.0;13;1316;131628
2026;5;Porto;Vila do Conde;Vila do Conde;LED;5594.0;4898.0;5608.0;262353.40001678467;13;1316;131628
2026;5;Porto;Vila do Conde;Vila do Conde;Sódio;313.0;270.0;313.0;38550.0;13;1316;131628
2026;5;Porto;Vila do Conde;Vilar de Pinheiro;Outros/Não definido;6.0;6.0;6.0;;13;1316;131630
2026;5;Porto;Vila do Conde;Vilar de Pinheiro;Sódio;10.0;4.0;10.0;360.0;13;1316;131630
2026;5;Porto;Vila Nova de Gaia;Arcozelo;LED;2858.0;2721.0;2858.0;137593.09991455078;13;1317;131701
2026;5;Porto;Vila Nova de Gaia;Avintes;Sódio;21.0;21.0;21.0;2640.0;13;1317;131702
2026;5;Porto;Vila Nova de Gaia;Canelas;LED;1948.0;1901.0;1964.0;93827.39995193481;13;1317;131703
2026;5;Porto;Vila Nova de Gaia;Canelas;Outros/Não definido;57.0;54.0;57.0;90.0;13;1317;131703
2026;5;Porto;Vila Nova de Gaia;Canidelo;LED;3864.0;3735.0;3864.0;189583.1994819641;13;1317;131704
2026;5;Porto;Vila Nova de Gaia;São Félix da Marinha;LED;2303.0;2245.0;2309.0;110615.59998703003;13;1317;131717
2026;5;Porto;Vila Nova de Gaia;Grijó e Sermonde;LED;2868.0;2840.0;2867.0;122087.79989242554;13;1317;131725
2026;5;Porto;Vila Nova de Gaia;Grijó e Sermonde;Outros/Não definido;164.0;151.0;162.0;300.0;13;1317;131725
2026;5;Porto;Vila Nova de Gaia;Pedroso e Seixezelo;Outros/Não definido;224.0;211.0;224.0;270.0;13;1317;131728
2026;5;Porto;Vila Nova de Gaia;Pedroso e Seixezelo;Sódio;61.0;61.0;61.0;8280.0;13;1317;131728
2026;5;Porto;Vila Nova de Gaia;Sandim, Olival, Lever e Crestuma;Outros/Não definido;501.0;491.0;501.0;34.5;13;1317;131729
2026;5;Porto;Vila Nova de Gaia;Santa Marinha e São Pedro da Afurada;LED;3733.0;3443.0;3737.0;182345.09953689575;13;1317;131730
2026;5;Porto;Vila Nova de Gaia;Serzedo e Perosinho;Outros/Não definido;120.0;116.0;119.0;;13;1317;131731
2026;5;Porto;Vila Nova de Gaia;Serzedo e Perosinho;Sódio;63.0;63.0;63.0;7390.0;13;1317;131731
2026;5;Porto;Trofa;Bougado (São Martinho e Santiago);Iodeto Metálico;19.0;19.0;19.0;1900.0;13;1318;131810
2026;5;Porto;Trofa;Bougado (São Martinho e Santiago);Outros/Não definido;151.0;151.0;151.0;385.0;13;1318;131810
2026;5;Porto;Trofa;Coronado (São Romão e São Mamede);Sódio;366.0;361.0;366.0;34780.0;13;1318;131811
2026;5;Santarém;Abrantes;Abrantes (São Vicente e São João) e Alferrarede;LED;3485.0;3388.0;3485.0;204403.40035629272;14;1401;140120
2026;5;Santarém;Abrantes;Abrantes (São Vicente e São João) e Alferrarede;Mercúrio;62.0;57.0;62.0;7600.0;14;1401;140120
2026;5;Santarém;Abrantes;Abrantes (São Vicente e São João) e Alferrarede;Outros/Não definido;317.0;266.0;302.0;6090.0;14;1401;140120
2026;5;Santarém;Alcanena;Minde;Iodeto Metálico;1.0;1.0;1.0;100.0;14;1402;140206
2026;5;Santarém;Alcanena;Minde;LED;862.0;859.0;861.0;39321.60004043579;14;1402;140206
2026;5;Santarém;Alcanena;Minde;Outros/Não definido;19.0;18.0;18.0;235.0;14;1402;140206
2026;5;Santarém;Alcanena;Minde;Sódio;280.0;279.0;280.0;27000.0;14;1402;140206
2026;5;Santarém;Alcanena;Alcanena e Vila Moreira;Iodeto Metálico;30.0;30.0;30.0;2790.0;14;1402;140211
2026;5;Santarém;Alcanena;Alcanena e Vila Moreira;LED;1667.0;1650.0;1668.0;87291.30017089844;14;1402;140211
2026;5;Santarém;Alcanena;Malhou, Louriceira e Espinheiro;Mercúrio;1.0;1.0;1.0;50.0;14;1402;140212
2026;5;Santarém;Alcanena;Malhou, Louriceira e Espinheiro;Outros/Não definido;14.0;13.0;13.0;144.0;14;1402;140212
2026;5;Santarém;Alcanena;Malhou, Louriceira e Espinheiro;Sódio;13.0;13.0;13.0;1120.0;14;1402;140212
2026;5;Santarém;Alpiarça;Alpiarça;Iodeto Metálico;8.0;8.0;8.0;700.0;14;1404;140401
2026;5;Santarém;Alpiarça;Alpiarça;Outros/Não definido;18.0;18.0;18.0;;14;1404;140401
2026;5;Santarém;Benavente;Benavente;LED;2870.0;2857.0;2925.0;121565.60003471375;14;1405;140501
2026;5;Santarém;Cartaxo;Pontével;Sódio;13.0;13.0;13.0;1090.0;14;1406;140604
2026;5;Santarém;Cartaxo;Vila Chã de Ourique;Iodeto Metálico;5.0;5.0;5.0;2000.0;14;1406;140607
2026;5;Santarém;Cartaxo;Vila Chã de Ourique;Sódio;64.0;58.0;64.0;4900.0;14;1406;140607
2026;5;Santarém;Cartaxo;Cartaxo e Vale da Pinta;Outros/Não definido;29.0;29.0;29.0;95.0;14;1406;140609
2026;5;Santarém;Chamusca;Chamusca e Pinheiro Grande;LED;1599.0;1599.0;1599.0;78608.5;14;1407;140708
2026;5;Santarém;Constância;Montalvo;Sódio;3.0;3.0;3.0;300.0;14;1408;140802
2026;5;Santarém;Coruche;Couço;LED;878.0;876.0;888.0;33985.40000152588;14;1409;140902
2026;5;Santarém;Coruche;Coruche, Fajarda e Erra;Iodeto Metálico;237.0;194.0;237.0;22140.0;14;1409;140909
2026;5;Santarém;Coruche;Coruche, Fajarda e Erra;LED;2825.0;2806.0;2860.0;106713.80000305176;14;1409;140909
2026;5;Porto;Penafiel;Irivo;Sódio;108.0;108.0;108.0;8420.0;13;1311;131115
2026;5;Porto;Penafiel;Oldrões;LED;396.0;396.0;398.0;13564.400001525879;13;1311;131121
2026;5;Porto;Penafiel;Oldrões;Outros/Não definido;14.0;14.0;14.0;;13;1311;131121
2026;5;Porto;Penafiel;Paço de Sousa;Sódio;277.0;255.0;277.0;22610.0;13;1311;131122
2026;5;Porto;Penafiel;Rans;Mercúrio;5.0;5.0;5.0;400.0;13;1311;131128
2026;5;Porto;Penafiel;Recezinhos (São Mamede);LED;568.0;556.0;568.0;18139.500003814697;13;1311;131132
2026;5;Porto;Penafiel;Recezinhos (São Martinho);Sódio;102.0;99.0;102.0;8920.0;13;1311;131133
2026;5;Porto;Penafiel;Valpedre;LED;467.0;463.0;467.0;12077.0;13;1311;131136
2026;5;Porto;Penafiel;Valpedre;Mercúrio;1.0;1.0;1.0;80.0;13;1311;131136
2026;5;Porto;Penafiel;Rio Mau;LED;534.0;529.0;534.0;18990.70000076294;13;1311;131138
2026;5;Porto;Penafiel;Luzim e Vila Cova;Sódio;72.0;72.0;72.0;6100.0;13;1311;131140
2026;5;Porto;Penafiel;Lagares e Figueira;Outros/Não definido;24.0;24.0;24.0;;13;1311;131142
2026;5;Porto;Penafiel;Termas de São Vicente;LED;1627.0;1618.0;1627.0;44394.600006103516;13;1311;131143
2026;5;Porto;Póvoa de Varzim;Rates;LED;26.0;26.0;36.0;1450.2000045776367;13;1313;131311
2026;5;Porto;Santo Tirso;Rebordões;Outros/Não definido;15.0;15.0;15.0;;13;1314;131416
2026;5;Porto;Santo Tirso;Rebordões;Sódio;69.0;69.0;69.0;6230.0;13;1314;131416
2026;5;Porto;Santo Tirso;Reguenga;Outros/Não definido;18.0;18.0;18.0;;13;1314;131418
2026;5;Porto;Santo Tirso;Negrelos (São Tomé);Sódio;88.0;88.0;88.0;11120.0;13;1314;131430
2026;5;Porto;Santo Tirso;Vila Nova do Campo;LED;979.0;973.0;979.0;32438.60000228882;13;1314;131434
2026;5;Porto;Santo Tirso;Vila Nova do Campo;Mercúrio;1.0;1.0;1.0;250.0;13;1314;131434
2026;5;Porto;Santo Tirso;Vila Nova do Campo;Outros/Não definido;16.0;16.0;16.0;;13;1314;131434
2026;5;Porto;Santo Tirso;Carreira e Refojos de Riba de Ave;LED;798.0;792.0;798.0;23504.300003051758;13;1314;131435
2026;5;Porto;Vila do Conde;Azurara;LED;689.0;642.0;689.0;33107.0;13;1316;131604
2026;5;Porto;Vila do Conde;Fajozes;LED;584.0;570.0;584.0;31323.800003051758;13;1316;131607
2026;5;Porto;Vila do Conde;Fajozes;Outros/Não definido;8.0;5.0;8.0;;13;1316;131607
2026;5;Porto;Vila do Conde;Mindelo;LED;1241.0;1172.0;1241.0;64981.00001525879;13;1316;131616
2026;5;Porto;Vila do Conde;Mindelo;Sódio;20.0;20.0;20.0;3040.0;13;1316;131616
2026;5;Porto;Vila do Conde;Vila Chã;Sódio;17.0;17.0;17.0;2550.0;13;1316;131627
2026;5;Porto;Vila do Conde;Bagunte, Ferreiró, Outeiro Maior e Parada;Outros/Não definido;19.0;19.0;19.0;80.0;13;1316;131631
2026;5;Porto;Vila do Conde;Malta e Canidelo;LED;776.0;762.0;776.0;24790.0;13;1316;131633
2026;5;Porto;Vila do Conde;Malta e Canidelo;Outros/Não definido;13.0;13.0;13.0;;13;1316;131633
2026;5;Porto;Vila do Conde;Retorta e Tougues;Outros/Não definido;54.0;54.0;54.0;;13;1316;131634
2026;5;Porto;Vila Nova de Gaia;Oliveira do Douro;Outros/Não definido;128.0;121.0;128.0;;13;1317;131712
2026;5;Porto;Trofa;Covelas;LED;553.0;551.0;553.0;16114.400001525879;13;1318;131806
2026;5;Porto;Trofa;Muro;Outros/Não definido;14.0;14.0;14.0;;13;1318;131808
2026;5;Porto;Trofa;Alvarelhos e Guidões;LED;1339.0;1317.0;1339.0;45303.5;13;1318;131809
2026;5;Santarém;Abrantes;Mouriscas;LED;1618.0;1616.0;1618.0;62935.800384521484;14;1401;140106
2026;5;Santarém;Abrantes;Mouriscas;Mercúrio;1.0;1.0;1.0;70.0;14;1401;140106
2026;5;Santarém;Abrantes;Mouriscas;Outros/Não definido;18.0;16.0;18.0;565.0;14;1401;140106
2026;5;Santarém;Abrantes;Mouriscas;Sódio;22.0;18.0;22.0;1800.0;14;1401;140106
2026;5;Santarém;Abrantes;Pego;Mercúrio;12.0;12.0;12.0;910.0;14;1401;140107
2026;5;Santarém;Abrantes;Pego;Outros/Não definido;2.0;2.0;2.0;70.0;14;1401;140107
2026;5;Santarém;Abrantes;Rio de Moinhos;Mercúrio;1.0;1.0;1.0;70.0;14;1401;140108
2026;5;Santarém;Abrantes;Rio de Moinhos;Sódio;18.0;18.0;18.0;900.0;14;1401;140108
2026;5;Santarém;Abrantes;Tramagal;LED;805.0;804.0;805.0;33539.20006561279;14;1401;140115
2026;5;Santarém;Abrantes;Fontes;LED;656.0;656.0;656.0;25937.0;14;1401;140118
2026;5;Santarém;Abrantes;Fontes;Mercúrio;1.0;1.0;1.0;70.0;14;1401;140118
2026;5;Santarém;Abrantes;Fontes;Outros/Não definido;10.0;10.0;10.0;;14;1401;140118
2026;5;Santarém;Abrantes;Fontes;Sódio;5.0;5.0;5.0;350.0;14;1401;140118
2026;5;Santarém;Abrantes;Aldeia do Mato e Souto;Outros/Não definido;35.0;34.0;34.0;2240.0;14;1401;140121
2026;5;Santarém;Abrantes;Alvega e Concavada;LED;1009.0;1007.0;1009.0;43409.60041809082;14;1401;140122
2026;5;Santarém;Abrantes;Alvega e Concavada;Outros/Não definido;10.0;10.0;10.0;415.0;14;1401;140122
2026;5;Santarém;Abrantes;Alvega e Concavada;Sódio;1.0;1.0;1.0;100.0;14;1401;140122
2026;5;Santarém;Abrantes;São Facundo e Vale de Mós;Outros/Não definido;5.0;5.0;5.0;135.0;14;1401;140123
2026;5;Santarém;Abrantes;São Facundo e Vale de Mós;Sódio;2.0;2.0;2.0;200.0;14;1401;140123
2026;5;Santarém;Alcanena;Bugalhos;LED;489.0;489.0;489.0;25528.800010681152;14;1402;140202
2026;5;Santarém;Alcanena;Bugalhos;Sódio;20.0;18.0;20.0;1530.0;14;1402;140202
2026;5;Santarém;Almeirim;Benfica do Ribatejo;Mercúrio;3.0;3.0;3.0;150.0;14;1403;140302
2026;5;Santarém;Benavente;Santo Estêvão;LED;1921.0;1885.0;1898.0;65766.40000152588;14;1405;140503
2026;5;Santarém;Cartaxo;Valada;Outros/Não definido;11.0;11.0;11.0;;14;1406;140605
2026;5;Santarém;Cartaxo;Valada;Sódio;2.0;2.0;2.0;170.0;14;1406;140605
2026;5;Santarém;Cartaxo;Ereira e Lapa;LED;672.0;671.0;672.0;22763.800003051758;14;1406;140610
2026;5;Santarém;Cartaxo;Ereira e Lapa;Mercúrio;4.0;4.0;4.0;200.0;14;1406;140610
2026;5;Santarém;Cartaxo;Ereira e Lapa;Outros/Não definido;7.0;7.0;7.0;300.0;14;1406;140610
2026;5;Santarém;Chamusca;Ulme;LED;532.0;532.0;532.0;22307.0;14;1407;140704
2026;5;Santarém;Chamusca;Ulme;Sódio;102.0;98.0;102.0;8120.0;14;1407;140704
2026;5;Santarém;Chamusca;Vale de Cavalos;LED;396.0;396.0;396.0;17902.0;14;1407;140705
2026;5;Santarém;Chamusca;Vale de Cavalos;Outros/Não definido;73.0;73.0;73.0;50.0;14;1407;140705
2026;5;Santarém;Chamusca;Parreira e Chouto;Sódio;74.0;74.0;74.0;6740.0;14;1407;140709
2026;5;Santarém;Coruche;São José da Lamarosa;LED;926.0;920.0;920.0;35152.0;14;1409;140903
2026;5;Santarém;Coruche;Branca;Mercúrio;1.0;1.0;1.0;50.0;14;1409;140905
2026;5;Santarém;Coruche;Branca;Sódio;18.0;18.0;18.0;1290.0;14;1409;140905
2026;5;Santarém;Coruche;Santana do Mato;Mercúrio;3.0;3.0;3.0;150.0;14;1409;140908
2026;5;Santarém;Coruche;Coruche, Fajarda e Erra;Outros/Não definido;303.0;289.0;289.0;1545.0;14;1409;140909
2026;5;Santarém;Entroncamento;São João Baptista;Outros/Não definido;1.0;1.0;1.0;;14;1410;141001
2026;5;Santarém;Ferreira do Zêzere;Igreja Nova do Sobral;LED;606.0;602.0;606.0;15963.400009155273;14;1411;141107
2026;5;Santarém;Golegã;Golegã;Outros/Não definido;69.0;66.0;66.0;1332.0;14;1412;141202
2026;5;Santarém;Mação;Envendos;LED;959.0;959.0;959.0;35442.80021286011;14;1413;141305
2026;5;Santarém;Mação;Envendos;Mercúrio;5.0;5.0;5.0;250.0;14;1413;141305
2026;5;Santarém;Rio Maior;Alcobertas;LED;930.0;901.0;901.0;38829.20001220703;14;1414;141401
2026;5;Santarém;Rio Maior;Alcobertas;Outros/Não definido;3.0;3.0;3.0;90.0;14;1414;141401
2026;5;Santarém;Salvaterra de Magos;Marinhais;LED;2330.0;2314.0;2344.0;89135.50004959106;14;1415;141502
2026;5;Santarém;Salvaterra de Magos;Marinhais;Outros/Não definido;119.0;110.0;110.0;961.0;14;1415;141502
2026;5;Santarém;Salvaterra de Magos;Marinhais;Sódio;75.0;73.0;75.0;6670.0;14;1415;141502
2026;5;Santarém;Salvaterra de Magos;Muge;Mercúrio;2.0;2.0;2.0;100.0;14;1415;141503
2026;5;Santarém;Salvaterra de Magos;Salvaterra de Magos e Foros de Salvaterra;LED;3872.0;3841.0;3890.0;159369.30012130737;14;1415;141508
2026;5;Santarém;Salvaterra de Magos;Salvaterra de Magos e Foros de Salvaterra;Outros/Não definido;260.0;227.0;253.0;8483.0;14;1415;141508
2026;5;Santarém;Santarém;Amiais de Baixo;Sódio;2.0;2.0;2.0;170.0;14;1416;141607
2026;5;Santarém;Santarém;União das freguesias da cidade de Santarém;Iodeto Metálico;70.0;61.0;70.0;9300.0;14;1416;141633
2026;5;Santarém;Santarém;União das freguesias da cidade de Santarém;LED;5418.0;5415.0;5497.0;274732.80000305176;14;1416;141633
2026;5;Santarém;Santarém;União das freguesias da cidade de Santarém;Mercúrio;53.0;53.0;89.0;3600.0;14;1416;141633
2026;5;Santarém;Santarém;União das freguesias da cidade de Santarém;Sódio;1614.0;1509.0;1631.0;192740.0;14;1416;141633
2026;5;Santarém;Tomar;São Pedro de Tomar;LED;1145.0;1145.0;1145.0;31633.60001373291;14;1418;141813
2026;5;Santarém;Tomar;São João Baptista e Santa Maria dos Olivais;LED;4558.0;4288.0;4570.0;109009.50004196167;14;1418;141821
2026;5;Santarém;Tomar;São João Baptista e Santa Maria dos Olivais;Outros/Não definido;79.0;79.0;79.0;;14;1418;141821
2026;5;Santarém;Torres Novas;Riachos;Mercúrio;1.0;1.0;1.0;50.0;14;1419;141910
2026;5;Santarém;Torres Novas;Meia Via;Mercúrio;3.0;3.0;3.0;150.0;14;1419;141917
2026;5;Santarém;Torres Novas;Torres Novas (Santa Maria, Salvador e Santiago);Iodeto Metálico;49.0;45.0;49.0;3150.0;14;1419;141920
2026;5;Santarém;Torres Novas;Torres Novas (Santa Maria, Salvador e Santiago);LED;1699.0;1679.0;1714.0;62483.900119781494;14;1419;141920
2026;5;Santarém;Vila Nova da Barquinha;Vila Nova da Barquinha;LED;1269.0;1173.0;1321.0;60095.10007095337;14;1420;142006
2026;5;Santarém;Ourém;Atouguia;LED;920.0;920.0;920.0;39675.900005340576;14;1421;142102
2026;5;Santarém;Ourém;Caxarias;Mercúrio;54.0;36.0;42.0;2715.0;14;1421;142104
2026;5;Santarém;Ourém;Fátima;Outros/Não definido;123.0;104.0;106.0;3067.0;14;1421;142106
2026;5;Santarém;Ourém;Fátima;Sódio;2350.0;2335.0;2347.0;229410.0;14;1421;142106
2026;5;Santarém;Ourém;Nossa Senhora da Piedade;Sódio;1274.0;1243.0;1275.0;119490.0;14;1421;142115
2026;5;Santarém;Ourém;Freixianda, Ribeira do Farrio e Formigais;Iodeto Metálico;90.0;39.0;90.0;3000.0;14;1421;142119
2026;5;Santarém;Ourém;Freixianda, Ribeira do Farrio e Formigais;LED;2204.0;2188.0;2188.0;88111.20026397705;14;1421;142119
2026;5;Santarém;Ourém;Freixianda, Ribeira do Farrio e Formigais;Mercúrio;83.0;40.0;40.0;4360.0;14;1421;142119
2026;5;Setúbal;Alcácer do Sal;Santa Maria do Castelo e Santiago e Santa Susana;Sódio;153.0;153.0;153.0;15850.0;15;1501;150107
2026;5;Setúbal;Alcochete;Alcochete;LED;3321.0;3044.0;3343.0;167848.6010131836;15;1502;150201
2026;5;Setúbal;Alcochete;Alcochete;Mercúrio;63.0;59.0;63.0;5030.0;15;1502;150201
2026;5;Setúbal;Alcochete;Alcochete;Sódio;307.0;286.0;307.0;26760.0;15;1502;150201
2026;5;Setúbal;Almada;Almada, Cova da Piedade, Pragal e Cacilhas;Iodeto Metálico;700.0;510.0;700.0;35630.0;15;1503;150312
2026;5;Setúbal;Almada;Almada, Cova da Piedade, Pragal e Cacilhas;Mercúrio;138.0;134.0;138.0;14850.0;15;1503;150312
2026;5;Setúbal;Almada;Almada, Cova da Piedade, Pragal e Cacilhas;Sódio;3760.0;3445.0;3772.0;371510.0;15;1503;150312
2026;5;Setúbal;Almada;Caparica e Trafaria;Outros/Não definido;628.0;550.0;628.0;2050.0;15;1503;150313
2026;5;Setúbal;Almada;Charneca de Caparica e Sobreda;Mercúrio;772.0;771.0;772.0;57435.0;15;1503;150314
2026;5;Setúbal;Almada;Laranjeiro e Feijó;Mercúrio;45.0;45.0;49.0;5185.0;15;1503;150315
2026;5;Setúbal;Almada;Laranjeiro e Feijó;Sódio;4386.0;4097.0;4404.0;419930.0;15;1503;150315
2026;5;Setúbal;Barreiro;Alto do Seixalinho, Santo André e Verderena;Iodeto Metálico;14.0;14.0;14.0;1300.0;15;1504;150409
2026;5;Setúbal;Barreiro;Alto do Seixalinho, Santo André e Verderena;Sódio;496.0;464.0;498.0;38840.0;15;1504;150409
2026;5;Setúbal;Barreiro;Barreiro e Lavradio;Outros/Não definido;294.0;286.0;302.0;8290.0;15;1504;150410
2026;5;Setúbal;Barreiro;Palhais e Coina;Mercúrio;3.0;3.0;3.0;330.0;15;1504;150411
2026;5;Setúbal;Grândola;Carvalhal;LED;952.0;949.0;952.0;39679.20002746582;15;1505;150505
2026;5;Setúbal;Grândola;Grândola e Santa Margarida da Serra;Sódio;270.0;221.0;270.0;28300.0;15;1505;150506
2026;5;Setúbal;Moita;Alhos Vedros;LED;3149.0;3071.0;3151.0;119814.30000305176;15;1506;150601
2026;5;Setúbal;Moita;Alhos Vedros;Outros/Não definido;189.0;189.0;189.0;7495.0;15;1506;150601
2026;5;Setúbal;Moita;Moita;LED;3709.0;3616.0;3713.0;145018.0000152588;15;1506;150603
2026;5;Setúbal;Moita;Baixa da Banheira e Vale da Amoreira;Mercúrio;7.0;7.0;7.0;500.0;15;1506;150607
2026;5;Setúbal;Moita;Baixa da Banheira e Vale da Amoreira;Outros/Não definido;59.0;59.0;59.0;100.0;15;1506;150607
2026;5;Setúbal;Montijo;Sarilhos Grandes;Sódio;1022.0;1022.0;1022.0;93670.0;15;1507;150704
2026;5;Setúbal;Montijo;Montijo e Afonsoeiro;Mercúrio;21.0;19.0;21.0;1655.0;15;1507;150710
2026;5;Setúbal;Montijo;Montijo e Afonsoeiro;Outros/Não definido;405.0;403.0;405.0;8600.0;15;1507;150710
2026;5;Setúbal;Palmela;Palmela;Fluorescente;6.0;6.0;6.0;600.0;15;1508;150802
2026;5;Setúbal;Palmela;Palmela;Iodeto Metálico;19.0;19.0;19.0;2750.0;15;1508;150802
2026;5;Setúbal;Palmela;Quinta do Anjo;LED;5756.0;5740.0;5756.0;180930.8013458252;15;1508;150804
2026;5;Setúbal;Palmela;Poceirão e Marateca;Iodeto Metálico;4.0;4.0;4.0;400.0;15;1508;150806
2026;5;Setúbal;Palmela;Poceirão e Marateca;Mercúrio;9.0;9.0;9.0;450.0;15;1508;150806
2026;5;Setúbal;Palmela;Poceirão e Marateca;Sódio;304.0;303.0;304.0;23950.0;15;1508;150806
2026;5;Setúbal;Santiago do Cacém;Cercal;LED;1669.0;1654.0;1669.0;55685.20024871826;15;1509;150903
2026;5;Setúbal;Seixal;Amora;Iodeto Metálico;19.0;19.0;19.0;1330.0;15;1510;151002
2026;5;Setúbal;Seixal;Amora;Mercúrio;72.0;72.0;72.0;4575.0;15;1510;151002
2026;5;Setúbal;Seixal;Amora;Sódio;448.0;433.0;452.0;33570.0;15;1510;151002
2026;5;Setúbal;Seixal;Corroios;LED;7238.0;7015.0;7250.0;270063.20010375977;15;1510;151005
2026;5;Setúbal;Seixal;Corroios;Mercúrio;119.0;114.0;119.0;9290.0;15;1510;151005
2026;5;Setúbal;Seixal;Corroios;Outros/Não definido;438.0;434.0;440.0;9400.0;15;1510;151005
2026;5;Setúbal;Seixal;Fernão Ferro;Mercúrio;140.0;140.0;140.0;9910.0;15;1510;151006
2026;5;Setúbal;Seixal;Fernão Ferro;Outros/Não definido;290.0;269.0;290.0;1660.0;15;1510;151006
2026;5;Setúbal;Seixal;Fernão Ferro;Sódio;1837.0;1833.0;1837.0;103310.0;15;1510;151006
2026;5;Santarém;Ferreira do Zêzere;Águas Belas;Sódio;53.0;53.0;53.0;5790.0;14;1411;141101
2026;5;Santarém;Ferreira do Zêzere;Chãos;Outros/Não definido;8.0;8.0;8.0;90.0;14;1411;141104
2026;5;Santarém;Ferreira do Zêzere;Ferreira do Zêzere;Mercúrio;24.0;24.0;24.0;1200.0;14;1411;141106
2026;5;Santarém;Ferreira do Zêzere;Ferreira do Zêzere;Sódio;221.0;213.0;221.0;20710.0;14;1411;141106
2026;5;Santarém;Ferreira do Zêzere;Nossa Senhora do Pranto;LED;1120.0;1119.0;1120.0;34582.000202178955;14;1411;141110
2026;5;Santarém;Ferreira do Zêzere;Nossa Senhora do Pranto;Sódio;27.0;27.0;27.0;2100.0;14;1411;141110
2026;5;Santarém;Ferreira do Zêzere;Areias e Pias;LED;1249.0;1246.0;1249.0;36689.000160217285;14;1411;141111
2026;5;Santarém;Ferreira do Zêzere;Areias e Pias;Sódio;23.0;23.0;23.0;1760.0;14;1411;141111
2026;5;Santarém;Golegã;Pombalinho;Outros/Não definido;2.0;2.0;2.0;45.0;14;1412;141203
2026;5;Santarém;Mação;Amêndoa;LED;611.0;611.0;611.0;29253.80020904541;14;1413;141302
2026;5;Santarém;Mação;Cardigos;LED;1004.0;1003.0;1004.0;38008.000144958496;14;1413;141303
2026;5;Santarém;Mação;Cardigos;Mercúrio;16.0;16.0;16.0;800.0;14;1413;141303
2026;5;Santarém;Mação;Cardigos;Outros/Não definido;37.0;34.0;34.0;201.0;14;1413;141303
2026;5;Santarém;Mação;Carvoeiro;Mercúrio;5.0;5.0;5.0;250.0;14;1413;141304
2026;5;Santarém;Mação;Carvoeiro;Outros/Não definido;10.0;10.0;10.0;215.0;14;1413;141304
2026;5;Santarém;Rio Maior;Arrouquelas;LED;331.0;328.0;331.0;13809.300003051758;14;1414;141402
2026;5;Santarém;Rio Maior;Arrouquelas;Outros/Não definido;4.0;4.0;4.0;280.0;14;1414;141402
2026;5;Santarém;Rio Maior;Asseiceira;Sódio;1.0;1.0;1.0;50.0;14;1414;141410
2026;5;Santarém;Rio Maior;Azambujeira e Malaqueijo;LED;614.0;614.0;614.0;23690.0;14;1414;141415
2026;5;Santarém;Rio Maior;Marmeleira e Assentiz;LED;501.0;496.0;496.0;20714.40000152588;14;1414;141416
2026;5;Santarém;Rio Maior;Outeiro da Cortiçada e Arruda dos Pisões;LED;780.0;780.0;780.0;29345.800003051758;14;1414;141417
2026;5;Santarém;Rio Maior;Outeiro da Cortiçada e Arruda dos Pisões;Sódio;1.0;1.0;1.0;70.0;14;1414;141417
2026;5;Santarém;Rio Maior;São João da Ribeira e Ribeira de São João;Iodeto Metálico;1.0;;;125.0;14;1414;141418
2026;5;Santarém;Rio Maior;São João da Ribeira e Ribeira de São João;Outros/Não definido;1.0;1.0;1.0;;14;1414;141418
2026;5;Santarém;Salvaterra de Magos;Glória do Ribatejo e Granho;Sódio;9.0;9.0;9.0;840.0;14;1415;141507
2026;5;Santarém;Santarém;Abrã;Mercúrio;1.0;;;50.0;14;1416;141602
2026;5;Santarém;Santarém;Alcanhões;Sódio;4.0;4.0;4.0;400.0;14;1416;141605
2026;5;Santarém;Santarém;Almoster;LED;960.0;958.0;958.0;32137.0;14;1416;141606
2026;5;Santarém;Santarém;Almoster;Sódio;2.0;2.0;2.0;140.0;14;1416;141606
2026;5;Santarém;Santarém;Arneiro das Milhariças;LED;434.0;434.0;434.0;16067.400001525879;14;1416;141608
2026;5;Santarém;Santarém;Moçarria;Sódio;2.0;1.0;2.0;100.0;14;1416;141613
2026;5;Santarém;Santarém;Póvoa da Isenta;LED;496.0;483.0;483.0;19594.0;14;1416;141616
2026;5;Santarém;Santarém;Vale de Santarém;LED;850.0;843.0;843.0;31680.0;14;1416;141625
2026;5;Santarém;Santarém;Vale de Santarém;Sódio;31.0;31.0;31.0;4450.0;14;1416;141625
2026;5;Santarém;Santarém;Gançaria;Outros/Não definido;2.0;2.0;2.0;;14;1416;141628
2026;5;Santarém;Santarém;Gançaria;Sódio;5.0;5.0;5.0;380.0;14;1416;141628
2026;5;Santarém;Santarém;Achete, Azoia de Baixo e Póvoa de Santarém;Sódio;7.0;7.0;7.0;520.0;14;1416;141629
2026;5;Santarém;Santarém;Azoia de Cima e Tremês;Outros/Não definido;13.0;4.0;4.0;192.0;14;1416;141630
2026;5;Santarém;Santarém;Casével e Vaqueiros;LED;1120.0;1120.0;1124.0;38386.0;14;1416;141631
2026;5;Santarém;Santarém;Casével e Vaqueiros;Mercúrio;1.0;1.0;1.0;50.0;14;1416;141631
2026;5;Santarém;Santarém;São Vicente do Paul e Vale de Figueira;Sódio;69.0;69.0;69.0;8390.0;14;1416;141634
2026;5;Santarém;Sardoal;Santiago de Montalegre;Mercúrio;2.0;2.0;2.0;100.0;14;1417;141702
2026;5;Santarém;Tomar;Asseiceira;LED;903.0;903.0;903.0;22910.40000152588;14;1418;141802
2026;5;Santarém;Tomar;Olalhas;Sódio;7.0;7.0;7.0;490.0;14;1418;141808
2026;5;Santarém;Tomar;Paialvo;Sódio;47.0;47.0;47.0;4730.0;14;1418;141809
2026;5;Santarém;Tomar;Além da Ribeira e Pedreira;Sódio;2.0;2.0;2.0;140.0;14;1418;141817
2026;5;Santarém;Tomar;Madalena e Beselga;Outros/Não definido;10.0;10.0;10.0;45.0;14;1418;141819
2026;5;Santarém;Torres Novas;Assentiz;Sódio;240.0;240.0;240.0;19340.0;14;1419;141902
2026;5;Santarém;Torres Novas;Chancelaria;LED;530.0;526.0;530.0;21598.200004577637;14;1419;141904
2026;5;Santarém;Torres Novas;Zibreira;LED;396.0;396.0;396.0;14478.3000831604;14;1419;141916
2026;5;Santarém;Torres Novas;Zibreira;Sódio;75.0;75.0;75.0;5530.0;14;1419;141916
2026;5;Santarém;Torres Novas;Brogueira, Parceiros de Igreja e Alcorochel;LED;1122.0;1116.0;1122.0;40131.20007324219;14;1419;141918
2026;5;Santarém;Torres Novas;Brogueira, Parceiros de Igreja e Alcorochel;Outros/Não definido;7.0;6.0;6.0;445.0;14;1419;141918
2026;5;Santarém;Torres Novas;Olaia e Paço;LED;824.0;824.0;824.0;30722.0;14;1419;141919
2026;5;Santarém;Torres Novas;Olaia e Paço;Outros/Não definido;7.0;7.0;7.0;70.0;14;1419;141919
2026;5;Santarém;Vila Nova da Barquinha;Tancos;LED;162.0;137.0;162.0;5269.0;14;1420;142003
2026;5;Santarém;Ourém;Alburitel;LED;226.0;225.0;225.0;7529.200042724609;14;1421;142101
2026;5;Santarém;Ourém;Alburitel;Sódio;240.0;237.0;239.0;18080.0;14;1421;142101
2026;5;Santarém;Ourém;Espite;LED;680.0;680.0;680.0;24064.500045776367;14;1421;142105
2026;5;Santarém;Ourém;Nossa Senhora das Misericórdias;Mercúrio;67.0;58.0;66.0;3280.0;14;1421;142111
2026;5;Santarém;Ourém;Seiça;Mercúrio;27.0;25.0;25.0;1350.0;14;1421;142113
2026;5;Santarém;Ourém;Urqueira;LED;925.0;925.0;925.0;38588.20000076294;14;1421;142114
2026;5;Santarém;Ourém;Urqueira;Outros/Não definido;21.0;19.0;21.0;135.0;14;1421;142114
2026;5;Santarém;Ourém;Matas e Cercal;LED;865.0;860.0;862.0;30528.80012512207;14;1421;142121
2026;5;Santarém;Ourém;Matas e Cercal;Outros/Não definido;13.0;13.0;13.0;45.0;14;1421;142121
2026;5;Setúbal;Alcácer do Sal;Torrão;Outros/Não definido;28.0;28.0;28.0;45.0;15;1501;150104
2026;5;Setúbal;Alcochete;Samouco;LED;522.0;513.0;522.0;30182.600051879883;15;1502;150202
2026;5;Setúbal;Alcochete;São Francisco;LED;923.0;901.0;923.0;49825.10033798218;15;1502;150203
2026;5;Setúbal;Almada;Costa da Caparica;Mercúrio;44.0;42.0;44.0;5660.0;15;1503;150303
2026;5;Setúbal;Almada;Costa da Caparica;Outros/Não definido;520.0;435.0;520.0;21478.0;15;1503;150303
2026;5;Setúbal;Almada;Costa da Caparica;Sódio;2405.0;2316.0;2407.0;210840.0;15;1503;150303
2026;5;Setúbal;Barreiro;Santo António da Charneca;Mercúrio;57.0;57.0;57.0;4560.0;15;1504;150407
2026;5;Setúbal;Grândola;Azinheira dos Barros e São Mamede do Sádão;LED;599.0;602.0;598.0;19553.200134277344;15;1505;150501
2026;5;Setúbal;Grândola;Azinheira dos Barros e São Mamede do Sádão;Sódio;25.0;25.0;25.0;1870.0;15;1505;150501
2026;5;Setúbal;Grândola;Melides;LED;1505.0;1502.0;1505.0;52709.600440979004;15;1505;150503
2026;5;Setúbal;Montijo;Canha;Outros/Não definido;20.0;20.0;20.0;800.0;15;1507;150701
2026;5;Setúbal;Montijo;Atalaia e Alto Estanqueiro-Jardia;LED;93.0;91.0;93.0;4562.500011444092;15;1507;150709
2026;5;Setúbal;Montijo;Atalaia e Alto Estanqueiro-Jardia;Sódio;1649.0;1617.0;1651.0;192925.0;15;1507;150709
2026;5;Setúbal;Santiago do Cacém;Abela;Outros/Não definido;18.0;18.0;18.0;180.0;15;1509;150901
2026;5;Setúbal;Santiago do Cacém;Abela;Sódio;3.0;3.0;3.0;210.0;15;1509;150901
2026;5;Setúbal;Santiago do Cacém;Alvalade;Outros/Não definido;9.0;9.0;9.0;;15;1509;150902
2026;5;Setúbal;Santiago do Cacém;Alvalade;Sódio;1.0;1.0;1.0;70.0;15;1509;150902
2026;5;Setúbal;Santiago do Cacém;São Francisco da Serra;LED;693.0;688.0;693.0;24927.400177001953;15;1509;150910
2026;5;Setúbal;Santiago do Cacém;São Francisco da Serra;Sódio;7.0;5.0;7.0;350.0;15;1509;150910
2026;5;Setúbal;Santiago do Cacém;São Domingos e Vale de Água;Sódio;2.0;2.0;2.0;140.0;15;1509;150913
2026;5;Setúbal;Setúbal;Setúbal (São Sebastião);Mercúrio;40.0;40.0;40.0;1535.0;15;1512;151205
2026;5;Setúbal;Setúbal;Setúbal (São Sebastião);Sódio;885.0;816.0;901.0;78160.0;15;1512;151205
2026;5;Setúbal;Setúbal;Gâmbia-Pontes-Alto da Guerra;LED;2087.0;2083.0;2087.0;85553.44036483765;15;1512;151207
2026;5;Setúbal;Setúbal;Sado;Outros/Não definido;98.0;98.0;98.0;2808.0;15;1512;151208
2026;5;Setúbal;Setúbal;Sado;Sódio;84.0;82.0;84.0;9250.0;15;1512;151208
2026;5;Setúbal;Setúbal;Azeitão (São Lourenço e São Simão);Fluorescente;1.0;1.0;1.0;70.0;15;1512;151209
2026;5;Setúbal;Setúbal;S. Julião, N. S. da Anunciada e S. Maria da Graça;Iodeto Metálico;131.0;119.0;131.0;14420.0;15;1512;151210
2026;5;Setúbal;Sines;Sines;Sódio;317.0;304.0;317.0;40330.0;15;1513;151301
2026;5;Viana do Castelo;Arcos de Valdevez;Vale;LED;363.0;363.0;363.0;9288.800010681152;16;1601;160149
2026;5;Viana do Castelo;Arcos de Valdevez;Vale;Mercúrio;17.0;17.0;17.0;850.0;16;1601;160149
2026;5;Viana do Castelo;Arcos de Valdevez;Arcos de Valdevez (Salvador), Vila Fonche e Parada;Mercúrio;28.0;28.0;28.0;1800.0;16;1601;160154
2026;5;Viana do Castelo;Arcos de Valdevez;Arcos de Valdevez (Salvador), Vila Fonche e Parada;Sódio;801.0;673.0;801.0;71410.0;16;1601;160154
2026;5;Viana do Castelo;Caminha;Caminha (Matriz) e Vilarelho;Iodeto Metálico;12.0;12.0;12.0;1400.0;16;1602;160222
2026;5;Viana do Castelo;Caminha;Caminha (Matriz) e Vilarelho;Mercúrio;3.0;3.0;3.0;240.0;16;1602;160222
2026;5;Viana do Castelo;Caminha;Caminha (Matriz) e Vilarelho;Sódio;364.0;311.0;364.0;37460.0;16;1602;160222
2026;5;Viana do Castelo;Melgaço;Prado e Remoães;Iodeto Metálico;33.0;33.0;33.0;2630.0;16;1603;160322
2026;5;Viana do Castelo;Melgaço;Prado e Remoães;LED;457.0;457.0;457.0;19307.0;16;1603;160322
2026;5;Viana do Castelo;Melgaço;Prado e Remoães;Outros/Não definido;74.0;74.0;74.0;;16;1603;160322
2026;5;Viana do Castelo;Melgaço;Prado e Remoães;Sódio;60.0;60.0;60.0;7460.0;16;1603;160322
2026;5;Viana do Castelo;Monção;Trute;Outros/Não definido;7.0;7.0;7.0;270.0;16;1604;160431
2026;5;Viana do Castelo;Ponte de Lima;Anais;Mercúrio;2.0;2.0;2.0;100.0;16;1607;160701
2026;5;Viana do Castelo;Ponte de Lima;Calheiros;LED;226.0;226.0;226.0;7641.0;16;1607;160713
2026;5;Viana do Castelo;Ponte de Lima;Feitosa;Sódio;439.0;435.0;439.0;45160.0;16;1607;160719
2026;5;Setúbal;Sesimbra;Sesimbra (Santiago);Iodeto Metálico;7.0;5.0;7.0;750.0;15;1511;151102
2026;5;Setúbal;Sesimbra;Sesimbra (Santiago);Sódio;204.0;203.0;204.0;13520.0;15;1511;151102
2026;5;Setúbal;Sines;Porto Covo;Outros/Não definido;80.0;80.0;80.0;;15;1513;151302
2026;5;Viana do Castelo;Arcos de Valdevez;Aboim das Choças;LED;194.0;194.0;194.0;5561.0;16;1601;160101
2026;5;Viana do Castelo;Arcos de Valdevez;Aboim das Choças;Outros/Não definido;2.0;1.0;1.0;45.0;16;1601;160101
2026;5;Viana do Castelo;Arcos de Valdevez;Aguiã;Mercúrio;5.0;5.0;5.0;250.0;16;1601;160102
2026;5;Viana do Castelo;Arcos de Valdevez;Ázere;Sódio;19.0;19.0;19.0;1330.0;16;1601;160104
2026;5;Viana do Castelo;Arcos de Valdevez;Cabana Maior;LED;351.0;351.0;351.0;15345.0;16;1601;160105
2026;5;Viana do Castelo;Arcos de Valdevez;Cabana Maior;Mercúrio;2.0;2.0;2.0;100.0;16;1601;160105
2026;5;Viana do Castelo;Arcos de Valdevez;Cabana Maior;Sódio;12.0;12.0;12.0;1140.0;16;1601;160105
2026;5;Viana do Castelo;Arcos de Valdevez;Cendufe;Mercúrio;11.0;11.0;11.0;550.0;16;1601;160108
2026;5;Viana do Castelo;Arcos de Valdevez;Cendufe;Sódio;50.0;50.0;50.0;5380.0;16;1601;160108
2026;5;Viana do Castelo;Arcos de Valdevez;Couto;Outros/Não definido;3.0;3.0;3.0;135.0;16;1601;160109
2026;5;Viana do Castelo;Arcos de Valdevez;Couto;Sódio;38.0;38.0;38.0;2950.0;16;1601;160109
2026;5;Viana do Castelo;Arcos de Valdevez;Gondoriz;LED;444.0;444.0;444.0;14228.400024414062;16;1601;160115
2026;5;Viana do Castelo;Arcos de Valdevez;Gondoriz;Mercúrio;94.0;93.0;94.0;4980.0;16;1601;160115
2026;5;Viana do Castelo;Arcos de Valdevez;Gondoriz;Sódio;199.0;198.0;199.0;15000.0;16;1601;160115
2026;5;Viana do Castelo;Arcos de Valdevez;Miranda;Mercúrio;31.0;31.0;31.0;1550.0;16;1601;160121
2026;5;Viana do Castelo;Arcos de Valdevez;Miranda;Outros/Não definido;14.0;14.0;14.0;225.0;16;1601;160121
2026;5;Viana do Castelo;Arcos de Valdevez;Miranda;Sódio;56.0;56.0;56.0;4000.0;16;1601;160121
2026;5;Viana do Castelo;Arcos de Valdevez;Monte Redondo;Mercúrio;2.0;2.0;2.0;100.0;16;1601;160122
2026;5;Viana do Castelo;Arcos de Valdevez;Monte Redondo;Sódio;16.0;16.0;16.0;1560.0;16;1601;160122
2026;5;Viana do Castelo;Arcos de Valdevez;Oliveira;Mercúrio;22.0;22.0;22.0;1100.0;16;1601;160123
2026;5;Viana do Castelo;Arcos de Valdevez;Oliveira;Outros/Não definido;7.0;7.0;7.0;135.0;16;1601;160123
2026;5;Viana do Castelo;Arcos de Valdevez;Oliveira;Sódio;73.0;65.0;73.0;5970.0;16;1601;160123
2026;5;Viana do Castelo;Arcos de Valdevez;Paçô;Mercúrio;42.0;42.0;42.0;2100.0;16;1601;160124
2026;5;Viana do Castelo;Arcos de Valdevez;Prozelo;LED;390.0;390.0;390.0;12869.0;16;1601;160128
2026;5;Viana do Castelo;Arcos de Valdevez;Prozelo;Outros/Não definido;32.0;32.0;32.0;630.0;16;1601;160128
2026;5;Viana do Castelo;Arcos de Valdevez;Rio Frio;LED;370.0;370.0;370.0;15089.800003051758;16;1601;160130
2026;5;Viana do Castelo;Arcos de Valdevez;Rio Frio;Outros/Não definido;14.0;14.0;14.0;360.0;16;1601;160130
2026;5;Viana do Castelo;Arcos de Valdevez;Rio Frio;Sódio;115.0;111.0;115.0;10140.0;16;1601;160130
2026;5;Viana do Castelo;Arcos de Valdevez;Rio de Moinhos;Sódio;21.0;21.0;21.0;1670.0;16;1601;160131
2026;5;Viana do Castelo;Arcos de Valdevez;Sabadim;Sódio;43.0;43.0;43.0;3410.0;16;1601;160133
2026;5;Viana do Castelo;Arcos de Valdevez;Senharei;LED;150.0;150.0;150.0;5013.0;16;1601;160144
2026;5;Viana do Castelo;Arcos de Valdevez;Sistelo;Mercúrio;15.0;15.0;15.0;750.0;16;1601;160145
2026;5;Viana do Castelo;Arcos de Valdevez;Sistelo;Outros/Não definido;12.0;12.0;12.0;90.0;16;1601;160145
2026;5;Viana do Castelo;Arcos de Valdevez;Soajo;Sódio;232.0;222.0;231.0;20410.0;16;1601;160146
2026;5;Viana do Castelo;Arcos de Valdevez;Arcos de Valdevez (São Paio) e Giela;Sódio;863.0;775.0;863.0;93800.0;16;1601;160153
2026;5;Viana do Castelo;Arcos de Valdevez;Eiras e Mei;Mercúrio;40.0;40.0;40.0;2000.0;16;1601;160155
2026;5;Viana do Castelo;Arcos de Valdevez;Eiras e Mei;Outros/Não definido;23.0;23.0;23.0;1035.0;16;1601;160155
2026;5;Viana do Castelo;Arcos de Valdevez;Grade e Carralcova;LED;352.0;352.0;352.0;11458.5;16;1601;160156
2026;5;Viana do Castelo;Arcos de Valdevez;Guilhadeses e Santar;Outros/Não definido;7.0;7.0;7.0;315.0;16;1601;160157
2026;5;Viana do Castelo;Arcos de Valdevez;Jolda (Madalena) e Rio Cabrão;Mercúrio;14.0;14.0;14.0;700.0;16;1601;160158
2026;5;Viana do Castelo;Arcos de Valdevez;Padreiro (Salvador e Santa Cristina);Mercúrio;2.0;2.0;2.0;100.0;16;1601;160159
2026;5;Viana do Castelo;Arcos de Valdevez;Padreiro (Salvador e Santa Cristina);Outros/Não definido;19.0;19.0;19.0;475.0;16;1601;160159
2026;5;Viana do Castelo;Arcos de Valdevez;Portela e Extremo;Mercúrio;65.0;65.0;65.0;3250.0;16;1601;160160
2026;5;Viana do Castelo;Arcos de Valdevez;Portela e Extremo;Sódio;142.0;142.0;142.0;10240.0;16;1601;160160
2026;5;Viana do Castelo;Arcos de Valdevez;São Jorge e Ermelo;LED;488.0;488.0;488.0;14934.800003051758;16;1601;160161
2026;5;Viana do Castelo;Arcos de Valdevez;São Jorge e Ermelo;Mercúrio;21.0;21.0;21.0;1050.0;16;1601;160161
2026;5;Viana do Castelo;Arcos de Valdevez;São Jorge e Ermelo;Sódio;97.0;87.0;97.0;7150.0;16;1601;160161
2026;5;Viana do Castelo;Arcos de Valdevez;Vilela, São Cosme e São Damião e Sá;Outros/Não definido;25.0;12.0;12.0;405.0;16;1601;160164
2026;5;Viana do Castelo;Caminha;Âncora;LED;587.0;573.0;587.0;21857.40000152588;16;1602;160201
2026;5;Viana do Castelo;Caminha;Âncora;Outros/Não definido;43.0;40.0;43.0;565.0;16;1602;160201
2026;5;Viana do Castelo;Caminha;Dem;LED;215.0;215.0;215.0;7734.0;16;1602;160209
2026;5;Viana do Castelo;Caminha;Seixas;Iodeto Metálico;37.0;37.0;37.0;5550.0;16;1602;160215
2026;5;Viana do Castelo;Caminha;Vilar de Mouros;Sódio;23.0;23.0;23.0;1610.0;16;1602;160218
2026;5;Viana do Castelo;Caminha;Arga (Baixo, Cima e São João);LED;306.0;306.0;306.0;12025.0;16;1602;160221
2026;5;Viana do Castelo;Caminha;Moledo e Cristelo;LED;1098.0;1076.0;1098.0;49032.40005493164;16;1602;160224
2026;5;Viana do Castelo;Caminha;Venade e Azevedo;LED;507.0;507.0;507.0;19263.30001449585;16;1602;160225
2026;5;Viana do Castelo;Caminha;Venade e Azevedo;Outros/Não definido;17.0;17.0;17.0;315.0;16;1602;160225
2026;5;Viana do Castelo;Caminha;Venade e Azevedo;Sódio;212.0;212.0;212.0;15370.0;16;1602;160225
2026;5;Viana do Castelo;Melgaço;Alvaredo;Outros/Não definido;57.0;57.0;57.0;368.0;16;1603;160301
2026;5;Viana do Castelo;Melgaço;Cousso;Fluorescente;4.0;4.0;4.0;200.0;16;1603;160304
2026;5;Viana do Castelo;Melgaço;Cousso;Sódio;97.0;97.0;97.0;7150.0;16;1603;160304
2026;5;Viana do Castelo;Melgaço;Cristoval;Iodeto Metálico;2.0;2.0;2.0;550.0;16;1603;160305
2026;5;Viana do Castelo;Melgaço;Cristoval;LED;401.0;382.0;401.0;14182.5;16;1603;160305
2026;5;Viana do Castelo;Melgaço;Cristoval;Mercúrio;33.0;33.0;33.0;1895.0;16;1603;160305
2026;5;Viana do Castelo;Melgaço;Cristoval;Outros/Não definido;16.0;16.0;16.0;45.0;16;1603;160305
2026;5;Viana do Castelo;Melgaço;Fiães;Outros/Não definido;10.0;10.0;10.0;45.0;16;1603;160307
2026;5;Viana do Castelo;Melgaço;Gave;LED;339.0;336.0;339.0;11154.0;16;1603;160308
2026;5;Viana do Castelo;Melgaço;Paderne;Sódio;162.0;156.0;162.0;11100.0;16;1603;160311
2026;5;Viana do Castelo;Melgaço;Penso;Mercúrio;4.0;4.0;4.0;50.0;16;1603;160313
2026;5;Viana do Castelo;Melgaço;Chaviães e Paços;Sódio;88.0;88.0;88.0;6940.0;16;1603;160320
2026;5;Viana do Castelo;Melgaço;Parada do Monte e Cubalhão;Sódio;16.0;12.0;16.0;980.0;16;1603;160321
2026;5;Viana do Castelo;Melgaço;Vila e Roussas;Iodeto Metálico;231.0;208.0;231.0;30420.0;16;1603;160323
2026;5;Viana do Castelo;Melgaço;Vila e Roussas;LED;910.0;910.0;922.0;37758.60001373291;16;1603;160323
2026;5;Viana do Castelo;Monção;Abedim;Mercúrio;3.0;3.0;3.0;150.0;16;1604;160401
2026;5;Viana do Castelo;Monção;Barbeita;LED;247.0;247.0;247.0;7851.5;16;1604;160404
2026;5;Viana do Castelo;Monção;Barbeita;Mercúrio;36.0;36.0;36.0;1860.0;16;1604;160404
2026;5;Viana do Castelo;Monção;Barroças e Taias;LED;252.0;252.0;252.0;7303.0;16;1604;160405
2026;5;Viana do Castelo;Monção;Barroças e Taias;Sódio;17.0;17.0;17.0;1190.0;16;1604;160405
2026;5;Viana do Castelo;Monção;Bela;Outros/Não definido;12.0;12.0;12.0;90.0;16;1604;160406
2026;5;Viana do Castelo;Monção;Bela;Sódio;120.0;120.0;120.0;8400.0;16;1604;160406
2026;5;Viana do Castelo;Monção;Lara;Mercúrio;1.0;1.0;1.0;50.0;16;1604;160410
2026;5;Viana do Castelo;Monção;Lara;Outros/Não definido;26.0;26.0;26.0;770.0;16;1604;160410
2026;5;Viana do Castelo;Monção;Longos Vales;Sódio;173.0;173.0;173.0;12540.0;16;1604;160411
2026;5;Viana do Castelo;Monção;Moreira;Mercúrio;2.0;2.0;2.0;100.0;16;1604;160418
2026;5;Viana do Castelo;Monção;Moreira;Outros/Não definido;23.0;23.0;23.0;495.0;16;1604;160418
2026;5;Viana do Castelo;Monção;Pias;Outros/Não definido;21.0;21.0;21.0;495.0;16;1604;160420
2026;5;Viana do Castelo;Monção;Podame;Outros/Não definido;2.0;2.0;2.0;45.0;16;1604;160422
2026;5;Viana do Castelo;Monção;Portela;LED;235.0;235.0;235.0;6752.200000762939;16;1604;160423
2026;5;Viana do Castelo;Monção;Segude;Sódio;61.0;60.0;61.0;4660.0;16;1604;160427
2026;5;Viana do Castelo;Monção;Tangil;LED;208.0;208.0;208.0;7857.0;16;1604;160428
2026;5;Viana do Castelo;Monção;Tangil;Sódio;105.0;105.0;105.0;7950.0;16;1604;160428
2026;5;Viana do Castelo;Monção;Anhões e Luzio;Outros/Não definido;18.0;18.0;18.0;90.0;16;1604;160434
2026;5;Viana do Castelo;Monção;Anhões e Luzio;Sódio;4.0;4.0;4.0;280.0;16;1604;160434
2026;5;Viana do Castelo;Monção;Ceivães e Badim;LED;241.0;241.0;241.0;9494.0;16;1604;160435
2026;5;Viana do Castelo;Monção;Mazedo e Cortes;LED;1154.0;1115.0;1172.0;50376.599952697754;16;1604;160436
2026;5;Viana do Castelo;Monção;Messegães, Valadares e Sá;Mercúrio;4.0;4.0;4.0;200.0;16;1604;160437
2026;5;Viana do Castelo;Monção;Messegães, Valadares e Sá;Sódio;99.0;99.0;99.0;6930.0;16;1604;160437
2026;5;Viana do Castelo;Monção;Monção e Troviscoso;LED;706.0;689.0;706.0;29107.39998626709;16;1604;160438
2026;5;Viana do Castelo;Monção;Monção e Troviscoso;Sódio;549.0;545.0;549.0;54880.0;16;1604;160438
2026;5;Viana do Castelo;Monção;Sago, Lordelo e Parada;LED;315.0;315.0;315.0;10668.0;16;1604;160439
2026;5;Viana do Castelo;Monção;Sago, Lordelo e Parada;Mercúrio;11.0;11.0;11.0;600.0;16;1604;160439
2026;5;Viana do Castelo;Monção;Sago, Lordelo e Parada;Outros/Não definido;26.0;26.0;26.0;540.0;16;1604;160439
2026;5;Viana do Castelo;Paredes de Coura;Agualonga;LED;246.0;246.0;246.0;12037.0;16;1605;160501
2026;5;Viana do Castelo;Paredes de Coura;Coura;LED;262.0;262.0;262.0;12925.0;16;1605;160505
2026;5;Viana do Castelo;Paredes de Coura;Cunha;Sódio;5.0;5.0;5.0;350.0;16;1605;160507
2026;5;Viana do Castelo;Paredes de Coura;Infesta;LED;274.0;274.0;274.0;13456.0;16;1605;160510
2026;5;Viana do Castelo;Paredes de Coura;Infesta;Outros/Não definido;9.0;9.0;9.0;45.0;16;1605;160510
2026;5;Viana do Castelo;Paredes de Coura;Infesta;Sódio;14.0;14.0;14.0;980.0;16;1605;160510
2026;5;Viana do Castelo;Paredes de Coura;Mozelos;Sódio;8.0;8.0;8.0;560.0;16;1605;160513
2026;5;Viana do Castelo;Paredes de Coura;Romarigães;LED;244.0;244.0;244.0;12124.0;16;1605;160519
2026;5;Viana do Castelo;Paredes de Coura;Romarigães;Sódio;1.0;1.0;1.0;70.0;16;1605;160519
2026;5;Viana do Castelo;Paredes de Coura;Rubiães;LED;377.0;377.0;377.0;17683.0;16;1605;160520
2026;5;Viana do Castelo;Paredes de Coura;Rubiães;Outros/Não definido;51.0;51.0;51.0;1800.0;16;1605;160520
2026;5;Viana do Castelo;Paredes de Coura;Rubiães;Sódio;1.0;1.0;1.0;70.0;16;1605;160520
2026;5;Viana do Castelo;Paredes de Coura;Vascões;LED;253.0;253.0;253.0;12430.0;16;1605;160521
2026;5;Viana do Castelo;Paredes de Coura;Vascões;Outros/Não definido;1.0;1.0;1.0;;16;1605;160521
2026;5;Viana do Castelo;Paredes de Coura;Bico e Cristelo;LED;572.0;572.0;572.0;28200.40000152588;16;1605;160522
2026;5;Viana do Castelo;Paredes de Coura;Bico e Cristelo;Sódio;1.0;1.0;1.0;70.0;16;1605;160522
2026;5;Viana do Castelo;Paredes de Coura;Cossourado e Linhares;Outros/Não definido;10.0;10.0;10.0;45.0;16;1605;160523
2026;5;Viana do Castelo;Paredes de Coura;Formariz e Ferreira;Outros/Não definido;26.0;26.0;26.0;540.0;16;1605;160524
2026;5;Viana do Castelo;Paredes de Coura;Paredes de Coura e Resende;LED;1362.0;1327.0;1362.0;65066.0;16;1605;160526
2026;5;Viana do Castelo;Ponte de Lima;São Pedro d'Arcos;Outros/Não definido;39.0;39.0;39.0;390.0;16;1607;160703
2026;5;Viana do Castelo;Ponte de Lima;Arcozelo;LED;733.0;731.0;733.0;32287.800003051758;16;1607;160704
2026;5;Viana do Castelo;Ponte de Lima;Arcozelo;Mercúrio;37.0;37.0;37.0;2720.0;16;1607;160704
2026;5;Viana do Castelo;Ponte de Lima;Boalhosa;Sódio;65.0;65.0;65.0;4790.0;16;1607;160709
2026;5;Viana do Castelo;Ponte de Lima;Brandara;LED;139.0;139.0;139.0;5014.200004577637;16;1607;160710
2026;5;Viana do Castelo;Ponte de Lima;Calvelo;Sódio;104.0;99.0;104.0;7200.0;16;1607;160714
2026;5;Viana do Castelo;Ponte de Lima;Estorãos;Mercúrio;17.0;17.0;17.0;850.0;16;1607;160717
2026;5;Viana do Castelo;Ponte de Lima;Facha;LED;525.0;525.0;525.0;16751.40000152588;16;1607;160718
2026;5;Viana do Castelo;Ponte de Lima;Fontão;Sódio;103.0;101.0;103.0;7470.0;16;1607;160721
2026;5;Viana do Castelo;Ponte de Lima;Friastelas;Sódio;125.0;125.0;125.0;8990.0;16;1607;160724
2026;5;Viana do Castelo;Ponte de Lima;Gandra;Sódio;84.0;84.0;84.0;5960.0;16;1607;160726
2026;5;Viana do Castelo;Valença;Fontoura;Sódio;4.0;4.0;4.0;280.0;16;1608;160805
2026;5;Viana do Castelo;Valença;São Pedro da Torre;LED;574.0;573.0;574.0;21735.20001602173;16;1608;160812
2026;5;Viana do Castelo;Valença;São Pedro da Torre;Sódio;27.0;24.0;27.0;1890.0;16;1608;160812
2026;5;Viana do Castelo;Valença;Gandra e Taião;Mercúrio;4.0;4.0;4.0;200.0;16;1608;160817
2026;5;Viana do Castelo;Viana do Castelo;Darque;Mercúrio;4.0;4.0;4.0;350.0;16;1609;160911
2026;5;Viana do Castelo;Viana do Castelo;Santa Marta de Portuzelo;Mercúrio;5.0;5.0;5.0;250.0;16;1609;160928
2026;5;Viana do Castelo;Viana do Castelo;Vila de Punhe;LED;618.0;618.0;618.0;26900.60001373291;16;1609;160938
2026;5;Viana do Castelo;Viana do Castelo;Geraz do Lima (S. Maria, S. Leocádia, Moreira), Deão;Outros/Não definido;19.0;17.0;19.0;;16;1609;160943
2026;5;Viana do Castelo;Viana do Castelo;Geraz do Lima (S. Maria, S. Leocádia, Moreira), Deão;Sódio;1070.0;1063.0;1070.0;76990.0;16;1609;160943
2026;5;Viana do Castelo;Viana do Castelo;Santa Maria Maior e Monserrate e Meadela;Fluorescente;30.0;30.0;30.0;1500.0;16;1609;160948
2026;5;Viana do Castelo;Viana do Castelo;Santa Maria Maior e Monserrate e Meadela;Outros/Não definido;207.0;200.0;243.0;6380.0;16;1609;160948
2026;5;Viana do Castelo;Viana do Castelo;Santa Maria Maior e Monserrate e Meadela;Sódio;4541.0;4279.0;4541.0;430950.0;16;1609;160948
2026;5;Viana do Castelo;Vila Nova de Cerveira;Cornes;Sódio;25.0;25.0;25.0;1810.0;16;1610;161003
2026;5;Viana do Castelo;Vila Nova de Cerveira;Vila Nova de Cerveira e Lovelhe;Indução;3.0;3.0;3.0;150.0;16;1610;161019
2026;5;Viana do Castelo;Vila Nova de Cerveira;Vila Nova de Cerveira e Lovelhe;Outros/Não definido;375.0;375.0;375.0;180.0;16;1610;161019
2026;5;Viana do Castelo;Vila Nova de Cerveira;Vila Nova de Cerveira e Lovelhe;Sódio;650.0;575.0;650.0;67920.0;16;1610;161019
2026;5;Vila Real;Chaves;Santa Cruz/Trindade e Sanjurge;LED;1201.0;1184.0;1201.0;52495.5000038147;17;1703;170358
2026;5;Vila Real;Chaves;Santa Cruz/Trindade e Sanjurge;Mercúrio;1.0;1.0;1.0;80.0;17;1703;170358
2026;5;Vila Real;Chaves;Santa Cruz/Trindade e Sanjurge;Outros/Não definido;44.0;44.0;44.0;94.0;17;1703;170358
2026;5;Viana do Castelo;Ponte de Lima;Gemieira;Sódio;174.0;144.0;174.0;14640.0;16;1607;160727
2026;5;Viana do Castelo;Ponte de Lima;Gondufe;LED;198.0;198.0;198.0;6673.0;16;1607;160728
2026;5;Viana do Castelo;Ponte de Lima;Labruja;Outros/Não definido;47.0;47.0;47.0;385.0;16;1607;160729
2026;5;Viana do Castelo;Ponte de Lima;Poiares;LED;226.0;226.0;226.0;9238.400001525879;16;1607;160734
2026;5;Viana do Castelo;Ponte de Lima;Poiares;Mercúrio;27.0;27.0;27.0;1440.0;16;1607;160734
2026;5;Viana do Castelo;Ponte de Lima;Poiares;Outros/Não definido;8.0;8.0;8.0;;16;1607;160734
2026;5;Viana do Castelo;Ponte de Lima;Refóios do Lima;LED;537.0;535.0;537.0;19422.600006103516;16;1607;160737
2026;5;Viana do Castelo;Ponte de Lima;Refóios do Lima;Outros/Não definido;72.0;72.0;80.0;810.0;16;1607;160737
2026;5;Viana do Castelo;Ponte de Lima;Ribeira;Outros/Não definido;80.0;80.0;80.0;360.0;16;1607;160739
2026;5;Viana do Castelo;Ponte de Lima;Sá;LED;248.0;248.0;248.0;7569.0;16;1607;160740
2026;5;Viana do Castelo;Ponte de Lima;Sá;Mercúrio;12.0;12.0;12.0;600.0;16;1607;160740
2026;5;Viana do Castelo;Ponte de Lima;Sá;Sódio;15.0;15.0;15.0;1050.0;16;1607;160740
2026;5;Viana do Castelo;Ponte de Lima;Santa Comba;LED;194.0;194.0;194.0;6701.0;16;1607;160742
2026;5;Viana do Castelo;Ponte de Lima;Santa Comba;Mercúrio;33.0;26.0;33.0;1300.0;16;1607;160742
2026;5;Viana do Castelo;Ponte de Lima;Santa Cruz do Lima;Mercúrio;26.0;26.0;26.0;1300.0;16;1607;160743
2026;5;Viana do Castelo;Ponte de Lima;Rebordões (Santa Maria);LED;212.0;212.0;212.0;11335.400001525879;16;1607;160744
2026;5;Viana do Castelo;Ponte de Lima;Rebordões (Santa Maria);Outros/Não definido;34.0;34.0;34.0;115.0;16;1607;160744
2026;5;Viana do Castelo;Ponte de Lima;Rebordões (Santa Maria);Sódio;79.0;79.0;79.0;5670.0;16;1607;160744
2026;5;Viana do Castelo;Ponte de Lima;Seara;Sódio;42.0;42.0;42.0;2940.0;16;1607;160745
2026;5;Viana do Castelo;Ponte de Lima;Serdedelo;Mercúrio;20.0;20.0;20.0;1150.0;16;1607;160746
2026;5;Viana do Castelo;Ponte de Lima;Rebordões (Souto);LED;334.0;334.0;334.0;15617.0;16;1607;160747
2026;5;Viana do Castelo;Ponte de Lima;Rebordões (Souto);Sódio;83.0;83.0;83.0;5770.0;16;1607;160747
2026;5;Viana do Castelo;Ponte de Lima;Vitorino das Donas;LED;218.0;218.0;218.0;8352.5;16;1607;160750
2026;5;Viana do Castelo;Ponte de Lima;Vitorino das Donas;Outros/Não definido;17.0;17.0;17.0;315.0;16;1607;160750
2026;5;Viana do Castelo;Ponte de Lima;Arca e Ponte de Lima;LED;737.0;654.0;737.0;47309.00003051758;16;1607;160752
2026;5;Viana do Castelo;Ponte de Lima;Arca e Ponte de Lima;Mercúrio;199.0;199.0;199.0;10345.0;16;1607;160752
2026;5;Viana do Castelo;Ponte de Lima;Arca e Ponte de Lima;Outros/Não definido;27.0;27.0;27.0;;16;1607;160752
2026;5;Viana do Castelo;Ponte de Lima;Bárrio e Cepões;LED;205.0;205.0;205.0;9210.20000076294;16;1607;160755
2026;5;Viana do Castelo;Ponte de Lima;Bárrio e Cepões;Sódio;108.0;108.0;108.0;7730.0;16;1607;160755
2026;5;Viana do Castelo;Ponte de Lima;Cabaços e Fojo Lobal;Outros/Não definido;28.0;28.0;28.0;160.0;16;1607;160756
2026;5;Viana do Castelo;Ponte de Lima;Fornelos e Queijada;Mercúrio;24.0;24.0;24.0;1350.0;16;1607;160758
2026;5;Viana do Castelo;Ponte de Lima;Labrujó, Rendufe e Vilar do Monte;LED;133.0;133.0;133.0;5425.5;16;1607;160759
2026;5;Viana do Castelo;Ponte de Lima;Labrujó, Rendufe e Vilar do Monte;Mercúrio;38.0;38.0;38.0;1930.0;16;1607;160759
2026;5;Viana do Castelo;Ponte de Lima;Labrujó, Rendufe e Vilar do Monte;Sódio;81.0;81.0;81.0;5850.0;16;1607;160759
2026;5;Viana do Castelo;Ponte de Lima;Navió e Vitorino dos Piães;Mercúrio;5.0;5.0;5.0;280.0;16;1607;160760
2026;5;Viana do Castelo;Ponte de Lima;Navió e Vitorino dos Piães;Outros/Não definido;26.0;26.0;26.0;180.0;16;1607;160760
2026;5;Viana do Castelo;Ponte de Lima;Navió e Vitorino dos Piães;Sódio;54.0;48.0;54.0;3660.0;16;1607;160760
2026;5;Viana do Castelo;Valença;Cerdal;LED;729.0;729.0;729.0;24856.0;16;1608;160803
2026;5;Viana do Castelo;Valença;Cerdal;Outros/Não definido;21.0;21.0;21.0;585.0;16;1608;160803
2026;5;Viana do Castelo;Valença;Friestas;LED;328.0;328.0;328.0;13537.0;16;1608;160806
2026;5;Viana do Castelo;Valença;Friestas;Sódio;14.0;14.0;14.0;1120.0;16;1608;160806
2026;5;Viana do Castelo;Valença;Verdoejo;Mercúrio;3.0;3.0;3.0;150.0;16;1608;160816
2026;5;Viana do Castelo;Valença;Verdoejo;Sódio;11.0;11.0;11.0;800.0;16;1608;160816
2026;5;Viana do Castelo;Valença;Gondomil e Sanfins;LED;365.0;365.0;365.0;12123.400001525879;16;1608;160818
2026;5;Viana do Castelo;Valença;Gondomil e Sanfins;Outros/Não definido;9.0;9.0;9.0;315.0;16;1608;160818
2026;5;Viana do Castelo;Valença;São Julião e Silva;Fluorescente;1.0;1.0;1.0;50.0;16;1608;160819
2026;5;Viana do Castelo;Viana do Castelo;Afife;Sódio;97.0;89.0;97.0;7490.0;16;1609;160901
2026;5;Viana do Castelo;Viana do Castelo;Alvarães;Outros/Não definido;13.0;13.0;13.0;;16;1609;160902
2026;5;Viana do Castelo;Viana do Castelo;Alvarães;Sódio;102.0;100.0;102.0;10290.0;16;1609;160902
2026;5;Viana do Castelo;Viana do Castelo;Areosa;LED;1018.0;1015.0;1018.0;39681.59997558594;16;1609;160905
2026;5;Viana do Castelo;Viana do Castelo;Areosa;Outros/Não definido;36.0;36.0;36.0;;16;1609;160905
2026;5;Viana do Castelo;Viana do Castelo;Carreço;Outros/Não definido;2.0;2.0;2.0;90.0;16;1609;160908
2026;5;Viana do Castelo;Viana do Castelo;Freixieiro de Soutelo;Sódio;30.0;30.0;30.0;2100.0;16;1609;160914
2026;5;Viana do Castelo;Viana do Castelo;Lanheses;Outros/Não definido;7.0;7.0;7.0;;16;1609;160915
2026;5;Viana do Castelo;Viana do Castelo;Lanheses;Sódio;282.0;228.0;282.0;25200.0;16;1609;160915
2026;5;Viana do Castelo;Viana do Castelo;Montaria;LED;399.0;399.0;399.0;12799.0;16;1609;160920
2026;5;Viana do Castelo;Viana do Castelo;Mujães;LED;518.0;514.0;518.0;17622.0;16;1609;160922
2026;5;Viana do Castelo;Viana do Castelo;Mujães;Mercúrio;2.0;2.0;2.0;100.0;16;1609;160922
2026;5;Viana do Castelo;Viana do Castelo;Mujães;Outros/Não definido;19.0;19.0;19.0;495.0;16;1609;160922
2026;5;Viana do Castelo;Viana do Castelo;Mujães;Sódio;101.0;101.0;101.0;7260.0;16;1609;160922
2026;5;Viana do Castelo;Viana do Castelo;Outeiro;LED;492.0;492.0;492.0;16180.500053405762;16;1609;160925
2026;5;Viana do Castelo;Viana do Castelo;Vila Franca;LED;592.0;592.0;592.0;25126.700241088867;16;1609;160935
2026;5;Viana do Castelo;Viana do Castelo;Chafé;Mercúrio;11.0;11.0;11.0;550.0;16;1609;160940
2026;5;Viana do Castelo;Viana do Castelo;Chafé;Sódio;668.0;611.0;668.0;58530.0;16;1609;160940
2026;5;Viana do Castelo;Viana do Castelo;Barroselas e Carvoeiro;LED;1253.0;1243.0;1253.0;52719.40000152588;16;1609;160941
2026;5;Viana do Castelo;Viana do Castelo;Barroselas e Carvoeiro;Mercúrio;33.0;33.0;33.0;1850.0;16;1609;160941
2026;5;Viana do Castelo;Viana do Castelo;Barroselas e Carvoeiro;Outros/Não definido;38.0;38.0;38.0;315.0;16;1609;160941
2026;5;Viana do Castelo;Viana do Castelo;Cardielos e Serreleis;Sódio;187.0;184.0;187.0;12910.0;16;1609;160942
2026;5;Viana do Castelo;Viana do Castelo;Nogueira, Meixedo e Vilar de Murteda;LED;999.0;999.0;999.0;35234.1001663208;16;1609;160945
2026;5;Viana do Castelo;Viana do Castelo;Nogueira, Meixedo e Vilar de Murteda;Mercúrio;2.0;2.0;2.0;100.0;16;1609;160945
2026;5;Viana do Castelo;Viana do Castelo;Nogueira, Meixedo e Vilar de Murteda;Outros/Não definido;11.0;11.0;11.0;;16;1609;160945
2026;5;Viana do Castelo;Viana do Castelo;Subportela, Deocriste e Portela Susã;Outros/Não definido;2.0;2.0;2.0;;16;1609;160946
2026;5;Viana do Castelo;Viana do Castelo;Torre e Vila Mou;Outros/Não definido;3.0;3.0;3.0;;16;1609;160947
2026;5;Viana do Castelo;Vila Nova de Cerveira;Covas;LED;592.0;590.0;592.0;20548.40000152588;16;1610;161004
2026;5;Viana do Castelo;Vila Nova de Cerveira;Covas;Outros/Não definido;25.0;25.0;25.0;123.0;16;1610;161004
2026;5;Viana do Castelo;Vila Nova de Cerveira;Gondarém;Outros/Não definido;2.0;2.0;2.0;45.0;16;1610;161006
2026;5;Viana do Castelo;Vila Nova de Cerveira;Loivo;Sódio;26.0;26.0;26.0;2000.0;16;1610;161007
2026;5;Viana do Castelo;Vila Nova de Cerveira;Sapardos;Sódio;56.0;56.0;56.0;3920.0;16;1610;161012
2026;5;Viana do Castelo;Vila Nova de Cerveira;Sopo;Mercúrio;3.0;3.0;3.0;210.0;16;1610;161013
2026;5;Viana do Castelo;Vila Nova de Cerveira;Sopo;Outros/Não definido;2.0;2.0;2.0;45.0;16;1610;161013
2026;5;Viana do Castelo;Vila Nova de Cerveira;Campos e Vila Meã;Outros/Não definido;23.0;23.0;23.0;180.0;16;1610;161016
2026;5;Viana do Castelo;Vila Nova de Cerveira;Candemil e Gondar;Outros/Não definido;8.0;8.0;8.0;90.0;16;1610;161017
2026;5;Viana do Castelo;Vila Nova de Cerveira;Reboreda e Nogueira;Iodeto Metálico;2.0;2.0;2.0;200.0;16;1610;161018
2026;5;Viana do Castelo;Vila Nova de Cerveira;Reboreda e Nogueira;LED;483.0;483.0;483.0;17391.100006103516;16;1610;161018
2026;5;Vila Real;Boticas;Covas do Barroso;LED;210.0;210.0;210.0;8254.0;17;1702;170208
2026;5;Vila Real;Boticas;Dornelas;Outros/Não definido;3.0;3.0;3.0;135.0;17;1702;170210
2026;5;Vila Real;Boticas;Pinho;Sódio;8.0;8.0;8.0;620.0;17;1702;170213
2026;5;Vila Real;Boticas;Sapiãos;LED;386.0;386.0;386.0;12637.0;17;1702;170215
2026;5;Vila Real;Boticas;Alturas do Barroso e Cerdedo;Mercúrio;3.0;3.0;3.0;240.0;17;1702;170217
2026;5;Vila Real;Boticas;Codessoso, Curros e Fiães do Tâmega;Sódio;3.0;3.0;3.0;210.0;17;1702;170220
2026;5;Viana do Castelo;Ponte da Barca;Bravães;LED;322.0;322.0;322.0;13349.0;16;1606;160603
2026;5;Viana do Castelo;Ponte da Barca;Bravães;Sódio;50.0;50.0;50.0;3240.0;16;1606;160603
2026;5;Viana do Castelo;Ponte da Barca;Britelo;Sódio;116.0;114.0;114.0;8120.0;16;1606;160604
2026;5;Viana do Castelo;Ponte da Barca;Cuide de Vila Verde;Outros/Não definido;7.0;7.0;7.0;;16;1606;160606
2026;5;Viana do Castelo;Ponte da Barca;Lavradas;LED;398.0;398.0;398.0;16335.0;16;1606;160611
2026;5;Viana do Castelo;Ponte da Barca;Lavradas;Outros/Não definido;25.0;25.0;25.0;450.0;16;1606;160611
2026;5;Viana do Castelo;Ponte da Barca;Lindoso;Sódio;207.0;207.0;207.0;15510.0;16;1606;160612
2026;5;Viana do Castelo;Ponte da Barca;Oleiros;Outros/Não definido;61.0;61.0;61.0;140.0;16;1606;160614
2026;5;Viana do Castelo;Ponte da Barca;Sampriz;Sódio;32.0;32.0;32.0;2140.0;16;1606;160619
2026;5;Viana do Castelo;Ponte da Barca;Ponte da Barca, V. N. Muía, Paço Vedro Magalhães;Outros/Não definido;76.0;74.0;77.0;455.0;16;1606;160628
2026;5;Viana do Castelo;Ponte da Barca;Vila Chã (São João Baptista e Santiago);Outros/Não definido;4.0;4.0;4.0;100.0;16;1606;160630
2026;5;Vila Real;Alijó;Alijó;Outros/Não definido;14.0;14.0;14.0;;17;1701;170101
2026;5;Vila Real;Alijó;Favaios;LED;528.0;528.0;528.0;16837.600006103516;17;1701;170107
2026;5;Vila Real;Alijó;Favaios;Outros/Não definido;89.0;89.0;89.0;270.0;17;1701;170107
2026;5;Vila Real;Alijó;Pegarinhos;LED;315.0;309.0;315.0;10436.0;17;1701;170108
2026;5;Vila Real;Alijó;Pinhão;LED;284.0;284.0;284.0;9857.099876403809;17;1701;170109
2026;5;Vila Real;Alijó;São Mamede de Ribatua;LED;310.0;310.0;310.0;11110.599990844727;17;1701;170114
2026;5;Vila Real;Alijó;Vila Verde;LED;617.0;617.0;617.0;21012.80002593994;17;1701;170117
2026;5;Vila Real;Alijó;Vilar de Maçada;LED;602.0;587.0;591.0;18540.0;17;1701;170118
2026;5;Vila Real;Alijó;Vilar de Maçada;Outros/Não definido;40.0;40.0;40.0;;17;1701;170118
2026;5;Vila Real;Alijó;Castedo e Cotas;LED;334.0;334.0;334.0;12785.900005340576;17;1701;170121
2026;5;Vila Real;Alijó;Pópulo e Ribalonga;Sódio;9.0;9.0;9.0;1190.0;17;1701;170122
2026;5;Vila Real;Chaves;Águas Frias;Sódio;10.0;10.0;10.0;700.0;17;1703;170301
2026;5;Vila Real;Chaves;Bustelo;LED;279.0;279.0;279.0;10884.0;17;1703;170305
2026;5;Vila Real;Chaves;Cimo de Vila da Castanheira;LED;361.0;361.0;361.0;13270.0;17;1703;170309
2026;5;Vila Real;Chaves;Curalha;Outros/Não definido;5.0;5.0;5.0;225.0;17;1703;170310
2026;5;Vila Real;Chaves;Ervededo;Sódio;100.0;100.0;100.0;7000.0;17;1703;170312
2026;5;Vila Real;Chaves;Faiões;Sódio;19.0;19.0;19.0;1330.0;17;1703;170313
2026;5;Vila Real;Chaves;Lama de Arcos;Outros/Não definido;7.0;7.0;7.0;90.0;17;1703;170314
2026;5;Vila Real;Chaves;Lama de Arcos;Sódio;11.0;11.0;11.0;920.0;17;1703;170314
2026;5;Vila Real;Chaves;Mairos;Outros/Não definido;5.0;5.0;5.0;;17;1703;170316
2026;5;Vila Real;Chaves;Mairos;Sódio;136.0;136.0;136.0;9760.0;17;1703;170316
2026;5;Vila Real;Chaves;Moreiras;Outros/Não definido;2.0;2.0;2.0;;17;1703;170317
2026;5;Vila Real;Chaves;Nogueira da Montanha;LED;526.0;526.0;526.0;17034.0;17;1703;170318
2026;5;Vila Real;Chaves;Nogueira da Montanha;Outros/Não definido;2.0;2.0;2.0;90.0;17;1703;170318
2026;5;Vila Real;Chaves;Oura;Outros/Não definido;4.0;4.0;4.0;300.0;17;1703;170320
2026;5;Vila Real;Chaves;Oura;Sódio;169.0;169.0;169.0;12100.0;17;1703;170320
2026;5;Vila Real;Chaves;Outeiro Seco;LED;701.0;624.0;701.0;28974.0;17;1703;170321
2026;5;Vila Real;Chaves;Outeiro Seco;Outros/Não definido;142.0;142.0;142.0;180.0;17;1703;170321
2026;5;Vila Real;Chaves;Outeiro Seco;Sódio;22.0;16.0;22.0;2040.0;17;1703;170321
2026;5;Vila Real;Chaves;Paradela;LED;167.0;167.0;167.0;4878.0;17;1703;170322
2026;5;Vila Real;Chaves;Redondelo;LED;384.0;384.0;384.0;15353.0;17;1703;170324
2026;5;Vila Real;Chaves;Sanfins;LED;263.0;263.0;263.0;9611.0;17;1703;170327
2026;5;Vila Real;Chaves;Santa Leocádia;LED;345.0;345.0;345.0;10467.0;17;1703;170329
2026;5;Vila Real;Chaves;Santo António de Monforte;LED;237.0;237.0;237.0;10481.80016708374;17;1703;170330
2026;5;Vila Real;Chaves;Santo António de Monforte;Sódio;8.0;8.0;8.0;560.0;17;1703;170330
2026;5;Vila Real;Chaves;São Pedro de Agostém;LED;806.0;805.0;805.0;28304.20009613037;17;1703;170333
2026;5;Vila Real;Chaves;São Pedro de Agostém;Sódio;136.0;132.0;136.0;10600.0;17;1703;170333
2026;5;Vila Real;Chaves;Vale de Anta;Mercúrio;1.0;1.0;1.0;80.0;17;1703;170341
2026;5;Vila Real;Chaves;Vale de Anta;Outros/Não definido;9.0;9.0;9.0;90.0;17;1703;170341
2026;5;Vila Real;Chaves;Vale de Anta;Sódio;145.0;117.0;145.0;13710.0;17;1703;170341
2026;5;Vila Real;Chaves;Vilar de Nantes;LED;740.0;722.0;740.0;29968.0;17;1703;170344
2026;5;Vila Real;Chaves;Vilarelho da Raia;LED;400.0;400.0;400.0;11863.0;17;1703;170345
2026;5;Vila Real;Chaves;Vilela Seca;LED;157.0;157.0;157.0;4611.0;17;1703;170348
2026;5;Vila Real;Chaves;Vilela do Tâmega;Sódio;2.0;2.0;2.0;200.0;17;1703;170349
2026;5;Vila Real;Chaves;Planalto de Monforte (Oucidres e Bobadela);LED;253.0;253.0;253.0;8363.0;17;1703;170353
2026;5;Vila Real;Chaves;Planalto de Monforte (Oucidres e Bobadela);Outros/Não definido;10.0;10.0;10.0;;17;1703;170353
2026;5;Vila Real;Chaves;Eiras, São Julião de Montenegro e Cela;Sódio;19.0;19.0;19.0;1330.0;17;1703;170355
2026;5;Vila Real;Chaves;Calvão e Soutelinho da Raia;Sódio;114.0;114.0;114.0;7980.0;17;1703;170356
2026;5;Vila Real;Chaves;Travancas e Roriz;Outros/Não definido;4.0;4.0;4.0;135.0;17;1703;170360
2026;5;Vila Real;Chaves;Travancas e Roriz;Sódio;4.0;4.0;4.0;280.0;17;1703;170360
2026;5;Vila Real;Mesão Frio;Vila Marim;LED;614.0;614.0;614.0;19198.900115966797;17;1704;170407
2026;5;Vila Real;Mesão Frio;Vila Marim;Outros/Não definido;34.0;34.0;34.0;;17;1704;170407
2026;5;Vila Real;Mesão Frio;Vila Marim;Sódio;113.0;113.0;113.0;7910.0;17;1704;170407
2026;5;Vila Real;Montalegre;Montalegre e Padroso;Outros/Não definido;159.0;155.0;159.0;1595.0;17;1706;170638
2026;5;Vila Real;Santa Marta de Penaguião;Lobrigos (S. Miguel e S. João Baptista) e Sanhoane;LED;1328.0;1289.0;1299.0;50499.0;17;1711;171111
2026;5;Vila Real;Vila Pouca de Aguiar;Bornes de Aguiar;LED;1338.0;1338.0;1338.0;52460.69999694824;17;1713;171303
2026;5;Vila Real;Vila Pouca de Aguiar;Bornes de Aguiar;Sódio;187.0;187.0;187.0;13090.0;17;1713;171303
2026;5;Vila Real;Vila Pouca de Aguiar;Vila Pouca de Aguiar;Mercúrio;17.0;17.0;17.0;1030.0;17;1713;171314
2026;5;Vila Real;Vila Pouca de Aguiar;Sabroso de Aguiar;LED;551.0;546.0;551.0;24992.600006103516;17;1713;171317
2026;5;Vila Real;Vila Real;Folhadela;LED;258.0;255.0;258.0;12229.800003051758;17;1714;171409
2026;5;Vila Real;Vila Real;Lordelo;Outros/Não definido;124.0;124.0;124.0;;17;1714;171414
2026;5;Vila Real;Vila Real;Vila Real;LED;2995.0;2970.0;2994.0;159355.79999160767;17;1714;171438
2026;5;Vila Real;Vila Real;Vila Real;Mercúrio;10.0;10.0;10.0;970.0;17;1714;171438
2026;5;Vila Real;Vila Real;Vila Real;Sódio;1345.0;1218.0;1345.0;151760.0;17;1714;171438
2026;5;Viseu;Armamar;Armamar;LED;867.0;816.0;866.0;27398.20001602173;18;1801;180120
2026;5;Viseu;Armamar;Armamar;Mercúrio;3.0;3.0;3.0;240.0;18;1801;180120
2026;5;Viseu;Castro daire;Castro Daire;LED;2557.0;2524.0;2569.0;90925.0;18;1803;180304
2026;5;Viseu;Lamego;Várzea de Abrunhais;LED;319.0;317.0;319.0;10546.0;18;1805;180523
2026;5;Vila Real;Mesão Frio;Barqueiros;Outros/Não definido;19.0;19.0;19.0;220.0;17;1704;170401
2026;5;Vila Real;Mesão Frio;Cidadelhe;LED;6.0;6.0;6.0;253.0;17;1704;170402
2026;5;Vila Real;Mesão Frio;Cidadelhe;Sódio;126.0;126.0;126.0;8820.0;17;1704;170402
2026;5;Vila Real;Mesão Frio;Oliveira;Outros/Não definido;1.0;1.0;1.0;;17;1704;170403
2026;5;Vila Real;Montalegre;Cervos;LED;346.0;346.0;346.0;10402.0;17;1706;170603
2026;5;Vila Real;Montalegre;Cervos;Sódio;2.0;2.0;2.0;140.0;17;1706;170603
2026;5;Vila Real;Montalegre;Ferral;Sódio;58.0;58.0;58.0;4060.0;17;1706;170609
2026;5;Vila Real;Montalegre;Gralhas;Sódio;1.0;1.0;1.0;70.0;17;1706;170612
2026;5;Vila Real;Montalegre;Morgade;LED;235.0;235.0;235.0;7729.400001525879;17;1706;170616
2026;5;Vila Real;Montalegre;Salto;Outros/Não definido;12.0;12.0;12.0;;17;1706;170626
2026;5;Vila Real;Montalegre;Salto;Sódio;4.0;4.0;4.0;280.0;17;1706;170626
2026;5;Vila Real;Montalegre;Sarraquinhos;LED;301.0;301.0;301.0;9317.0;17;1706;170629
2026;5;Vila Real;Montalegre;Vila da Ponte;LED;186.0;186.0;186.0;5805.0;17;1706;170635
2026;5;Vila Real;Montalegre;Cambeses do Rio, Donões e Mourilhe;LED;395.0;395.0;395.0;11841.400001525879;17;1706;170636
2026;5;Vila Real;Montalegre;Meixedo e Padornelos;Outros/Não definido;1.0;1.0;1.0;45.0;17;1706;170637
2026;5;Vila Real;Montalegre;Viade de Baixo e Fervidelas;LED;843.0;831.0;843.0;25164.200019836426;17;1706;170642
2026;5;Vila Real;Montalegre;Viade de Baixo e Fervidelas;Outros/Não definido;13.0;13.0;13.0;180.0;17;1706;170642
2026;5;Vila Real;Murça;Candedo;LED;703.0;703.0;703.0;21863.600009918213;17;1707;170701
2026;5;Vila Real;Murça;Fiolhoso;LED;434.0;434.0;440.0;13069.800003051758;17;1707;170703
2026;5;Vila Real;Murça;Fiolhoso;Sódio;9.0;9.0;9.0;810.0;17;1707;170703
2026;5;Vila Real;Murça;Valongo de Milhais;Outros/Não definido;2.0;2.0;2.0;45.0;17;1707;170708
2026;5;Vila Real;Murça;Noura e Palheiros;LED;638.0;635.0;638.0;26450.0;17;1707;170711
2026;5;Vila Real;Peso da Régua;Loureiro;LED;525.0;523.0;525.0;14280.0;17;1708;170805
2026;5;Vila Real;Peso da Régua;Sedielos;LED;673.0;673.0;673.0;20962.600006103516;17;1708;170809
2026;5;Vila Real;Peso da Régua;Sedielos;Outros/Não definido;13.0;13.0;13.0;90.0;17;1708;170809
2026;5;Vila Real;Peso da Régua;Vilarinho dos Freires;LED;528.0;528.0;528.0;20557.40000152588;17;1708;170810
2026;5;Vila Real;Peso da Régua;Moura Morta e Vinhós;Sódio;19.0;19.0;19.0;1810.0;17;1708;170814
2026;5;Vila Real;Peso da Régua;Peso da Régua e Godim;LED;1801.0;1757.0;1807.0;82902.50020980835;17;1708;170815
2026;5;Vila Real;Sabrosa;Gouvinhas;LED;194.0;194.0;194.0;5592.0;17;1710;171004
2026;5;Vila Real;Sabrosa;Paços;Sódio;32.0;32.0;32.0;2480.0;17;1710;171007
2026;5;Vila Real;Sabrosa;Sabrosa;Outros/Não definido;54.0;54.0;54.0;;17;1710;171009
2026;5;Vila Real;Sabrosa;São Lourenço de Ribapinhão;Mercúrio;1.0;1.0;1.0;80.0;17;1710;171011
2026;5;Vila Real;Sabrosa;São Lourenço de Ribapinhão;Outros/Não definido;25.0;25.0;25.0;600.0;17;1710;171011
2026;5;Vila Real;Sabrosa;São Lourenço de Ribapinhão;Sódio;64.0;64.0;64.0;4630.0;17;1710;171011
2026;5;Vila Real;Sabrosa;Souto Maior;Sódio;7.0;7.0;7.0;490.0;17;1710;171013
2026;5;Vila Real;Sabrosa;Torre do Pinhão;Outros/Não definido;12.0;12.0;12.0;45.0;17;1710;171014
2026;5;Vila Real;Sabrosa;Torre do Pinhão;Sódio;20.0;20.0;20.0;1490.0;17;1710;171014
2026;5;Vila Real;Sabrosa;Vilarinho de São Romão;LED;220.0;220.0;220.0;8917.0;17;1710;171015
2026;5;Vila Real;Sabrosa;Provesende, Gouvães Douro, S. Cristóvão Douro;Outros/Não definido;18.0;18.0;18.0;180.0;17;1710;171016
2026;5;Vila Real;Sabrosa;São Martinho de Antas e Paradela de Guiães;Sódio;230.0;230.0;230.0;20020.0;17;1710;171017
2026;5;Vila Real;Santa Marta de Penaguião;Fontes;LED;462.0;460.0;462.0;16236.200088500977;17;1711;171103
2026;5;Vila Real;Santa Marta de Penaguião;Fontes;Sódio;58.0;58.0;58.0;4690.0;17;1711;171103
2026;5;Vila Real;Santa Marta de Penaguião;Sever;Outros/Não definido;1.0;1.0;1.0;45.0;17;1711;171110
2026;5;Vila Real;Santa Marta de Penaguião;Louredo e Fornelos;Outros/Não definido;8.0;8.0;8.0;90.0;17;1711;171112
2026;5;Vila Real;Vila Pouca de Aguiar;Soutelo de Aguiar;Outros/Não definido;2.0;2.0;2.0;45.0;17;1713;171310
2026;5;Vila Real;Vila Pouca de Aguiar;Telões;Outros/Não definido;47.0;47.0;47.0;540.0;17;1713;171311
2026;5;Vila Real;Vila Pouca de Aguiar;Vreia de Bornes;LED;447.0;444.0;446.0;17908.5;17;1713;171315
2026;5;Vila Real;Vila Pouca de Aguiar;Vreia de Bornes;Outros/Não definido;2.0;2.0;2.0;45.0;17;1713;171315
2026;5;Vila Real;Vila Pouca de Aguiar;Vreia de Jales;LED;688.0;688.0;688.0;21093.0;17;1713;171316
2026;5;Vila Real;Vila Pouca de Aguiar;Vreia de Jales;Outros/Não definido;21.0;21.0;21.0;90.0;17;1713;171316
2026;5;Vila Real;Vila Pouca de Aguiar;Vreia de Jales;Sódio;57.0;57.0;57.0;3990.0;17;1713;171316
2026;5;Vila Real;Vila Pouca de Aguiar;Alvão;Outros/Não definido;20.0;20.0;20.0;70.0;17;1713;171319
2026;5;Vila Real;Vila Pouca de Aguiar;Pensalvos e Parada de Monteiros;Iodeto Metálico;2.0;2.0;2.0;200.0;17;1713;171320
2026;5;Vila Real;Vila Pouca de Aguiar;Pensalvos e Parada de Monteiros;Outros/Não definido;3.0;3.0;3.0;45.0;17;1713;171320
2026;5;Vila Real;Vila Pouca de Aguiar;Pensalvos e Parada de Monteiros;Sódio;131.0;127.0;127.0;9290.0;17;1713;171320
2026;5;Vila Real;Vila Real;Abaças;LED;221.0;221.0;221.0;18016.0;17;1714;171401
2026;5;Vila Real;Vila Real;Abaças;Sódio;669.0;667.0;669.0;46770.0;17;1714;171401
2026;5;Vila Real;Vila Real;Andrães;Sódio;711.0;711.0;711.0;49770.0;17;1714;171403
2026;5;Vila Real;Vila Real;Guiães;LED;8.0;8.0;8.0;327.0;17;1714;171410
2026;5;Vila Real;Vila Real;Mateus;Sódio;144.0;142.0;144.0;14660.0;17;1714;171415
2026;5;Vila Real;Vila Real;Mondrões;Sódio;8.0;8.0;8.0;560.0;17;1714;171416
2026;5;Vila Real;Vila Real;Parada de Cunhos;Outros/Não definido;92.0;92.0;92.0;70.0;17;1714;171420
2026;5;Vila Real;Vila Real;Torgueda;LED;733.0;733.0;733.0;24824.40000152588;17;1714;171426
2026;5;Vila Real;Vila Real;Vila Marim;Outros/Não definido;538.0;538.0;538.0;5180.0;17;1714;171429
2026;5;Vila Real;Vila Real;Vila Marim;Sódio;51.0;51.0;51.0;3570.0;17;1714;171429
2026;5;Vila Real;Vila Real;Constantim e Vale de Nogueiras;Sódio;567.0;567.0;567.0;39770.0;17;1714;171433
2026;5;Vila Real;Vila Real;Mouçós e Lamares;Iodeto Metálico;1.0;1.0;1.0;45.0;17;1714;171434
2026;5;Vila Real;Vila Real;Mouçós e Lamares;Outros/Não definido;45.0;43.0;45.0;;17;1714;171434
2026;5;Vila Real;Vila Real;Pena, Quintã e Vila Cova;Outros/Não definido;170.0;168.0;170.0;1040.0;17;1714;171436
2026;5;Vila Real;Vila Real;São Tomé do Castelo e Justes;LED;83.0;83.0;83.0;2065.0;17;1714;171437
2026;5;Viseu;Armamar;Cimbres;Outros/Não definido;7.0;7.0;7.0;315.0;18;1801;180104
2026;5;Viseu;Armamar;Folgosa;LED;162.0;162.0;162.0;3429.0;18;1801;180106
2026;5;Vila Real;Mondim de Basto;São Cristóvão de Mondim de Basto;LED;1651.0;1620.0;1651.0;77757.5;17;1705;170505
2026;5;Vila Real;Mondim de Basto;São Cristóvão de Mondim de Basto;Outros/Não definido;41.0;41.0;41.0;180.0;17;1705;170505
2026;5;Vila Real;Mondim de Basto;Campanhó e Paradança;Outros/Não definido;1.0;1.0;1.0;;17;1705;170509
2026;5;Vila Real;Mondim de Basto;Ermelo e Pardelhas;LED;527.0;526.0;526.0;15855.0;17;1705;170510
2026;5;Vila Real;Ribeira de Pena;Alvadia;Outros/Não definido;7.0;7.0;7.0;45.0;17;1709;170901
2026;5;Vila Real;Ribeira de Pena;Alvadia;Sódio;3.0;3.0;3.0;210.0;17;1709;170901
2026;5;Vila Real;Ribeira de Pena;Santa Marinha;LED;610.0;610.0;610.0;25174.0;17;1709;170906
2026;5;Vila Real;Ribeira de Pena;Santa Marinha;Sódio;54.0;45.0;54.0;3900.0;17;1709;170906
2026;5;Vila Real;Ribeira de Pena;Cerva e Limões;Iodeto Metálico;11.0;11.0;11.0;1100.0;17;1709;170908
2026;5;Vila Real;Ribeira de Pena;Salvador e Santo Aleixo de Além-Tâmega;LED;2143.0;2118.0;2147.0;96726.90005493164;17;1709;170909
2026;5;Vila Real;Valpaços;Algeriz;Mercúrio;2.0;2.0;2.0;160.0;17;1712;171203
2026;5;Vila Real;Valpaços;Algeriz;Outros/Não definido;16.0;16.0;16.0;70.0;17;1712;171203
2026;5;Vila Real;Valpaços;Ervões;Outros/Não definido;22.0;22.0;22.0;160.0;17;1712;171209
2026;5;Vila Real;Valpaços;Fornos do Pinhal;Outros/Não definido;34.0;34.0;34.0;;17;1712;171211
2026;5;Vila Real;Valpaços;Padrela e Tazem;LED;269.0;269.0;269.0;6306.0;17;1712;171215
2026;5;Vila Real;Valpaços;Possacos;Sódio;4.0;4.0;4.0;280.0;17;1712;171216
2026;5;Vila Real;Valpaços;Rio Torto;Outros/Não definido;8.0;8.0;8.0;;17;1712;171217
2026;5;Vila Real;Valpaços;Santa Maria de Emeres;LED;257.0;257.0;257.0;6946.0;17;1712;171219
2026;5;Vila Real;Valpaços;Santiago da Ribeira de Alhariz;Outros/Não definido;4.0;4.0;4.0;;17;1712;171221
2026;5;Vila Real;Valpaços;São João da Corveira;LED;543.0;543.0;543.0;16998.600021362305;17;1712;171222
2026;5;Vila Real;Valpaços;São João da Corveira;Outros/Não definido;4.0;4.0;4.0;;17;1712;171222
2026;5;Vila Real;Valpaços;São Pedro de Veiga de Lila;LED;208.0;208.0;208.0;5584.0;17;1712;171223
2026;5;Vila Real;Valpaços;Serapicos;LED;207.0;207.0;207.0;4865.0;17;1712;171224
2026;5;Vila Real;Valpaços;Veiga de Lila;LED;176.0;176.0;176.0;4655.0;17;1712;171230
2026;5;Vila Real;Valpaços;Veiga de Lila;Sódio;3.0;3.0;3.0;210.0;17;1712;171230
2026;5;Vila Real;Valpaços;Vilarandelo;Mercúrio;4.0;4.0;4.0;320.0;17;1712;171231
2026;5;Vila Real;Valpaços;Vilarandelo;Sódio;113.0;113.0;113.0;11030.0;17;1712;171231
2026;5;Vila Real;Valpaços;Carrazedo de Montenegro e Curros;Outros/Não definido;97.0;97.0;97.0;870.0;17;1712;171232
2026;5;Vila Real;Valpaços;Lebução, Fiães e Nozelos;Sódio;3.0;3.0;3.0;210.0;17;1712;171233
2026;5;Vila Real;Valpaços;Sonim e Barreiros;Outros/Não definido;2.0;2.0;2.0;;17;1712;171234
2026;5;Vila Real;Valpaços;Sonim e Barreiros;Sódio;10.0;10.0;10.0;700.0;17;1712;171234
2026;5;Vila Real;Valpaços;Valpaços e Sanfins;Indução;7.0;7.0;7.0;630.0;17;1712;171236
2026;5;Vila Real;Valpaços;Valpaços e Sanfins;Mercúrio;29.0;29.0;29.0;2320.0;17;1712;171236
2026;5;Viseu;Armamar;Fontelo;LED;219.0;215.0;219.0;4583.5;18;1801;180107
2026;5;Viseu;Armamar;Fontelo;Outros/Não definido;9.0;9.0;9.0;;18;1801;180107
2026;5;Viseu;Armamar;Fontelo;Sódio;205.0;205.0;205.0;15730.0;18;1801;180107
2026;5;Viseu;Armamar;Queimada;LED;238.0;237.0;238.0;9414.0;18;1801;180109
2026;5;Viseu;Armamar;Queimada;Outros/Não definido;2.0;2.0;2.0;;18;1801;180109
2026;5;Viseu;Armamar;São Cosmado;LED;392.0;392.0;392.0;12362.0;18;1801;180114
2026;5;Viseu;Armamar;São Martinho das Chãs;Sódio;3.0;3.0;3.0;210.0;18;1801;180115
2026;5;Viseu;Armamar;Aricera e Goujoim;Outros/Não definido;3.0;3.0;3.0;45.0;18;1801;180121
2026;5;Viseu;Armamar;Aricera e Goujoim;Sódio;5.0;5.0;5.0;350.0;18;1801;180121
2026;5;Viseu;Armamar;São Romão e Santiago;Mercúrio;4.0;4.0;4.0;290.0;18;1801;180122
2026;5;Viseu;Castro daire;Almofala;Outros/Não definido;6.0;5.0;5.0;;18;1803;180301
2026;5;Viseu;Castro daire;Cabril;LED;494.0;491.0;494.0;17729.0;18;1803;180303
2026;5;Viseu;Castro daire;Cabril;Outros/Não definido;1.0;1.0;1.0;;18;1803;180303
2026;5;Viseu;Castro daire;Cujó;Outros/Não definido;2.0;2.0;2.0;45.0;18;1803;180305
2026;5;Viseu;Castro daire;Gosende;Outros/Não definido;10.0;2.0;2.0;45.0;18;1803;180309
2026;5;Viseu;Castro daire;Mões;Outros/Não definido;11.0;6.0;6.0;135.0;18;1803;180312
2026;5;Viseu;Castro daire;Mões;Sódio;20.0;20.0;20.0;2580.0;18;1803;180312
2026;5;Viseu;Castro daire;Moledo;LED;1058.0;1058.0;1058.0;38065.0;18;1803;180313
2026;5;Viseu;Castro daire;Monteiras;LED;409.0;406.0;409.0;14679.0;18;1803;180314
2026;5;Viseu;Castro daire;Pepim;Outros/Não definido;1.0;;;;18;1803;180317
2026;5;Viseu;Castro daire;Pinheiro;LED;437.0;435.0;435.0;14766.0;18;1803;180319
2026;5;Viseu;Castro daire;Pinheiro;Sódio;17.0;17.0;17.0;1430.0;18;1803;180319
2026;5;Viseu;Castro daire;São Joaninho;LED;226.0;226.0;226.0;8136.0;18;1803;180322
2026;5;Viseu;Castro daire;Mezio e Moura Morta;LED;354.0;354.0;354.0;12774.0;18;1803;180324
2026;5;Viseu;Castro daire;Parada de Ester e Ester;Outros/Não definido;5.0;5.0;5.0;180.0;18;1803;180325
2026;5;Viseu;Castro daire;Picão e Ermida;Sódio;5.0;5.0;5.0;500.0;18;1803;180326
2026;5;Viseu;Lamego;Avões;Outros/Não definido;8.0;8.0;8.0;225.0;18;1805;180502
2026;5;Viseu;Lamego;Cambres;LED;1014.0;1005.0;1014.0;37177.80002593994;18;1805;180505
2026;5;Viseu;Lamego;Cambres;Outros/Não definido;8.0;8.0;8.0;;18;1805;180505
2026;5;Viseu;Lamego;Cambres;Sódio;5.0;5.0;5.0;750.0;18;1805;180505
2026;5;Viseu;Lamego;Ferreiros de Avões;LED;295.0;293.0;295.0;8937.0;18;1805;180508
2026;5;Viseu;Lamego;Figueira;LED;195.0;195.0;195.0;5909.0;18;1805;180509
2026;5;Viseu;Lamego;Figueira;Outros/Não definido;8.0;8.0;8.0;225.0;18;1805;180509
2026;5;Viseu;Lamego;Penajóia;Sódio;7.0;7.0;7.0;490.0;18;1805;180516
2026;5;Viseu;Lamego;Penude;Outros/Não definido;26.0;26.0;26.0;675.0;18;1805;180517
2026;5;Viseu;Lamego;Sande;LED;367.0;367.0;367.0;10686.0;18;1805;180520
2026;5;Viseu;Mangualde;Santiago de Cassurrães e Póvoa de Cervães;LED;880.0;880.0;880.0;25491.0;18;1806;180621
2026;5;Viseu;Mangualde;Santiago de Cassurrães e Póvoa de Cervães;Mercúrio;3.0;3.0;3.0;150.0;18;1806;180621
2026;5;Viseu;Moimenta da Beira;Moimenta da Beira;Mercúrio;28.0;28.0;28.0;2975.0;18;1807;180710
2026;5;Viseu;Nelas;Canas de Senhorim;LED;1694.0;1675.0;1692.0;59337.30001068115;18;1809;180901
2026;5;Viseu;Nelas;Nelas;Mercúrio;14.0;14.0;14.0;910.0;18;1809;180903
2026;5;Viseu;Penalva do Castelo;Ínsua;LED;1177.0;1113.0;1175.0;43035.20003890991;18;1811;181105
2026;5;Viseu;Penalva do Castelo;Ínsua;Mercúrio;10.0;10.0;10.0;575.0;18;1811;181105
2026;5;Viseu;Penalva do Castelo;Ínsua;Outros/Não definido;21.0;21.0;21.0;450.0;18;1811;181105
2026;5;Viseu;Resende;Resende;Sódio;278.0;210.0;278.0;17820.0;18;1813;181311
2026;5;Viseu;Santa Comba Dão;Ovoa e Vimieiro;Outros/Não definido;14.0;10.0;10.0;360.0;18;1814;181410
2026;5;Viseu;São Pedro do Sul;Bordonhos;Mercúrio;6.0;6.0;6.0;300.0;18;1816;181602
2026;5;Viseu;São Pedro do Sul;Bordonhos;Sódio;27.0;27.0;27.0;1890.0;18;1816;181602
2026;5;Viseu;Sátão;Sátão;LED;1773.0;1709.0;1779.0;76316.30001449585;18;1817;181710
2026;5;Viseu;Lamego;Cepões, Meijinhos e Melcões;Sódio;1.0;1.0;1.0;70.0;18;1805;180527
2026;5;Viseu;Mangualde;Alcafache;Sódio;195.0;195.0;195.0;13650.0;18;1806;180602
2026;5;Viseu;Mangualde;Cunha Baixa;Mercúrio;13.0;13.0;13.0;650.0;18;1806;180605
2026;5;Viseu;Mangualde;Espinho;Mercúrio;15.0;15.0;15.0;960.0;18;1806;180606
2026;5;Viseu;Mangualde;Espinho;Outros/Não definido;16.0;13.0;13.0;315.0;18;1806;180606
2026;5;Viseu;Mangualde;Fornos de Maceira Dão;Sódio;157.0;157.0;157.0;11170.0;18;1806;180607
2026;5;Viseu;Mangualde;Quintela de Azurara;LED;472.0;470.0;470.0;17279.0;18;1806;180614
2026;5;Viseu;Mangualde;São João da Fresta;LED;238.0;238.0;238.0;6843.0;18;1806;180616
2026;5;Viseu;Mangualde;Mangualde, Mesquitela e Cunha Alta;Iodeto Metálico;1.0;1.0;1.0;80.0;18;1806;180619
2026;5;Viseu;Mangualde;Mangualde, Mesquitela e Cunha Alta;Outros/Não definido;83.0;78.0;82.0;185.0;18;1806;180619
2026;5;Viseu;Mangualde;Mangualde, Mesquitela e Cunha Alta;Sódio;1746.0;1686.0;1746.0;164280.0;18;1806;180619
2026;5;Viseu;Mangualde;Moimenta de Maceira Dão e Lobelhe do Mato;LED;290.0;290.0;290.0;9584.299964904785;18;1806;180620
2026;5;Viseu;Mangualde;Tavares (Chãs, Várzea e Travanca);Outros/Não definido;5.0;3.0;3.0;45.0;18;1806;180622
2026;5;Viseu;Moimenta da Beira;Alvite;LED;692.0;691.0;692.0;18416.0;18;1807;180702
2026;5;Viseu;Moimenta da Beira;Alvite;Sódio;2.0;2.0;2.0;120.0;18;1807;180702
2026;5;Viseu;Moimenta da Beira;Baldos;Sódio;1.0;1.0;1.0;70.0;18;1807;180705
2026;5;Viseu;Moimenta da Beira;Cabaços;Mercúrio;7.0;7.0;7.0;350.0;18;1807;180706
2026;5;Viseu;Moimenta da Beira;Caria;Outros/Não definido;1.0;1.0;1.0;;18;1807;180707
2026;5;Viseu;Moimenta da Beira;Castelo;Sódio;6.0;6.0;6.0;1320.0;18;1807;180708
2026;5;Viseu;Moimenta da Beira;Leomil;LED;875.0;827.0;875.0;31354.000003814697;18;1807;180709
2026;5;Viseu;Moimenta da Beira;Leomil;Mercúrio;6.0;6.0;6.0;300.0;18;1807;180709
2026;5;Viseu;Moimenta da Beira;Passô;LED;290.0;290.0;290.0;9924.000003814697;18;1807;180713
2026;5;Viseu;Moimenta da Beira;Passô;Sódio;5.0;5.0;5.0;350.0;18;1807;180713
2026;5;Viseu;Moimenta da Beira;Sarzedo;Sódio;1.0;1.0;1.0;70.0;18;1807;180717
2026;5;Viseu;Moimenta da Beira;Sever;Sódio;6.0;6.0;6.0;420.0;18;1807;180719
2026;5;Viseu;Moimenta da Beira;Vilar;Outros/Não definido;1.0;1.0;1.0;45.0;18;1807;180720
2026;5;Viseu;Moimenta da Beira;Vilar;Sódio;2.0;1.0;1.0;150.0;18;1807;180720
2026;5;Viseu;Moimenta da Beira;Paradinha e Nagosa;Mercúrio;5.0;5.0;5.0;400.0;18;1807;180721
2026;5;Viseu;Moimenta da Beira;Pêra Velha, Aldeia de Nacomba e Ariz;LED;464.0;464.0;464.0;14060.0;18;1807;180722
2026;5;Viseu;Moimenta da Beira;Peva e Segões;LED;601.0;601.0;601.0;17870.0;18;1807;180723
2026;5;Viseu;Nelas;Senhorim;Sódio;74.0;74.0;74.0;5240.0;18;1809;180905
2026;5;Viseu;Nelas;Vilar Seco;LED;671.0;662.0;671.0;23245.0;18;1809;180906
2026;5;Viseu;Nelas;Vilar Seco;Outros/Não definido;22.0;14.0;14.0;225.0;18;1809;180906
2026;5;Viseu;Nelas;Carvalhal Redondo e Aguieira;Sódio;159.0;159.0;159.0;9120.0;18;1809;180910
2026;5;Viseu;Nelas;Santar e Moreira;Outros/Não definido;3.0;2.0;2.0;;18;1809;180911
2026;5;Viseu;Penalva do Castelo;Castelo de Penalva;LED;1029.0;996.0;996.0;34624.0;18;1811;181102
2026;5;Viseu;Penalva do Castelo;Castelo de Penalva;Sódio;65.0;65.0;65.0;4550.0;18;1811;181102
2026;5;Viseu;Penalva do Castelo;Germil;LED;355.0;355.0;355.0;11164.0;18;1811;181104
2026;5;Viseu;Penalva do Castelo;Germil;Mercúrio;8.0;8.0;8.0;400.0;18;1811;181104
2026;5;Viseu;Penalva do Castelo;Germil;Sódio;5.0;5.0;5.0;350.0;18;1811;181104
2026;5;Viseu;Penalva do Castelo;Real;LED;216.0;216.0;216.0;7996.900005340576;18;1811;181110
2026;5;Viseu;Penalva do Castelo;Sezures;LED;526.0;526.0;526.0;16638.5;18;1811;181111
2026;5;Viseu;Penalva do Castelo;Sezures;Outros/Não definido;8.0;6.0;8.0;90.0;18;1811;181111
2026;5;Viseu;Penalva do Castelo;Trancozelos;LED;257.0;257.0;257.0;8037.0;18;1811;181112
2026;5;Viseu;Penalva do Castelo;Antas e Matela;LED;439.0;436.0;436.0;15005.0;18;1811;181114
2026;5;Viseu;Penalva do Castelo;Antas e Matela;Sódio;61.0;61.0;61.0;4210.0;18;1811;181114
2026;5;Viseu;Penalva do Castelo;Vila Cova do Covelo/Mareco;Outros/Não definido;5.0;5.0;5.0;;18;1811;181115
2026;5;Viseu;Resende;Barrô;Mercúrio;48.0;48.0;48.0;3400.0;18;1813;181302
2026;5;Viseu;Resende;Cárquere;LED;492.0;492.0;492.0;14653.0;18;1813;181303
2026;5;Viseu;Resende;Cárquere;Outros/Não definido;6.0;6.0;6.0;180.0;18;1813;181303
2026;5;Viseu;Resende;Cárquere;Sódio;5.0;5.0;5.0;405.0;18;1813;181303
2026;5;Viseu;Resende;Paus;Outros/Não definido;4.0;4.0;4.0;90.0;18;1813;181310
2026;5;Viseu;Resende;Paus;Sódio;1.0;1.0;1.0;70.0;18;1813;181310
2026;5;Viseu;Resende;São Cipriano;Mercúrio;16.0;16.0;16.0;1000.0;18;1813;181312
2026;5;Viseu;Resende;São Cipriano;Outros/Não definido;8.0;8.0;8.0;135.0;18;1813;181312
2026;5;Viseu;Resende;São João de Fontoura;LED;501.0;501.0;501.0;18431.400005340576;18;1813;181313
2026;5;Viseu;Resende;São João de Fontoura;Sódio;42.0;42.0;42.0;3985.0;18;1813;181313
2026;5;Viseu;Resende;São Martinho de Mouros;Mercúrio;67.0;67.0;67.0;5845.0;18;1813;181314
2026;5;Viseu;Resende;São Martinho de Mouros;Sódio;131.0;123.0;131.0;12830.0;18;1813;181314
2026;5;Viseu;Resende;Anreade e São Romão de Aregos;Sódio;79.0;62.0;79.0;6840.0;18;1813;181316
2026;5;Viseu;Resende;Felgueiras e Feirão;LED;295.0;292.0;292.0;5443.0;18;1813;181317
2026;5;Viseu;Resende;Freigil e Miomães;LED;419.0;415.0;419.0;11925.0;18;1813;181318
2026;5;Viseu;Resende;Freigil e Miomães;Outros/Não definido;6.0;4.0;4.0;76.0;18;1813;181318
2026;5;Viseu;Resende;Freigil e Miomães;Sódio;55.0;49.0;55.0;4310.0;18;1813;181318
2026;5;Viseu;Resende;Ovadas e Panchorra;LED;309.0;309.0;309.0;7345.0;18;1813;181319
2026;5;Viseu;Santa Comba Dão;Pinheiro de Ázere;LED;361.0;361.0;361.0;12188.0;18;1814;181403
2026;5;Viseu;Santa Comba Dão;Pinheiro de Ázere;Sódio;136.0;134.0;136.0;10430.0;18;1814;181403
2026;5;Viseu;Santa Comba Dão;São Joaninho;Mercúrio;7.0;7.0;7.0;350.0;18;1814;181405
2026;5;Viseu;Santa Comba Dão;São João de Areias;Outros/Não definido;30.0;28.0;28.0;1680.0;18;1814;181406
2026;5;Viseu;Santa Comba Dão;São João de Areias;Sódio;409.0;407.0;409.0;29630.0;18;1814;181406
2026;5;Viseu;Santa Comba Dão;Treixedo e Nagozela;Sódio;125.0;123.0;125.0;9120.0;18;1814;181412
2026;5;Viseu;Carregal do Sal;Oliveira do Conde;Sódio;4.0;4.0;8.0;200.0;18;1802;180204
2026;5;Viseu;Carregal do Sal;Parada;Outros/Não definido;1.0;1.0;1.0;;18;1802;180206
2026;5;Viseu;Carregal do Sal;Carregal do Sal;LED;2037.0;2026.0;2128.0;82346.70000076294;18;1802;180208
2026;5;Viseu;Cinfães;Cinfães;Fluorescente;19.0;19.0;19.0;950.0;18;1804;180403
2026;5;Viseu;Cinfães;Cinfães;LED;1495.0;1467.0;1500.0;52659.0000038147;18;1804;180403
2026;5;Viseu;Cinfães;Cinfães;Outros/Não definido;30.0;24.0;24.0;45.0;18;1804;180403
2026;5;Viseu;Cinfães;Cinfães;Sódio;435.0;413.0;435.0;39805.0;18;1804;180403
2026;5;Viseu;Cinfães;Espadanedo;Fluorescente;16.0;16.0;16.0;1120.0;18;1804;180404
2026;5;Viseu;Cinfães;Espadanedo;Outros/Não definido;7.0;6.0;6.0;;18;1804;180404
2026;5;Viseu;Cinfães;Ferreiros de Tendais;LED;678.0;688.0;688.0;21259.0;18;1804;180405
2026;5;Viseu;Cinfães;Ferreiros de Tendais;Mercúrio;13.0;13.0;13.0;930.0;18;1804;180405
2026;5;Viseu;Cinfães;Ferreiros de Tendais;Outros/Não definido;4.0;4.0;4.0;;18;1804;180405
2026;5;Viseu;Cinfães;Moimenta;Outros/Não definido;3.0;3.0;3.0;;18;1804;180408
2026;5;Viseu;Cinfães;Nespereira;Outros/Não definido;34.0;33.0;33.0;180.0;18;1804;180409
2026;5;Viseu;Cinfães;Oliveira do Douro;LED;848.0;475.0;481.0;29866.0;18;1804;180410
2026;5;Viseu;Cinfães;Oliveira do Douro;Mercúrio;30.0;30.0;30.0;2160.0;18;1804;180410
2026;5;Viseu;Cinfães;Oliveira do Douro;Sódio;9.0;7.0;9.0;1390.0;18;1804;180410
2026;5;Viseu;Cinfães;São Cristóvão de Nogueira;Outros/Não definido;24.0;24.0;24.0;45.0;18;1804;180413
2026;5;Viseu;Cinfães;Souselo;Outros/Não definido;68.0;68.0;70.0;135.0;18;1804;180414
2026;5;Viseu;Cinfães;Souselo;Sódio;62.0;62.0;62.0;6670.0;18;1804;180414
2026;5;Viseu;Cinfães;Tarouquela;LED;458.0;458.0;458.0;16243.0;18;1804;180415
2026;5;Viseu;Cinfães;Tarouquela;Outros/Não definido;27.0;27.0;27.0;;18;1804;180415
2026;5;Viseu;Cinfães;Tendais;LED;735.0;735.0;735.0;24186.0;18;1804;180416
2026;5;Viseu;Cinfães;Tendais;Mercúrio;24.0;24.0;24.0;1730.0;18;1804;180416
2026;5;Viseu;Cinfães;Tendais;Sódio;27.0;27.0;27.0;2350.0;18;1804;180416
2026;5;Viseu;Cinfães;Travanca;LED;536.0;536.0;536.0;18885.0;18;1804;180417
2026;5;Viseu;Cinfães;Travanca;Mercúrio;9.0;9.0;9.0;1125.0;18;1804;180417
2026;5;Viseu;Cinfães;Travanca;Sódio;17.0;17.0;17.0;1150.0;18;1804;180417
2026;5;Viseu;Cinfães;Alhões, Bustelo, Gralheira e Ramires;Outros/Não definido;3.0;3.0;3.0;45.0;18;1804;180418
2026;5;Viseu;Mortágua;Marmeleira;LED;427.0;427.0;427.0;12036.0;18;1808;180805
2026;5;Viseu;Mortágua;Pala;LED;707.0;706.0;706.0;21011.0;18;1808;180807
2026;5;Viseu;Mortágua;Pala;Sódio;8.0;8.0;8.0;560.0;18;1808;180807
2026;5;Viseu;Mortágua;Sobral;Mercúrio;1.0;1.0;1.0;50.0;18;1808;180808
2026;5;Viseu;Oliveira de Frades;Arcozelo das Maias;Outros/Não definido;27.0;27.0;27.0;785.0;18;1810;181002
2026;5;Viseu;Oliveira de Frades;Arcozelo das Maias;Sódio;23.0;23.0;23.0;1610.0;18;1810;181002
2026;5;Viseu;Oliveira de Frades;Pinheiro;Outros/Não definido;17.0;2.0;2.0;90.0;18;1810;181005
2026;5;Viseu;Oliveira de Frades;Ribeiradio;LED;799.0;774.0;774.0;31241.699951171875;18;1810;181007
2026;5;Viseu;Oliveira de Frades;Ribeiradio;Mercúrio;19.0;19.0;19.0;950.0;18;1810;181007
2026;5;Viseu;Oliveira de Frades;Ribeiradio;Sódio;57.0;57.0;57.0;3990.0;18;1810;181007
2026;5;Viseu;Oliveira de Frades;São Vicente de Lafões;LED;478.0;477.0;477.0;16929.0;18;1810;181009
2026;5;Viseu;Oliveira de Frades;Oliveira de Frades, Souto de Lafões e Sejães;Mercúrio;52.0;52.0;52.0;6840.0;18;1810;181015
2026;5;Viseu;Penedono;Beselga;Outros/Não definido;22.0;22.0;22.0;;18;1812;181202
2026;5;Viseu;Penedono;Beselga;Sódio;28.0;28.0;28.0;2570.0;18;1812;181202
2026;5;Viseu;Penedono;Castainço;Mercúrio;8.0;8.0;8.0;400.0;18;1812;181203
2026;5;Viseu;Penedono;Penela da Beira;Mercúrio;2.0;2.0;2.0;100.0;18;1812;181207
2026;5;Viseu;Penedono;Penela da Beira;Sódio;29.0;25.0;29.0;2150.0;18;1812;181207
2026;5;Viseu;Penedono;Póvoa de Penela;LED;308.0;308.0;308.0;10190.0;18;1812;181208
2026;5;Viseu;Penedono;Póvoa de Penela;Sódio;14.0;14.0;14.0;1040.0;18;1812;181208
2026;5;Viseu;Penedono;Souto;Mercúrio;2.0;2.0;2.0;100.0;18;1812;181209
2026;5;Viseu;Penedono;Souto;Sódio;10.0;10.0;10.0;540.0;18;1812;181209
2026;5;Viseu;Penedono;Antas e Ourozinho;LED;557.0;555.0;557.0;13449.70000076294;18;1812;181210
2026;5;Viseu;Penedono;Antas e Ourozinho;Mercúrio;1.0;1.0;1.0;50.0;18;1812;181210
2026;5;Viseu;Penedono;Penedono e Granja;Outros/Não definido;7.0;7.0;7.0;45.0;18;1812;181211
2026;5;Viseu;São João da Pesqueira;Castanheiro do Sul;LED;69.0;69.0;69.0;4380.0;18;1815;181501
2026;5;Viseu;São João da Pesqueira;Castanheiro do Sul;Outros/Não definido;15.0;15.0;15.0;225.0;18;1815;181501
2026;5;Viseu;São João da Pesqueira;Ervedosa do Douro;Sódio;45.0;45.0;45.0;3150.0;18;1815;181502
2026;5;Viseu;São João da Pesqueira;Paredes da Beira;Iodeto Metálico;1.0;1.0;1.0;100.0;18;1815;181505
2026;5;Viseu;São João da Pesqueira;Paredes da Beira;Mercúrio;1.0;1.0;1.0;80.0;18;1815;181505
2026;5;Viseu;São João da Pesqueira;Riodades;Mercúrio;28.0;28.0;28.0;2240.0;18;1815;181507
2026;5;Viseu;São João da Pesqueira;Soutelo do Douro;LED;268.0;268.0;268.0;7568.400001525879;18;1815;181509
2026;5;Viseu;São João da Pesqueira;Soutelo do Douro;Outros/Não definido;39.0;39.0;39.0;135.0;18;1815;181509
2026;5;Viseu;São João da Pesqueira;Soutelo do Douro;Sódio;36.0;36.0;36.0;2520.0;18;1815;181509
2026;5;Viseu;São João da Pesqueira;Vale de Figueira;Mercúrio;9.0;9.0;9.0;680.0;18;1815;181511
2026;5;Viseu;São João da Pesqueira;São João da Pesqueira e Várzea de Trevões;Mercúrio;69.0;69.0;69.0;5175.0;18;1815;181515
2026;5;Viseu;São João da Pesqueira;São João da Pesqueira e Várzea de Trevões;Outros/Não definido;74.0;74.0;74.0;90.0;18;1815;181515
2026;5;Viseu;São João da Pesqueira;São João da Pesqueira e Várzea de Trevões;Sódio;65.0;60.0;65.0;6580.0;18;1815;181515
2026;5;Viseu;São João da Pesqueira;Vilarouco e Pereiros;LED;158.0;158.0;158.0;4179.700000762939;18;1815;181517
2026;5;Viseu;São João da Pesqueira;Vilarouco e Pereiros;Mercúrio;1.0;1.0;1.0;80.0;18;1815;181517
2026;5;Viseu;São Pedro do Sul;Figueiredo de Alva;Sódio;55.0;55.0;55.0;3790.0;18;1816;181606
2026;5;Viseu;São Pedro do Sul;Manhouce;LED;686.0;686.0;686.0;19728.0;18;1816;181607
2026;5;Viseu;São Pedro do Sul;Pindelo dos Milagres;Mercúrio;11.0;11.0;11.0;550.0;18;1816;181608
2026;5;Viseu;São Pedro do Sul;Pinho;LED;493.0;493.0;493.0;17237.800003051758;18;1816;181609
2026;5;Viseu;São Pedro do Sul;Pinho;Mercúrio;60.0;60.0;60.0;3000.0;18;1816;181609
2026;5;Viseu;São Pedro do Sul;São Félix;LED;344.0;344.0;344.0;12196.0;18;1816;181612
2026;5;Viseu;São Pedro do Sul;São Félix;Mercúrio;24.0;24.0;24.0;1200.0;18;1816;181612
2026;5;Viseu;São Pedro do Sul;Serrazes;LED;628.0;624.0;628.0;22316.0;18;1816;181615
2026;5;Viseu;São Pedro do Sul;Serrazes;Mercúrio;42.0;42.0;42.0;2100.0;18;1816;181615
2026;5;Viseu;São Pedro do Sul;Sul;Mercúrio;117.0;117.0;117.0;5850.0;18;1816;181616
2026;5;Viseu;São Pedro do Sul;Sul;Outros/Não definido;26.0;16.0;16.0;;18;1816;181616
2026;5;Viseu;São Pedro do Sul;Valadares;Outros/Não definido;40.0;13.0;13.0;;18;1816;181617
2026;5;Viseu;São Pedro do Sul;Vila Maior;LED;754.0;727.0;727.0;27715.40000152588;18;1816;181619
2026;5;Viseu;São Pedro do Sul;Vila Maior;Outros/Não definido;37.0;8.0;8.0;45.0;18;1816;181619
2026;5;Viseu;São Pedro do Sul;Vila Maior;Sódio;87.0;87.0;87.0;6090.0;18;1816;181619
2026;5;Viseu;São Pedro do Sul;Carvalhais e Candal;LED;1101.0;1098.0;1101.0;36311.69998931885;18;1816;181620
2026;5;Viseu;São Pedro do Sul;Carvalhais e Candal;Mercúrio;100.0;100.0;100.0;5000.0;18;1816;181620
2026;5;Viseu;São Pedro do Sul;Carvalhais e Candal;Outros/Não definido;29.0;29.0;29.0;;18;1816;181620
2026;5;Viseu;São Pedro do Sul;Santa Cruz da Trapa e São Cristóvão de Lafões;Outros/Não definido;30.0;23.0;23.0;90.0;18;1816;181621
2026;5;Viseu;São Pedro do Sul;Santa Cruz da Trapa e São Cristóvão de Lafões;Sódio;52.0;52.0;52.0;3620.0;18;1816;181621
2026;5;Viseu;Sátão;Ferreira de Aves;LED;1855.0;1855.0;1855.0;62768.0;18;1817;181704
2026;5;Viseu;Sátão;Mioma;LED;689.0;689.0;689.0;23506.0;18;1817;181706
2026;5;Viseu;Sátão;São Miguel de Vila Boa;LED;911.0;911.0;911.0;28665.0;18;1817;181709
2026;5;Viseu;Sátão;São Miguel de Vila Boa;Outros/Não definido;10.0;10.0;10.0;90.0;18;1817;181709
2026;5;Viseu;Sátão;São Miguel de Vila Boa;Sódio;8.0;8.0;8.0;800.0;18;1817;181709
2026;5;Viseu;Tabuaço;Tabuaço;Iodeto Metálico;37.0;37.0;37.0;5250.0;18;1819;181914
2026;5;Viseu;Tabuaço;Tabuaço;Outros/Não definido;28.0;28.0;28.0;;18;1819;181914
2026;5;Viseu;Tabuaço;Tabuaço;Sódio;77.0;77.0;77.0;9400.0;18;1819;181914
2026;5;Viseu;Tarouca;Tarouca e Dálvares;Outros/Não definido;23.0;13.0;23.0;180.0;18;1820;182013
2026;5;Viseu;Tondela;Guardão;Mercúrio;117.0;117.0;117.0;6300.0;18;1821;182108
2026;5;Viseu;Tondela;Guardão;Sódio;100.0;100.0;100.0;7920.0;18;1821;182108
2026;5;Viseu;Tondela;Tondela e Nandufe;LED;2044.0;1897.0;2042.0;92221.99984359741;18;1821;182132
2026;5;Viseu;Tondela;Tondela e Nandufe;Mercúrio;2.0;2.0;2.0;275.0;18;1821;182132
2026;5;Viseu;Tondela;Tondela e Nandufe;Outros/Não definido;14.0;14.0;14.0;285.0;18;1821;182132
2026;5;Viseu;Tondela;Tondela e Nandufe;Sódio;221.0;214.0;221.0;19090.0;18;1821;182132
2026;5;Viseu;Viseu;Abraveses;LED;1751.0;1502.0;1749.0;104854.20022201538;18;1823;182301
2026;5;Viseu;Viseu;Fragosela;LED;924.0;914.0;921.0;40844.30005264282;18;1823;182315
2026;5;Viseu;Viseu;Fragosela;Mercúrio;22.0;22.0;22.0;1100.0;18;1823;182315
2026;5;Viseu;Viseu;Fragosela;Sódio;93.0;90.0;93.0;8060.0;18;1823;182315
2026;5;Viseu;Viseu;Fail e Vila Chã de Sá;Sódio;212.0;208.0;212.0;17800.0;18;1823;182338
2026;5;Viseu;Viseu;Viseu;LED;5505.0;4690.0;5552.0;339479.7007141113;18;1823;182341
2026;5;Viseu;Viseu;Viseu;Outros/Não definido;592.0;581.0;591.0;96.30000305175781;18;1823;182341
2026;5;Viseu;Vouzela;Fataunços e Figueiredo das Donas;LED;779.0;779.0;779.0;16735.0;18;1824;182414
2026;5;Viseu;Vouzela;Vouzela e Paços de Vilharigues;Outros/Não definido;62.0;50.0;50.0;540.0;18;1824;182415
2026;5;Viseu;Sátão;Romãs, Decermilo e Vila Longa;Outros/Não definido;2.0;2.0;2.0;90.0;18;1817;181714
2026;5;Viseu;Tabuaço;Adorigo;Outros/Não definido;2.0;2.0;2.0;45.0;18;1819;181901
2026;5;Viseu;Tabuaço;Arcos;Outros/Não definido;1.0;1.0;1.0;45.0;18;1819;181902
2026;5;Viseu;Tabuaço;Chavães;LED;218.0;216.0;218.0;13741.0;18;1819;181904
2026;5;Viseu;Tabuaço;Chavães;Mercúrio;1.0;1.0;1.0;80.0;18;1819;181904
2026;5;Viseu;Tabuaço;Chavães;Outros/Não definido;3.0;3.0;3.0;90.0;18;1819;181904
2026;5;Viseu;Tabuaço;Granja do Tedo;LED;156.0;156.0;156.0;13897.100311279297;18;1819;181906
2026;5;Viseu;Tabuaço;Longa;Iodeto Metálico;6.0;6.0;6.0;600.0;18;1819;181908
2026;5;Viseu;Tabuaço;Sendim;Sódio;13.0;13.0;13.0;1630.0;18;1819;181913
2026;5;Viseu;Tabuaço;Barcos e Santa Leocádia;LED;349.0;349.0;349.0;11109.0;18;1819;181918
2026;5;Viseu;Tabuaço;Paradela e Granjinha;LED;129.0;129.0;129.0;1965.0;18;1819;181919
2026;5;Viseu;Tabuaço;Paradela e Granjinha;Outros/Não definido;3.0;3.0;3.0;45.0;18;1819;181919
2026;5;Viseu;Tabuaço;Távora e Pereiro;LED;269.0;269.0;269.0;7465.400001525879;18;1819;181921
2026;5;Viseu;Tarouca;Mondim da Beira;LED;428.0;425.0;428.0;11483.0;18;1820;182004
2026;5;Viseu;Tarouca;Salzedas;Mercúrio;2.0;2.0;2.0;160.0;18;1820;182005
2026;5;Viseu;Tarouca;Gouviães e Ucanha;LED;473.0;470.0;473.0;13559.300006866455;18;1820;182011
2026;5;Viseu;Tarouca;Granja Nova e Vila Chã da Beira;LED;307.0;306.0;307.0;10130.30004119873;18;1820;182012
2026;5;Viseu;Tondela;Campo de Besteiros;Outros/Não definido;3.0;3.0;3.0;133.0;18;1821;182102
2026;5;Viseu;Tondela;Canas de Santa Maria;Mercúrio;9.0;9.0;9.0;450.0;18;1821;182103
2026;5;Viseu;Tondela;Castelões;LED;1088.0;1085.0;1088.0;34048.49995422363;18;1821;182105
2026;5;Viseu;Tondela;Castelões;Mercúrio;2.0;2.0;2.0;100.0;18;1821;182105
2026;5;Viseu;Tondela;Castelões;Outros/Não definido;6.0;4.0;4.0;83.0;18;1821;182105
2026;5;Viseu;Tondela;Dardavaz;LED;771.0;769.0;771.0;25745.99981689453;18;1821;182106
2026;5;Viseu;Tondela;Dardavaz;Sódio;71.0;65.0;71.0;4950.0;18;1821;182106
2026;5;Viseu;Tondela;Ferreirós do Dão;Sódio;4.0;4.0;4.0;240.0;18;1821;182107
2026;5;Viseu;Tondela;Lajeosa do Dão;Iodeto Metálico;6.0;2.0;6.0;300.0;18;1821;182109
2026;5;Viseu;Tondela;Lajeosa do Dão;LED;824.0;822.0;824.0;27144.699863433838;18;1821;182109
2026;5;Viseu;Tondela;Lajeosa do Dão;Sódio;157.0;156.0;157.0;14200.0;18;1821;182109
2026;5;Viseu;Tondela;Lobão da Beira;LED;550.0;548.0;550.0;19403.399795532227;18;1821;182110
2026;5;Viseu;Tondela;Lobão da Beira;Sódio;32.0;32.0;32.0;2240.0;18;1821;182110
2026;5;Viseu;Tondela;Molelos;LED;1452.0;1380.0;1452.0;59815.40000915527;18;1821;182111
2026;5;Viseu;Tondela;Molelos;Outros/Não definido;8.0;4.0;4.0;45.0;18;1821;182111
2026;5;Viseu;Tondela;Santiago de Besteiros;Mercúrio;14.0;11.0;14.0;625.0;18;1821;182118
2026;5;Viseu;Tondela;Tonda;Outros/Não definido;5.0;3.0;3.0;;18;1821;182122
2026;5;Viseu;Tondela;Barreiro de Besteiros e Tourigo;Fluorescente;4.0;4.0;4.0;200.0;18;1821;182127
2026;5;Viseu;Tondela;Barreiro de Besteiros e Tourigo;Mercúrio;13.0;10.0;13.0;650.0;18;1821;182127
2026;5;Viseu;Tondela;Caparrosa e Silvares;Outros/Não definido;4.0;3.0;3.0;45.0;18;1821;182128
2026;5;Viseu;Tondela;São João do Monte e Mosteirinho;Outros/Não definido;2.0;2.0;2.0;;18;1821;182130
2026;5;Viseu;Tondela;São Miguel do Outeiro e Sabugosa;LED;861.0;859.0;873.0;29022.499671936035;18;1821;182131
2026;5;Viseu;Tondela;São Miguel do Outeiro e Sabugosa;Mercúrio;2.0;1.0;2.0;50.0;18;1821;182131
2026;5;Viseu;Tondela;Vilar de Besteiros e Mosteiro de Fráguas;LED;1048.0;1027.0;1045.0;33328.3999671936;18;1821;182133
2026;5;Viseu;Viseu;Bodiosa;Mercúrio;7.0;7.0;7.0;200.0;18;1823;182304
2026;5;Viseu;Viseu;Cavernães;LED;937.0;926.0;936.0;32183.100036621094;18;1823;182307
2026;5;Viseu;Viseu;Cavernães;Sódio;112.0;105.0;112.0;8070.0;18;1823;182307
2026;5;Viseu;Viseu;Cota;Outros/Não definido;13.0;11.0;11.0;;18;1823;182310
2026;5;Viseu;Viseu;Cota;Sódio;93.0;89.0;93.0;7270.0;18;1823;182310
2026;5;Viseu;Viseu;Lordosa;LED;1107.0;1066.0;1102.0;38086.600006103516;18;1823;182316
2026;5;Viseu;Viseu;Lordosa;Outros/Não definido;23.0;22.0;22.0;;18;1823;182316
2026;5;Viseu;Viseu;Lordosa;Sódio;224.0;222.0;224.0;13520.0;18;1823;182316
2026;5;Viseu;Viseu;Silgueiros;LED;1519.0;1516.0;1516.0;44499.600036621094;18;1823;182317
2026;5;Viseu;Viseu;Silgueiros;Outros/Não definido;19.0;14.0;14.0;75.0;18;1823;182317
2026;5;Viseu;Viseu;Silgueiros;Sódio;170.0;170.0;170.0;13320.0;18;1823;182317
2026;5;Viseu;Viseu;Mundão;LED;1083.0;1071.0;1083.0;41243.600025177;18;1823;182318
2026;5;Viseu;Viseu;Ribafeita;Mercúrio;4.0;4.0;4.0;260.0;18;1823;182322
2026;5;Viseu;Viseu;Santos Evos;Mercúrio;2.0;2.0;2.0;100.0;18;1823;182325
2026;5;Viseu;Viseu;Santos Evos;Outros/Não definido;19.0;16.0;16.0;90.0;18;1823;182325
2026;5;Viseu;Viseu;São João de Lourosa;LED;1772.0;1718.0;1764.0;73687.7000541687;18;1823;182327
2026;5;Viseu;Viseu;São Pedro de France;Mercúrio;56.0;56.0;56.0;2800.0;18;1823;182329
2026;5;Viseu;Viseu;Barreiros e Cepões;LED;1130.0;1123.0;1129.0;35299.30001068115;18;1823;182335
2026;5;Viseu;Viseu;Barreiros e Cepões;Mercúrio;15.0;15.0;15.0;750.0;18;1823;182335
2026;5;Viseu;Viseu;Boa Aldeia, Farminhão e Torredeita;Mercúrio;4.0;4.0;4.0;200.0;18;1823;182336
2026;5;Viseu;Viseu;Coutos de Viseu;Outros/Não definido;22.0;18.0;24.0;;18;1823;182337
2026;5;Viseu;Viseu;Coutos de Viseu;Sódio;77.0;73.0;77.0;5570.0;18;1823;182337
2026;5;Viseu;Viseu;São Cipriano e Vil de Souto;Fluorescente;1.0;1.0;1.0;50.0;18;1823;182340
2026;5;Viseu;Viseu;São Cipriano e Vil de Souto;Sódio;131.0;131.0;131.0;9560.0;18;1823;182340
2026;5;Viseu;Vouzela;Campia;LED;1459.0;1459.0;1459.0;29926.0;18;1824;182403
2026;5;Viseu;Vouzela;Campia;Outros/Não definido;64.0;55.0;55.0;225.0;18;1824;182403
2026;5;Viseu;Vouzela;São Miguel do Mato;Outros/Não definido;14.0;2.0;2.0;45.0;18;1824;182410
2026;5;Viseu;Vouzela;Ventosa;Outros/Não definido;11.0;11.0;11.0;180.0;18;1824;182411
2026;5;Viseu;Vouzela;Cambra e Carvalhal de Vermilhas;Outros/Não definido;39.0;13.0;13.0;45.0;18;1824;182413
2026;5;Viseu;Sernancelhe;Arnas;LED;192.0;192.0;192.0;5709.0;18;1818;181801
2026;5;Viseu;Sernancelhe;Carregal;LED;427.0;427.0;427.0;14836.200012207031;18;1818;181802
2026;5;Viseu;Sernancelhe;Carregal;Outros/Não definido;2.0;2.0;2.0;;18;1818;181802
2026;5;Viseu;Sernancelhe;Granjal;LED;249.0;249.0;249.0;7818.0;18;1818;181810
2026;5;Viseu;Sernancelhe;Lamosa;LED;31.0;31.0;31.0;924.0;18;1818;181811
2026;5;Viseu;Sernancelhe;Lamosa;Outros/Não definido;2.0;2.0;2.0;90.0;18;1818;181811
2026;5;Viseu;Sernancelhe;Quintela;LED;275.0;275.0;275.0;8686.0;18;1818;181814
2026;5;Viseu;Sernancelhe;Vila da Ponte;Outros/Não definido;22.0;22.0;22.0;;18;1818;181817
2026;5;Viseu;Sernancelhe;Fonte Arcada e Escurquela;LED;370.0;367.0;372.0;11019.0;18;1818;181819
2026;5;Viseu;Vila Nova de Paiva;Pendilhe;Outros/Não definido;3.0;3.0;3.0;295.0;18;1822;182203
2026;5;Viseu;Vila Nova de Paiva;Queiriga;LED;575.0;575.0;575.0;12349.0;18;1822;182204
2026;5;Viseu;Vila Nova de Paiva;Queiriga;Outros/Não definido;4.0;4.0;4.0;180.0;18;1822;182204
2026;5;Viseu;Vila Nova de Paiva;Touro;Outros/Não definido;6.0;6.0;6.0;;18;1822;182205
2026;5;Viseu;Vila Nova de Paiva;Touro;Sódio;2.0;2.0;2.0;140.0;18;1822;182205
2026;5;Viseu;Vila Nova de Paiva;Vila Nova de Paiva, Alhais e Fráguas;Sódio;117.0;103.0;117.0;9865.0;18;1822;182208
